,Avg T,Min T,Climate Zone,PLZ,Place,Lat,Lng
0,3.0,-14,11,78267,"Aach, Hegau",47.8432211,8.8526869
1,8.1,-12,5,52062,Aachen,50.7780476,6.0887682
2,7.9,-16,13,73430,"Aalen, Württ.",48.84786339999999,10.0821945
3,8.1,-12,5,59227,"Ahlen, Westf.",51.7891354,7.8843043
4,8.5,-12,3,38707,Ahrensberg,51.8214467,10.4581076
5,6.8,-12,6,58762,"Altena, Westf.",51.2752109,7.658575000000001
6,6.8,-12,6,55232,Alzey,49.7459852,8.0997494
7,7.9,-16,13,92224,"Amberg, Oberpf.",49.44217099999999,11.837768400000002
8,8.8,-12,7,56626,Andernach,50.436848,7.3533421999999975
9,9.5,-12,4,17389,Anklam,53.8392931,13.672886199999999
10,3.0,-16,11,9456,Annaberg-Buchholz,49.882949100000005,6.256493499999999
11,7.9,-16,13,91522,"Ansbach, Mittelfr.",49.29993229999999,10.5595763
12,7.9,-14,9,99510,Apolda,51.011083299999996,11.500439199999999
13,6.8,-12,6,59821,Arnsberg,51.374312100000004,8.066182099999999
14,7.9,-14,9,99310,Arnstadt,50.8100961,10.9640913
15,6.8,-12,6,63741,Aschaffenburg,49.9951707,9.115508
16,9.5,-14,4,6449,"Aschersleben, Sachs.-Anh.",51.7793089,11.4729835
17,6.3,-16,10,8280,Aue,50.5943135,12.706180400000001
18,6.3,-16,10,8209,Auerbach/Vogtl.,50.48230220000001,12.432223599999999
19,7.9,-14,13,86150,Augsburg,48.3656729,10.894266199999999
20,7.9,-16,13,88326,"Aulendorf, Württ.",47.9426576,9.6556921
21,10.2,-12,12,71522,Backnang,48.9489037,9.433109
22,10.2,-12,12,76530,Baden-Baden,48.7581482,8.2223291
23,10.2,-14,12,79410,Badenweiler,47.8015883,7.6721059999999985
24,7.9,-16,13,96047,Bamberg,49.891843200000004,10.892610699999999
25,6.3,-16,10,2625,Bautzen,51.181586700000004,14.4230008
26,7.9,-16,13,95444,Bayreuth,49.94255510000001,11.574454300000001
27,8.1,-12,5,59269,"Beckum, Westf.",51.7667636,8.056958
28,6.8,-14,6,64743,"Beerfelden, Odenw.",49.5676213,8.9737975
29,8.1,-12,5,51429,Bensberg b. Bergisch Gladb.,50.968061,7.2024025
30,10.2,-10,12,64625,Bensheim (Bensheim-Auerbach),49.6870434,8.628856400000002
31,6.8,-16,15,83471,Berchtesgaden,47.6332078,13.0517059
32,8.4,-10,2,18528,Bergen/Rügen,54.411739100000005,13.425852599999999
33,6.8,-12,6,51427,Bergisch-Gladbach,50.95699639999999,7.126777099999999
34,6.8,-12,6,76887,"Bergzabern, Bad",49.10350510000001,7.999198599999999
35,9.5,-14,4,10117,Berlin,52.5155098,13.3847539
36,9.5,-14,4,16321,Bernau b. Berlin,52.6874845,13.567276500000002
37,9.5,-14,4,6406,Bernburg/Saale,51.780499799999994,11.781959
38,8.8,-10,7,54470,Bernkastel-Kues,49.9168321,7.0645656
39,6.8,-12,6,66802,"Berus, Überherrn",49.2433484,6.6981115
40,7.9,-16,13,88400,"Biberach, Riss",48.0897213,9.8079239
41,8.8,-12,7,35216,Biedenkopf,50.9315987,8.5183866
42,6.8,-12,6,33602,Bielefeld,52.0230903,8.5337526
43,10.2,-12,12,55411,"Bingen, Rhein",49.943702200000004,7.922532899999998
44,6.8,-14,6,55765,"Birkenfeld, Nahe",49.64293370000001,7.173556899999999
45,9.5,-14,4,6749,Bitterfeld,51.6209581,12.3393561
46,8.5,-14,3,38889,Blankenburg/Harz,51.7868484,10.950987
47,8.8,-14,7,56865,Blankenrath,50.0323575,7.280138000000001
48,8.1,-10,5,46395,Bocholt,51.826685299999994,6.5876199999999985
49,8.1,-10,5,44787,Bochum,51.481339399999996,7.2168733
50,8.1,-12,5,59075,Bockum-Hövel,51.71298789999999,7.752975099999999
51,10.2,-14,12,71034,Böblingen,48.6762593,8.9773145
52,8.1,-10,5,53111,Bonn,50.7419457,7.0950367
53,9.0,-10,1,26757,Borkum,53.587621999999996,6.6704003
54,9.5,-14,4,4552,Borna b. Leipzig,51.1304093,12.493046099999999
55,9.5,-16,4,6571,"Bottenweiler, Post Zumhaus (Wörnitz)",51.2886317,11.371145599999998
56,8.1,-10,5,46236,Bottrop,51.5267424,6.9243806
57,9.5,-14,4,14770,Brandenburg/Havel,52.408629,12.5172319
58,8.5,-14,3,38100,Braunschweig,52.2630024,10.521431399999999
59,8.5,-12,3,28195,Bremen,53.083899699999996,8.804491699999998
60,9.0,-10,1,27568,Bremerhaven,53.5660014,8.566356899999999
61,8.5,-12,3,27432,Bremervörde,53.498071200000005,9.1134911
62,6.8,-14,6,59929,Brilon,51.4113167,8.584110800000001
63,8.5,-16,3,27386,"Brockel, Kr. Rotenburg",53.066643400000004,9.4835203
64,10.2,-12,12,76646,Bruchsal,49.106422200000004,8.5933513
65,8.1,-10,5,50321,"Brühl, Rheinl.",50.82040869999999,6.875325599999999
66,7.9,-14,13,74722,"Buchen, Odenw.",49.4978047,9.342153
67,9.5,-14,4,39288,Burg b. Magdeburg,52.2978506,11.871638
68,7.9,-16,13,96152,Burghaslach,49.7344614,10.534869
69,8.1,-10,5,44575,Castrop-Rauxel,51.5458031,7.3062409000000015
70,8.5,-12,3,29221,Celle,52.613917,10.082132199999998
71,7.9,-14,9,9111,Chemnitz,50.836523299999996,12.923931699999999
72,6.8,-14,6,38674,Clausthal-Zellerfeld,51.808006299999995,10.340707
73,7.9,-14,13,96450,Coburg,50.255697999999995,10.955081800000002
74,8.1,-10,5,48653,Coesfeld,51.909747700000004,7.1636948999999985
75,9.5,-14,4,6869,Coswig,51.938105799999995,12.430546699999999
76,9.5,-16,4,3042,Cottbus,51.762366,14.3586935
77,7.9,-16,13,74564,Crailsheim,49.1411309,10.049320800000002
78,6.3,-14,10,8451,Crimmitschau,50.8073347,12.3475959
79,9.0,-10,1,27472,Cuxhaven,53.8552071,8.707385400000001
80,7.9,-16,13,85221,Dachau,48.2579001,11.452981
81,10.2,-12,12,64283,Darmstadt,49.8695282,8.6506852
82,8.1,-12,5,45711,Datteln,51.6555326,7.3284164999999994
83,9.5,-14,4,4509,Delitzsch,51.5233472,12.302955099999998
84,8.5,-12,3,27749,Delmenhorst,53.0472662,8.640136
85,9.5,-14,4,6842,Dessau,51.818051700000005,12.2418011
86,6.8,-12,6,32756,Detmold,51.93692249999999,8.8682321
87,6.3,-12,10,35683,Dillenburg,50.7445501,8.2799788
88,7.9,-16,13,89407,"Dillingen, Donau",48.56975569999999,10.523484300000002
89,8.1,-10,5,46539,Dinslaken,51.58175259999999,6.7971765999999985
90,9.5,-14,4,4720,Döbeln,51.134317200000005,13.1272418
91,8.1,-10,5,46282,Dorsten,51.651000399999994,6.968923299999998
92,8.1,-12,5,44135,Dortmund,51.5126773,7.4749694
93,9.5,-14,4,1067,Dresden,51.05754959999999,13.717064800000001
94,6.8,-12,6,66125,"Dudweiler, Saar",49.2790209,7.0250556999999985
95,8.1,-10,5,41751,Dülken,51.25004089999999,6.320657700000001
96,8.1,-12,5,48249,Dülmen,51.8579795,7.313875500000001
97,8.1,-12,5,52349,Düren,50.804453,6.4701808
98,8.1,-10,5,40210,Düsseldorf,51.222528600000004,6.787720299999998
99,8.1,-10,5,47051,Duisburg,51.43280479999999,6.7708325
100,9.5,-14,4,16225,Eberswalde-Finow,52.8349072,13.798441
101,6.8,-18,14,72458,Ebingen (Albstadt),48.2136917,9.0234631
102,8.4,-10,2,24340,Eckernförde,54.4407797,9.8227146
103,9.0,-12,1,26169,Edewechterdamm (Friesoythe),53.0232723,7.858544299999998
104,9.5,-14,4,4838,Eilenburg,51.486900399999996,12.641198199999998
105,8.8,-16,7,37574,Einbeck,51.8400755,9.8768862
106,8.8,-16,7,99817,Eisenach,50.985664299999996,10.314459900000001
107,9.5,-16,4,15890,Eisenhüttenstadt,52.1650348,14.5609926
108,9.5,-14,4,6295,Eisleben,51.55200259999999,11.611445300000002
109,7.9,-16,13,73479,"Ellwangen, Jagst",48.9671719,10.171149400000001
110,9.0,-12,1,25335,Elmshorn,53.754342099999995,9.6058804
111,8.1,-12,5,50189,"Elsdorf, Rheinl.",50.922257200000004,6.5595738
112,9.0,-10,1,26721,Emden,53.3808252,7.206778599999999
113,8.1,-12,5,56130,"Ems, Bad",50.3505119,7.722754400000001
114,8.1,-12,5,48282,Emsdetten,52.1749328,7.522652899999999
115,6.8,-10,6,51766,Engelskirchen,50.975573499999996,7.4167285000000005
116,6.8,-12,6,58256,Ennepetal,51.2732165,7.362174
117,7.9,-14,9,99084,Erfurt,50.9754314,11.0261851
118,7.9,-16,13,91052,Erlangen,49.5890363,11.0118679
119,6.0,-14,8,37269,Eschwege,51.177827,10.0485055
120,8.1,-12,5,52249,"Eschweiler, Rheinl.",50.8235705,6.263640799999999
121,8.1,-10,5,45127,Essen,51.455619399999996,7.010454299999999
122,7.9,-14,13,73728,Esslingen am Neckar,48.73840560000001,9.3081095
123,10.2,-12,12,76275,Ettlingen,48.9276926,8.3989213
124,8.1,-12,5,53879,Euskirchen,50.6533185,6.7887651999999985
125,8.5,-10,3,23701,Eutin,54.10457599999999,10.655405
126,9.5,-14,4,14612,Falkensee,52.5696551,13.0751666
127,3.0,-18,11,79868,"Feldberg, Schwarzwald",47.8589626,8.037000299999999
128,6.3,-16,10,61389,Feldberg (Schmitten = Taunus),50.2593205,8.434718199999999
129,10.2,-12,12,70734,"Fellbach, Württ.",48.8053415,9.2875041
130,6.3,-16,10,95686,"Fichtelberg, Oberfr.",49.9993907,11.851073699999999
131,9.5,-16,4,3238,Finsterwalde,51.59657429999999,13.7428165
132,8.5,-10,3,24937,Flensburg,54.7849139,9.430703999999999
133,6.3,-16,10,91301,"Forchheim, Oberfr.",49.7248791,11.075837199999999
134,9.5,-16,4,3149,Forst/Lausitz,51.7307002,14.576816800000001
135,10.2,-12,12,67227,"Frankenthal, Pfalz",49.5431853,8.3512342
136,10.2,-12,12,60311,Frankfurt/Main,50.1100897,8.6822492
137,9.5,-16,4,15230,Frankfurt/Oder,52.3367474,14.5552348
138,8.1,-10,5,50226,Frechen,50.908938299999996,6.792099400000001
139,6.3,-16,10,9599,Freiberg,50.90938629999999,13.3291918
140,10.2,-12,12,79100,Freiburg i. Br.,47.9685863,7.8519788
141,7.9,-16,13,85354,Freising,48.394873700000005,11.6949987
142,8.1,-14,5,1705,Freital,51.0002571,13.6401737
143,6.8,-16,14,72250,Freudenstadt,48.4619789,8.4116631
144,7.9,-12,13,88045,Friedrichshafen,47.64098370000001,9.4531594
145,7.9,-16,13,82256,Fürstenfeldbruck,48.17870689999999,11.23683
146,9.5,-14,4,15517,Fürstenwalde/Spree,52.3680179,14.0594725
147,7.9,-16,13,90762,"Fürth, Bay",49.472339500000004,10.993087599999999
148,8.8,-14,7,36037,Fulda,50.55461,9.685095500000001
149,6.8,-18,15,82467,Garmisch-Partenkirchen,47.482056899999996,11.102979
150,8.5,-12,3,21502,Geesthacht,53.446909999999995,10.3990475
151,6.8,-16,14,73312,"Geislingen, Steige",48.610799,9.8355495
152,6.8,-12,6,63571,Gelnhausen,50.2199157,9.2226512
153,8.1,-10,5,45881,Gelsenkirchen,51.5252464,7.0818258
154,7.9,-14,9,7545,Gera,50.880521200000004,12.0805073
155,7.9,-14,13,97922,"Gerlachsheim (LaudaKönigshofen, Baden)",49.5478594,9.729432100000002
156,6.8,-12,6,58285,Gevelsberg,51.3370571,7.3522193
157,6.3,-12,10,35390,Gießen,50.5850486,8.6741668
158,8.5,-14,3,38518,Gifhorn,52.5031666,10.514581300000001
159,8.8,-14,7,34630,Gilserberg,50.9436445,9.0532996
160,8.1,-10,5,45964,"Gladbeck, Westf.",51.575666999999996,6.9903654999999985
161,6.3,-14,10,8371,Glauchau,50.8065808,12.5499009
162,9.0,-10,1,25348,Glückstadt,53.789711200000006,9.4374704
163,7.9,-14,13,73033,Göppingen,48.7098377,9.6531604
164,7.9,-16,9,2826,Görlitz,51.14819749999999,14.975408900000001
165,7.9,-16,13,91327,Gössweinstein,49.7691891,11.338396300000001
166,8.8,-14,7,99867,Gotha,50.9511526,10.6949334
167,8.8,-16,7,37073,Göttingen,51.5345284,9.9342312
168,8.5,-14,3,38640,Goslar,51.91137620000001,10.4381381
169,8.4,-12,2,17489,Greifswald,54.077777600000005,13.380355800000002
170,7.9,-16,9,7973,Greiz,50.655071,12.1936306
171,8.1,-12,5,48268,"Greven, Westf.",52.0918867,7.652041299999999
172,8.1,-10,5,41515,Grevenbroich,51.08212109999999,6.603842999999999
173,8.1,-10,5,48599,"Gronau, Westf.",52.1841199,7.028936099999999
174,9.5,-16,4,1558,Großenhain,51.2884296,13.544192800000001
175,7.9,-16,13,74417,Gschwend b. Gaildorf,48.933951799999996,9.7435783
176,9.5,-16,4,3172,Guben,51.94750810000001,14.5690228
177,6.8,-12,6,51643,Gummersbach,51.0251286,7.5433
178,9.5,-12,4,18273,Güstrow,53.800062100000005,12.215973199999999
179,6.8,-12,6,33330,Gütersloh,51.909671,8.369734900000001
180,8.1,-12,5,58091,Hagen,51.342288,7.486979099999999
181,8.5,-14,3,38820,Halberstadt,51.8962146,11.0383935
182,9.5,-14,4,39340,Haldensleben,52.2903751,11.405873800000002
183,9.5,-14,4,6108,Halle/Saale,51.48725770000001,11.9600411
184,8.5,-12,3,20144,Hamburg,53.5747274,9.9766112
185,8.5,-12,3,31785,Hameln,52.1037614,9.366101400000002
186,8.1,-12,5,59063,"Hamm, Westf.",51.6679119,7.8327364
187,6.3,-12,10,63450,Hanau,50.1268222,8.9216451
188,8.5,-14,3,30159,Hannover,52.3749839,9.7388153
189,6.8,-14,6,38667,"Harzburg, Bad",51.875859000000005,10.5655195
190,8.1,-12,5,45525,"Hattingen, Ruhr",51.394842700000005,7.186049300000001
191,8.8,-14,7,34626,"Hauptschwenda (Neukirchen, Knüllgeb.)",50.8772747,9.3603629
192,9.0,-10,1,25746,"Heide, Holst.",54.189781499999995,9.0911487
193,10.2,-10,12,69115,Heidelberg,49.403510600000004,8.681388
194,9.5,-14,4,1809,Heidenau,50.9533266,13.8547751
195,6.8,-16,14,89518,"Heidenheim, Brenz",48.6852038,10.145353300000002
196,10.2,-12,12,74072,Heilbronn,49.1423079,9.2148545
197,8.1,-12,5,42579,Heiligenhaus b. Velbert,51.3237681,6.9672791
198,8.5,-14,3,38350,Helmstedt,52.2430058,11.0017167
199,6.8,-12,6,58675,Hemer,51.3734917,7.7669714999999995
200,8.5,-14,4,16761,Hennigsdorf b. Berlin,52.642208200000006,13.202978699999997
201,8.8,-14,7,36355,Herchenhain,50.494791299999996,9.3003942
202,6.8,-12,6,32049,Herford,52.13539549999999,8.7130931
203,8.8,-14,7,37293,Herleshausen,51.0060594,10.1648786
204,8.1,-10,5,44623,Herne,51.5389464,7.2251173
205,10.2,-14,12,76332,"Herrenalb, Bad",48.79780359999999,8.4426317
206,8.8,-14,7,36251,"Hersfeld, Bad",50.880385,9.7058593
207,8.1,-10,5,45699,"Herten, Westf.",51.58688,7.1548905
208,9.5,-14,4,6333,Hettstedt,51.66226899999999,11.4680169
209,8.1,-10,5,40721,Hilden,51.169053999999996,6.9153961
210,8.5,-14,3,31134,Hildesheim,52.146204299999994,9.9548938
211,6.8,-16,6,79862,Höchenschwand,47.7201968,8.169485
212,6.8,-18,15,83098,Höllenstein (Post Degerndorf am Inn),47.73150589999999,12.0755412
213,3.0,-18,11,95030,"Hof, Saale",50.31651,11.8687211
214,7.9,-14,13,97461,"Hofheim, Unterfr.",50.1384604,10.5374306
215,6.8,-12,6,58119,Hohenlimburg,51.3442574,7.5695827000000016
216,7.9,-16,13,82383,Hohenpeissenberg,47.80534660000001,11.004653
217,8.8,-12,7,37603,Holzminden,51.784752000000005,9.516193199999998
218,8.1,-10,5,47198,"Homberg, Niederrh.",51.4549865,6.7062151
219,6.3,-12,10,61348,"Homburg, Bad",50.2279312,8.614208699999999
220,6.8,-12,6,66424,"Homburg, Saar",49.32535370000001,7.344804700000001
221,9.5,-16,4,2977,Hoyerswerda,51.424958000000004,14.1861706
222,8.1,-10,5,41836,Hückelhoven,51.0454321,6.2222548999999985
223,8.1,-10,5,50354,Hürth,50.8631453,6.8596159
224,9.0,-10,1,25813,"Husum, Nordsee",54.45665200000001,9.059328500000001
225,8.1,-12,5,49477,Ibbenbüren,52.275000799999994,7.7099696
226,6.8,-12,6,55743,Idar-Oberstein,49.7142606,7.344785799999999
227,7.9,-16,13,98693,Ilmenau,50.699893700000004,10.906560699999998
228,7.9,-16,13,85049,Ingolstadt,48.7557151,11.3364793
229,6.3,-16,10,98599,Inselsberg,50.8285188,10.4236579
230,6.8,-12,6,58638,Iserlohn,51.3833068,7.6846070000000015
231,9.0,-12,1,25524,Itzehoe,53.93669670000001,9.5192039
232,7.9,-14,9,7743,Jena,50.96389749999999,11.602487199999999
233,10.2,-12,12,63796,Kahl am Main,50.0861406,9.011824699999998
234,6.8,-12,6,67655,Kaiserslautern,49.44282740000001,7.772926799999999
235,8.1,-12,5,59174,"Kamen, Westf.",51.5916471,7.6645865
236,9.5,-16,4,1917,Kamenz,51.2841235,14.1133767
237,8.1,-10,5,47475,Kamp-Lintford,51.513349100000006,6.5136635
238,7.9,-16,13,86668,Karlshuld,48.680062899999996,11.279289599999998
239,10.2,-12,12,76131,Karlsruhe,49.0116951,8.4303821
240,8.8,-12,7,34117,Kassel,51.31705359999999,9.4924552
241,6.8,-16,15,87600,Kaufbeuren,47.876303,10.626063400000001
242,6.8,-16,15,87435,"Kempten, Allgäu",47.715242100000005,10.314892599999999
243,8.4,-10,2,24103,Kiel,54.323924,10.131544199999999
244,6.8,-16,6,73230,"Kirchheim, Teck",48.6425125,9.4594184
245,7.9,-14,13,97688,"Kissingen, Bad",50.21243639999999,10.0588367
246,8.1,-10,5,47533,"Kleve, Niederrhein",51.8091567,6.128008400000001
247,3.0,-16,11,78588,"Klippeneck (Denkingen, Württ.)",48.108871,8.739117
248,8.1,-12,5,56068,Koblenz,50.3511528,7.5951958999999984
249,6.8,-16,15,82433,"Kohlgrub, Bad",47.666831099999996,11.050578100000001
250,8.1,-10,5,50667,Köln,50.9386437,6.953884700000001
251,6.3,-12,10,61462,"Königstein, Taunus",50.1900341,8.460134499999999
252,9.5,-14,4,15711,Königs Wusterhausen,52.2948636,13.626718900000002
253,7.9,-12,13,78464,Konstanz,47.675500899999996,9.1980125
254,10.2,-12,12,70806,Kornwestheim,48.8629127,9.178473
255,9.5,-14,4,6366,Köthen/Anhalt,51.73979509999999,11.9707612
256,8.1,-10,5,47798,Krefeld,51.3289104,6.5599075
257,10.2,-12,12,55543,"Kreuznach, Bad",49.828717499999996,7.870710000000001
258,7.9,-16,13,96317,Kronach,50.2420979,11.3113054
259,7.9,-16,13,95326,Kulmbach,50.125977899999995,11.431135699999999
260,7.9,-14,13,74653,Künzelsau,49.304312700000004,9.6979593
261,10.2,-12,12,77933,"Lahr, Schwarzwald",48.33915,7.878148700000001
262,10.2,-12,12,68623,"Lampertheim, Hessen",49.5941455,8.4962394
263,6.8,-12,6,76829,"Landau, Pfalz",49.193521000000004,8.0948586
264,7.9,-16,13,84028,"Landshut, Bay",48.5390097,12.1581336
265,6.8,-12,6,63225,"Langen, Hessen",49.9886686,8.6628091
266,8.1,-10,5,40764,"Langenfeld, Rheinl.",51.118984999999995,6.962567699999999
267,8.5,-14,3,37115,"Langenhagen, Ha.",51.5130031,10.2136579
268,9.0,-10,1,26465,Langeoog,53.74736919999999,7.492568200000001
269,9.5,-16,4,1979,Lauchhammer,51.500451399999996,13.739936300000002
270,8.5,-10,3,26789,"Leer, Ostfriesland",53.255197100000004,7.451357899999999
271,8.5,-14,3,31275,Lehrte,52.385206700000005,10.0164773
272,8.7,-14,4,4103,Leipzig,51.3302732,12.389181800000001
273,6.8,-12,6,32657,Lemgo,52.03535000000001,8.9070006
274,8.5,-12,3,49525,"Lengerich, Westf.",52.16494059999999,7.839039699999999
275,6.8,-12,6,71229,"Leonberg, Württ.",48.801163700000004,8.997988000000001
276,6.8,-12,6,58642,Letmathe,51.3656583,7.610033499999999
277,8.1,-10,5,51371,Leverkusen,51.062498600000005,6.9418571
278,6.3,-14,10,9212,Limbach-Oberfrohna,50.867631599999996,12.7159205
279,7.9,-12,13,88131,"Lindau, Bodensee",47.56270869999999,9.6765519
280,8.1,-10,5,49808,"Lingen, Ems",52.55341429999999,7.2909096999999985
281,6.8,-12,6,59555,Lippstadt,51.6800523,8.3456644
282,9.0,-10,1,25992,List auf Sylt,55.0186448,8.4062649
283,7.9,-16,9,2708,Löbau,51.0773984,14.6555802
284,10.2,-12,12,79539,Lörrach,47.6215172,7.662926499999998
285,8.8,-12,7,65391,"Lorch, Rheingau",50.0740027,7.828990400000001
286,9.5,-16,4,3222,Lübbenau/Spreewald,51.85667549999999,13.9048905
287,8.4,-10,2,23552,Lübeck,53.86764609999999,10.6891338
288,9.5,-14,4,14943,Luckenwalde,52.0818855,13.177060999999998
289,6.8,-12,6,58507,Lüdenscheid,51.2274763,7.6351109
290,10.2,-12,12,71634,"Ludwigsburg, Württ.",48.9116686,9.1718178
291,9.5,-14,4,14974,Ludwigsfelde,52.278082500000004,13.2569144
292,10.2,-12,12,67059,Ludwigshafen am Rhein,49.4788189,8.425831599999999
293,8.5,-12,3,21335,Lüneburg,53.213007700000006,10.3924227
294,8.1,-12,5,44532,Lünen,51.6003281,7.530896500000001
295,10.2,-12,12,55116,Mainz,49.999041600000005,8.2746564
296,9.5,-14,4,39104,Magdeburg,52.1146346,11.6326339
297,10.2,-12,12,68159,Mannheim,49.49200020000001,8.455677999999999
298,8.8,-12,7,35037,"Marburg, Lahn",50.803791499999996,8.756556999999999
299,9.5,-14,4,4416,Markkleeberg,51.270034700000004,12.3804126
300,8.1,-10,5,45768,Marl,51.6558581,7.064579400000001
301,7.9,-14,9,8393,Meerane,50.855872600000005,12.4852348
302,7.9,-12,13,88709,"Meersburg, Bodensee",47.6762495,9.2653802
303,7.9,-16,13,98617,Meiningen,50.530613,10.3539589
304,9.5,-14,4,1662,Meißen,51.16329520000001,13.4751521
305,7.9,-16,13,87700,Memmingen,47.977358100000004,10.176349499999999
306,6.8,-12,6,58706,"Menden, Sauerland",51.4300527,7.7896015999999975
307,10.2,-14,12,79227,"Mengen, Baden",47.9570089,7.7601447
308,6.8,-16,6,71263,Merklingen Kr. Leonberg (Weil der Stadt),48.7515726,8.8544372
309,9.5,-14,4,6217,Merseburg/Saale,51.3548323,11.9791972
310,6.3,-18,10,94526,"Metten, Niederbay",48.856241600000004,12.9130877
311,8.1,-12,5,40822,Mettmann,51.25439069999999,6.9831962
312,8.1,-12,5,32423,"Minden, Westf.",52.293795200000005,8.955381800000001
313,6.8,-18,15,87466,Mittelberg b. Oy,47.644336200000005,10.4545655
314,6.8,-16,15,82481,Mittenwald,47.441269,11.264054
315,7.9,-14,9,9648,Mittweida,50.970958,12.976111900000001
316,8.1,-10,5,41061,Mönchengladbach,51.194189200000004,6.4295171999999985
317,8.1,-10,5,47441,Moers,51.44628170000001,6.6275504000000005
318,8.1,-10,5,40789,"Monheim, Rheinl.",51.09661079999999,6.8974365
319,6.0,-14,8,99974,Mühlhausen,51.237435600000005,10.451118600000001
320,8.1,-10,5,45478,"Mühlheim, Ruhr",51.4369709,6.8352369999999985
321,7.9,-16,13,80331,München,48.1362105,11.572892999999999
322,6.8,-16,14,72525,"Münsingen, Württ.",48.42284009999999,9.552076
323,8.1,-12,5,48143,"Münster, Westf.",51.9630088,7.626755199999999
324,6.3,-14,10,61231,"Nauheim, Bad",50.3822571,8.7387728
325,8.8,-14,7,34311,Naumburg,51.2289869,9.1744783
326,6.8,-12,6,59755,Neheim-Hüsten,51.452228600000005,7.972033000000001
327,9.5,-14,4,17033,Neubrandenburg,53.5329275,13.2623187
328,10.2,-12,12,63263,Neu-Isenburg,50.0521661,8.695244599999999
329,8.1,-10,5,47506,Neukirchen?Vluyn,51.447927899999996,6.5514802
330,9.0,-10,1,21710,"Neuland, Kr. Stade (NeulandWaterneversdorf)",53.662900300000004,9.3110144
331,8.5,-12,3,24534,Neumünster,54.07396800000001,9.9845763
332,6.8,-12,6,66538,"Neunkirchen, Saar",49.340914399999996,7.1787253999999985
333,9.5,-14,4,16816,Neuruppin,52.907837,12.7724911
334,8.1,-10,5,41460,Neuss,51.2075211,6.7063134999999985
335,10.2,-10,12,67433,"Neustadt, Weinstraße",49.358965000000005,8.1361817
336,9.5,-14,4,17235,Neustrelitz,53.34329399999999,13.0902611
337,7.9,-14,13,89231,Neu-Ulm,48.3735527,10.010220599999998
338,8.1,-12,5,56564,Neuwied,50.43415150000001,7.476853
339,8.5,-12,3,31582,"Nienburg, Weser",52.638091700000004,9.208414300000001
340,9.0,-10,1,26954,Nordenham,53.49275179999999,8.447880900000001
341,9.0,-10,1,26548,Norderney,53.71682699999999,7.281028199999999
342,7.9,-14,9,99734,Nordhausen,51.4990777,10.8371712
343,8.1,-10,5,48527,Nordhorn,52.43764669999999,7.0487199999999985
344,7.9,-16,13,86270,Nördlingen,48.8508157,10.4894906
345,6.8,-14,6,53520,Nürburg,50.422681,6.9075609999999985
346,7.9,-16,13,90402,Nürnberg,49.449102,11.087354300000001
347,6.8,-14,6,72622,Nürtingen,48.6134025,9.3213278
348,6.8,-18,15,83080,Oberaudorf,47.6661323,12.126237800000002
349,8.1,-10,5,46045,"Oberhausen, Rheinland",51.4674055,6.856095699999999
350,10.2,-12,12,79235,Oberrotweil,48.09516250000001,7.6391613
351,6.8,-20,15,87561,Oberstdorf,47.359939000000004,10.2947451
352,6.3,-12,10,61440,"Oberursel, Taunus",50.20919979999999,8.5520555
353,6.3,-16,10,92526,Oberviechtach,49.4591984,12.453970199999999
354,3.0,-18,11,9484,Oberwiesenthal,50.440517,12.9526705
355,7.9,-14,13,74613,Öhringen,49.20671549999999,9.520057200000002
356,8.1,-10,5,45739,Oer-Erkenschwick,51.637739,7.2579563999999985
357,10.2,-12,12,63065,"Offenbach, Main",50.10507459999999,8.7673831
358,10.2,-12,12,77652,Offenburg,48.5005097,7.9419146
359,8.5,-10,3,26121,"Oldenburg, Oldb.",53.153707,8.2095954
360,9.5,-14,4,16515,Oranienburg,52.7439161,13.361489800000001
361,9.5,-14,4,4758,Oschatz,51.3491511,13.111139499999998
362,8.1,-12,5,49074,Osnabrück,52.275879100000004,8.056059099999999
363,8.1,-12,5,33098,Paderborn,51.7113515,8.754257699999998
364,8.1,-14,4,19370,Parchim,53.42795699999999,11.877622099999998
365,7.9,-16,13,92331,"Parsberg, Oberfr.",49.1550979,11.730314300000002
366,7.9,-14,13,94032,Passau,48.5718453,13.4607296
367,8.7,-14,3,31224,Peine,52.3307295,10.2732008
368,6.8,-12,6,75172,Pforzheim,48.8901346,8.6821922
369,9.0,-12,1,25421,Pinneberg,53.6466311,9.7859847
370,6.8,-12,6,66953,Pirmasens,49.2049969,7.6042103
371,6.3,-14,10,1796,Pirna,50.9397088,13.967150899999998
372,6.3,-16,10,8523,Plauen,50.4979145,12.1139095
373,6.8,-12,6,58840,Plettenberg,51.2197462,7.8590561
374,7.9,-14,13,91224,Pommelsbrunn,49.5046681,11.5091641
375,8.1,-10,5,50668,Porz,50.948573100000004,6.9629492
376,9.5,-14,4,14467,Potsdam,52.39976910000001,13.0665558
377,9.5,-14,4,17291,Prenzlau,53.319398899999996,13.872478099999999
378,9.5,-14,4,6484,Quedlinburg,51.81207449999999,11.1357179
379,8.5,-12,3,25712,Quickborn (Ditmarschen),54.00258050000001,9.239481
380,9.5,-14,4,1445,Radebeul,51.1115439,13.643318099999998
381,6.8,-12,6,42477,Radevormwald,51.20943889999999,7.3720815
382,10.2,-12,12,76437,Rastatt,48.862603,8.176967900000001
383,9.5,-14,4,14712,Rathenow,52.60767190000001,12.3264353
384,8.1,-10,5,40878,Ratingen,51.29644329999999,6.8506277
385,7.9,-14,13,88212,Ravensburg,47.7837629,9.6151647
386,8.1,-10,5,45657,Recklinghausen,51.616497700000004,7.189557600000001
387,7.9,-16,13,93047,Regensburg,49.01686420000001,12.097408099999999
388,6.3,-16,10,8468,Reichenbach/Vogtl.,50.6203648,12.321797199999999
389,6.8,-12,6,42853,Remscheid,51.1832986,7.179900900000002
390,8.5,-10,3,24768,Rendsburg,54.30633589999999,9.6429685
391,6.8,-16,6,72760,Reutlingen,48.5166976,9.20644
392,8.1,-12,5,48429,Rheine,52.2908515,7.4640650000000015
393,10.2,-10,12,79365,"Rheinhausen, Niederrh.",48.235499299999994,7.7078395
394,8.1,-10,5,41199,Rheydt,51.1329676,6.4449432
395,9.5,-16,4,1587,Riesa,51.3037968,13.2670518
396,8.1,-10,5,50668,Rodenkirchen,50.948573100000004,6.9629492
397,6.8,-12,6,52159,"Rötgen, Eifel",50.646035600000005,6.2003238
398,7.9,-16,13,83022,"Rosenheim, Oberbay",47.8532062,12.131280300000002
399,8.4,-10,2,18055,Rostock,54.083894900000004,12.1666436
400,7.9,-14,13,91541,Rothenburg ob der Tauber,49.379494799999996,10.1858968
401,6.3,-14,10,7407,Rudolstadt,50.732817,11.328707199999998
402,6.8,-12,6,65428,Rüsselsheim,49.9901899,8.432798199999999
403,6.3,-14,10,7318,Saalfeld/Saale,50.63519119999999,11.3594746
404,6.8,-12,6,66111,Saarbrücken,49.237322600000006,6.9990459000000005
405,6.8,-12,6,66740,Saarlouis,49.30130399999999,6.736950600000001
406,8.5,-14,3,38226,Salzgitter,52.1590409,10.3325038
407,8.8,-16,7,36433,"Salzungen, Bad",50.82264929999999,10.254024000000001
408,9.5,-14,4,29410,Salzwedel,52.84009449999999,11.1996855
409,9.5,-14,4,6526,Sangerhausen,51.497699700000005,11.298190400000001
410,6.8,-16,6,79837,St. Blasien,47.7642052,8.108895500000001
411,6.8,-12,6,66386,St. Ingert,49.277596200000005,7.131236099999999
412,8.5,-10,3,24837,Schleswig,54.52230279999999,9.5661514
413,6.3,-16,10,8289,Schneeberg,50.59098290000001,12.6400263
414,6.8,-14,6,72290,Schömberg Kr. Freudenstadt (Loßburg),48.397520799999995,8.467604199999998
415,9.5,-14,4,39218,Schönebeck/Elbe,52.0091435,11.7470481
416,7.9,-16,13,91626,Schopfloch,49.1204086,10.305451199999998
417,7.9,-16,13,73614,"Schorndorf, Württ.",48.778341,9.5310295
418,8.8,-12,7,63679,"Schotten, Hess.",50.50740820000001,9.1420501
419,7.9,-16,13,91126,"Schwabach, Mittelfr.",49.317772100000006,11.0235809
420,7.9,-16,13,73525,Schwäbisch Gmünd,48.79376850000001,9.7988852
421,7.9,-16,13,74523,Schwäbisch Hall,49.125761600000004,9.7544127
422,6.3,-16,10,8340,Schwarzenberg/Erzgeb.,50.5293301,12.7701222
423,9.5,-16,4,16303,Schwedt/Oder,53.0718571,14.2862796
424,7.9,-14,13,97421,Schweinfurt,50.0444878,10.2258398
425,6.8,-12,6,58332,Schwelm,51.2829475,7.291009299999999
426,6.0,-16,8,78048,"Schwenningen, Neckar",48.0854958,8.418004400000001
427,9.5,-12,4,19053,Schwerin,53.62479279999999,11.4041715
428,8.1,-12,5,58239,"Schwerte, Ruhr",51.428929499999995,7.5656314999999985
429,8.5,-10,3,23795,"Segeberg, Bad",53.927274800000006,10.2932676
430,6.3,-18,10,95100,Selb,50.1597601,12.1187021
431,9.5,-16,4,1968,Senftenberg,51.505032299999996,13.9693262
432,8.1,-12,5,53721,Siegburg,50.80004539999999,7.2118402999999995
433,6.8,-12,6,57072,Siegen,50.8803723,7.984455400000001
434,6.8,-14,14,72488,Sigmaringen,48.101948799999995,9.178987500000002
435,6.8,-14,6,71063,Sindelfingen,48.7131518,9.000094800000001
436,7.9,-14,13,78224,"Singen, Hohentwiel",47.7670971,8.872238699999999
437,8.1,-12,5,59494,"Soest, Westf.",51.56273119999999,8.0937324
438,6.8,-12,6,42651,Solingen,51.1705488,7.092260400000001
439,9.5,-12,4,29614,Soltau,53.00570129999999,9.8309194
440,7.9,-14,9,99610,Sömmerda,51.17087,11.1651487
441,7.9,-14,9,99706,Sondershausen,51.3657675,10.8994267
442,6.3,-16,10,8355,Sonneberg,50.3601821,11.1709899
443,10.2,-12,12,67346,Speyer,49.3272223,8.4352179
444,7.9,-16,9,2742,Spremberg,51.0381065,14.527653699999998
445,8.5,-10,3,21680,Stade,53.5852809,9.463742199999999
446,9.5,-14,4,39418,Staßfurt,51.8647972,11.5822798
447,9.5,-14,4,39576,Stendal,52.563780799999996,11.8065633
448,8.1,-12,5,52222,"Stolberg, Rheinl.",50.78027909999999,6.223717400000001
449,8.4,-10,2,18437,Stralsund,54.30298209999999,13.0535231
450,3.0,-18,11,94315,Straubing,48.870329999999996,12.5765189
451,9.5,-14,4,15344,Strausberg,52.56009889999999,13.908760999999998
452,10.2,-12,12,70173,Stuttgart,48.78270269999999,9.182863000000001
453,6.3,-16,10,98527,Suhl,50.593566100000004,10.697262400000001
454,6.8,-12,6,66280,"Sulzbach, Saar",49.3022275,7.0621814
455,6.8,-18,15,83646,"Tölz, Bad",47.7479738,11.532873
456,9.5,-16,4,4860,Torgau,51.548630100000004,12.952542300000001
457,8.8,-10,7,54290,Trier,49.74957389999999,6.633381
458,6.8,-16,6,72070,Tübingen,48.5226576,9.004709599999998
459,3.0,-16,11,78532,Tuttlingen,47.9709599,8.8117805
460,8.1,-12,5,52531,Übach?Palenberg,50.9253588,6.1177074000000005
461,9.5,-14,4,29525,Uelzen,52.98284289999999,10.5961231
462,7.9,-14,13,89073,"Ulm, Donau",48.4023451,9.9978842
463,8.1,-12,5,59423,Unna,51.5314134,7.695548499999999
464,8.1,-12,5,42549,Velbert,51.33099779999999,7.0224782999999995
465,10.2,-12,12,68519,Viernheim,49.5574391,8.5760911
466,8.1,-10,5,41747,Viersen,51.252055799999994,6.3803212999999985
467,6.0,-16,8,78048,"Villingen, Schwarzwald",48.0854958,8.418004400000001
468,6.8,-12,6,66333,"Völklingen, Saar",49.2166703,6.7913570000000005
469,8.1,-10,5,46562,"Voerde, Niederrh.",51.6005212,6.654411099999999
470,10.2,-12,12,71332,Waiblingen,48.8221273,9.306819099999998
471,8.8,-14,7,34513,"Waldeck, Hess",51.2281948,9.049824699999999
472,8.1,-12,5,45731,Waltrop,51.62966340000001,7.402965399999998
473,8.1,-10,5,44649,Wanne-Eickel,51.534021,7.1547475999999985
474,9.5,-12,4,17192,Waren,53.51458909999999,12.7304761
475,7.9,-16,13,83512,Wasserburg a. Inn,48.054734499999995,12.1954235
476,8.8,-16,7,36163,Wasserkuppe,50.4982646,9.887791900000002
477,8.1,-10,5,44866,Wattenscheid,51.48282099999999,7.1281215
478,9.0,-10,1,22880,"Wedel, Holstein",53.59361170000001,9.6991755
479,6.3,-16,10,92637,"Weiden, Oberpf.",49.674352000000006,12.1489451
480,6.3,-12,10,35781,Weilburg,50.47973579999999,8.2615942
481,7.9,-14,9,99423,Weimar,50.9809955,11.323640800000002
482,6.8,-10,6,69469,"Weinheim, Bergstraße",49.5407466,8.662045299999999
483,7.9,-16,13,91781,Weissenburg in Bay,49.0272347,10.9710359
484,9.5,-14,4,6667,Weißenfels,51.209581899999996,11.9452512
485,9.5,-16,4,2943,Weißwasser,51.4269314,14.598802599999999
486,9.5,-20,4,6642,Wendelstein,51.2518124,11.5289227
487,9.5,-16,4,4886,Werdau,51.5764765,13.0853524
488,6.8,-12,6,58791,Werdohl,51.24751930000001,7.7588258
489,6.8,-12,6,42929,Wermelskirchen,51.1030829,7.2240777000000005
490,6.8,-12,6,59368,Werne a. d. Lippe,51.6705945,7.590906200000001
491,6.8,-16,6,38855,Wernigerode,51.8437498,10.7993086
492,7.9,-14,13,97877,Wertheim,49.733864200000006,9.4743245
493,8.1,-10,5,46483,Wesel,51.663334000000006,6.6192246
494,8.1,-10,5,50389,"Wesseling, Rheinl.",50.8142569,6.9787209
495,8.8,-12,7,35578,Wetzlar,50.549895,8.5162205
496,10.2,-10,12,65183,Wiesbaden,50.08302920000001,8.2387331
497,6.8,-14,6,75323,Wildbad,48.705904,8.522657299999999
498,9.0,-10,1,26382,Wilhelmshaven,53.5221495,8.111328599999998
499,8.8,-14,7,34508,"Willingen, Upland",51.3020791,8.6327185
500,8.4,-10,2,23966,Wismar,53.82319150000001,11.317473199999998
501,8.1,-12,5,58452,Witten,51.4177772,7.3264627
502,9.5,-14,4,6886,Wittenberg,51.86693959999999,12.592623300000001
503,9.5,-14,4,19322,Wittenberge,52.98855529999999,11.7933994
504,8.8,-14,7,37213,Witzenhausen,51.342462,9.8549196
505,9.5,-14,4,6766,Wolfen,51.669416299999995,12.235267
506,8.5,-14,3,38300,Wolfenbüttel,52.149294299999994,10.5617114
507,8.5,-14,3,38440,Wolfsburg,52.4206786,10.7700258
508,10.2,-12,12,67547,Worms,49.6290294,8.3703118
509,8.1,-12,5,42489,Wülfrath,51.28792139999999,7.0382833
510,6.8,-12,6,42103,Wuppertal,51.2554934,7.146606599999998
511,8.1,-12,5,52146,Würselen,50.819381400000005,6.1462316
512,7.9,-12,13,97070,Würzburg,49.795758299999996,9.933359500000002
513,9.5,-14,4,4808,Wurzen,51.380829999999996,12.8291213
514,9.5,-14,4,39249,Zeitz,51.9666346,11.880313099999999
515,9.5,-14,4,39261,Zerbst,51.962438299999995,12.0981184
516,6.3,-16,10,2763,Zittau,50.9241386,14.770122699999998
517,6.8,-12,6,66487,Zweibrücken,49.245052799999996,7.3634021999999995
518,7.9,-14,9,8056,Zwickau,50.701738399999996,12.4951376
