,buildingYear,a_ref_app,surrounding,n_persons,roofOrientation,ownership,existingHeatSupply,longitude,latitude,n_apartments,hotWaterElec,comfortT_lb,comfortT_ub,nightReduction,capControl
0,1919,59.0,Semi,1,0.0,False,Oil boiler,13.069389202767367,52.03818118056789,10,False,21.0,25.0,True,True
1,1949,99.0,Detached,2,67.5,True,CHP,12.78695587515439,52.354384405235685,13,False,21.0,25.0,True,True
2,1959,79.0,Terraced,1,90.0,True,Electric heater,10.02885847990849,48.99194342018717,18,False,21.0,25.0,True,True
3,1969,59.0,Semi,1,90.0,False,Gas boiler,9.920370887122685,51.32250583041053,60,False,21.0,25.0,True,True
4,1969,39.0,Semi,1,67.5,True,CHP,8.224300727365446,50.70132924202039,195,False,21.0,25.0,True,True
5,1987,159.0,Semi,1,22.5,True,District heating,11.054010525457066,53.53307800704592,1,False,21.0,25.0,True,True
6,1995,39.0,Semi,4,0.0,True,Gas boiler,8.985131775601916,51.234300648976586,263,False,21.0,25.0,True,True
7,1919,99.0,Detached,3,67.5,True,District heating,11.47216289139021,51.02076454956919,5,False,21.0,25.0,True,True
8,1959,139.0,Semi,5,22.5,True,District heating,11.214956422909424,51.970733497506906,3,False,21.0,25.0,True,True
9,1959,99.0,Detached,1,90.0,True,Gas boiler,8.533279729455547,50.134868444231486,2,False,21.0,25.0,True,True
10,1959,79.0,Detached,2,0.0,True,Oil boiler,9.852126149262235,53.11449891933854,8,False,21.0,25.0,True,True
11,1969,79.0,Detached,3,0.0,False,CHP,11.709763290789082,51.791824464437454,33,False,21.0,25.0,True,True
12,1979,59.0,Detached,1,67.5,False,Gas boiler,9.345772014207581,50.151126803102635,12,False,21.0,25.0,True,True
13,1987,79.0,Detached,1,0.0,True,Electric heater,10.844871505002548,53.5551335306344,9,True,21.0,25.0,True,True
14,1949,59.0,Detached,0,45.0,False,Electric heater,9.521775454325242,51.042252037672384,2,False,21.0,25.0,True,True
15,1949,79.0,Terraced,4,67.5,False,Gas boiler,8.461605689568234,50.05064518305005,11,False,21.0,25.0,True,True
16,2009,39.0,Terraced,2,45.0,False,Gas boiler,11.017385405446511,50.05985055751521,20,False,21.0,25.0,True,True
17,1959,99.0,Terraced,2,22.5,False,Electric heater,12.861177407203913,52.476444311066764,13,False,21.0,25.0,True,True
18,1949,59.0,Semi,2,0.0,False,District heating,11.665465931115486,51.975558267106116,22,False,21.0,25.0,True,True
19,1969,59.0,Detached,3,0.0,True,Gas boiler,10.970843312384119,52.99994603167728,1,False,21.0,25.0,True,True
20,2001,59.0,Detached,1,22.5,False,Pellet boiler,12.875548636214813,51.39296534584528,2,False,21.0,25.0,True,True
21,2009,139.0,Detached,5,67.5,True,District heating,11.856398531619037,52.616072079478144,1,True,21.0,25.0,True,True
22,1995,139.0,Detached,4,67.5,True,Oil boiler,9.652797081708577,49.60225650376289,1,False,21.0,25.0,True,True
23,1987,159.0,Detached,4,45.0,True,Gas boiler,9.109685694600957,51.91578407344154,2,False,21.0,25.0,True,True
24,1969,159.0,Terraced,1,90.0,False,Oil boiler,7.437973119416227,50.37967896909431,1,True,21.0,25.0,True,True
25,2001,119.0,Detached,1,22.5,True,Oil boiler,9.5740115491312,52.89251793298223,1,True,21.0,25.0,True,True
26,1987,119.0,Detached,0,0.0,True,Oil boiler,10.295002923720302,48.544710398074365,1,False,21.0,25.0,True,True
27,1987,79.0,Detached,1,45.0,True,Gas boiler,12.79763052472628,51.172112962271655,3,False,21.0,25.0,True,True
28,1969,139.0,Detached,3,67.5,True,District heating,8.078801731444354,51.33269595763244,1,False,21.0,25.0,True,True
29,2009,139.0,Detached,2,0.0,False,Gas boiler,7.464967827616084,51.50395280028618,1,True,21.0,25.0,True,True
30,1995,159.0,Detached,2,67.5,True,Electric heater,7.886265018483003,50.547356944419995,2,False,21.0,25.0,True,True
31,2009,79.0,Detached,1,45.0,False,Pellet boiler,9.298206301387253,52.552776290488424,3,False,21.0,25.0,True,True
32,2001,59.0,Terraced,3,22.5,True,Oil boiler,7.231709806968238,50.64132489221744,1,True,21.0,25.0,True,True
33,1949,139.0,Terraced,4,67.5,False,Gas boiler,11.087051051445934,52.491997215169775,1,False,21.0,25.0,True,True
34,1949,59.0,Semi,0,0.0,True,Oil boiler,7.7684566540339395,50.35272905439676,1,False,21.0,25.0,True,True
35,1979,99.0,Semi,1,45.0,False,Oil boiler,9.93590660916918,53.17144742286887,3,False,21.0,25.0,True,True
36,1995,39.0,Terraced,2,0.0,False,Oil boiler,11.19302512777897,48.75601977802637,1,False,21.0,25.0,True,True
37,1979,39.0,Terraced,1,22.5,True,Gas boiler,9.884045231026114,53.171092381718964,1,True,21.0,25.0,True,True
38,1987,179.0,Semi,5,45.0,False,Gas boiler,11.444266911693402,52.598339915063,1,False,21.0,25.0,True,True
39,1959,199.0,Terraced,5,0.0,True,District heating,12.563855079383847,52.08220011949913,1,False,21.0,25.0,True,True
40,2001,179.0,Semi,5,45.0,False,Pellet boiler,9.74442565654231,49.16762749096047,2,True,21.0,25.0,True,True
41,1979,59.0,Semi,5,90.0,True,District heating,10.523013468451195,48.75768665577315,1,False,21.0,25.0,True,True
42,1959,59.0,Semi,2,45.0,True,Oil boiler,12.48317305172041,51.575561753900956,1,False,21.0,25.0,True,True
43,1979,119.0,Semi,3,67.5,True,Gas boiler,10.591197102695775,48.97591205030282,17,False,21.0,25.0,True,True
44,1979,99.0,Detached,3,0.0,True,CHP,9.257841795663891,52.5281092984072,35,False,21.0,25.0,True,True
45,1987,79.0,Terraced,1,67.5,True,CHP,7.888630963937864,50.96470379759087,16,False,21.0,25.0,True,True
46,1987,39.0,Terraced,2,0.0,True,Gas boiler,11.767851269234164,52.10914024793095,65,True,21.0,25.0,True,True
47,1995,39.0,Detached,2,67.5,True,Gas boiler,10.019945647810106,50.96314614873573,27,False,21.0,25.0,True,True
48,1959,119.0,Semi,1,67.5,False,Oil boiler,10.081703195188773,49.58122651540377,10,False,21.0,25.0,True,True
49,1969,59.0,Terraced,1,0.0,True,District heating,7.436632349480419,51.438802804644894,28,False,21.0,25.0,True,True
50,1949,79.0,Semi,1,67.5,False,Gas boiler,9.012935535014503,50.05925717288286,61,False,21.0,25.0,True,True
51,1919,59.0,Semi,2,67.5,True,District heating,10.703627423622578,49.58625145725134,7,False,21.0,25.0,True,True
52,1979,59.0,Terraced,1,45.0,True,Gas boiler,12.448459802046399,52.24514529914791,11,False,21.0,25.0,True,True
53,1995,99.0,Terraced,2,45.0,True,Gas boiler,9.116989889914658,48.918293913714166,3,False,21.0,25.0,True,True
54,1979,119.0,Detached,2,22.5,True,Gas boiler,8.392693412788173,50.21888723938228,1,False,21.0,25.0,True,True
55,1949,59.0,Terraced,0,0.0,False,Gas boiler,8.394074627926551,50.72396249702174,3,False,21.0,25.0,True,True
56,1949,59.0,Semi,1,0.0,True,CHP,9.383864486630554,50.319850003912315,18,False,21.0,25.0,True,True
57,1995,59.0,Terraced,0,90.0,False,CHP,11.175159063490462,50.47060278920953,14,False,21.0,25.0,True,True
58,2001,79.0,Terraced,0,22.5,False,CHP,12.141965030234239,51.35228518816635,41,False,21.0,25.0,True,True
59,1969,79.0,Detached,0,45.0,True,CHP,9.747633038079679,51.90048998145996,202,False,21.0,25.0,True,True
60,1969,39.0,Terraced,1,22.5,True,Electric heater,7.463491293463124,50.873029979963746,8,False,21.0,25.0,True,True
61,1959,59.0,Terraced,1,0.0,False,District heating,7.834350396772884,51.45609838283771,20,False,21.0,25.0,True,True
62,1969,39.0,Detached,2,0.0,True,Electric heater,8.926396760353203,49.49253860831736,38,False,21.0,25.0,True,True
63,1979,99.0,Terraced,2,67.5,False,Gas boiler,12.70627399873241,51.48591569051582,55,False,21.0,25.0,True,True
64,1979,159.0,Detached,2,45.0,True,CHP,9.490816047123117,51.522783564840985,254,False,21.0,25.0,True,True
65,1919,79.0,Terraced,2,22.5,False,Oil boiler,8.482974806437225,50.27237428298707,3,False,21.0,25.0,True,True
66,1995,39.0,Detached,2,90.0,False,Gas boiler,11.441024551963658,52.4444885979043,1,False,21.0,25.0,True,True
67,1969,79.0,Detached,3,67.5,False,CHP,8.215584908862743,50.553621646248594,36,False,21.0,25.0,True,True
68,1995,159.0,Terraced,1,0.0,False,Gas boiler,9.650429281007042,51.619356709643895,11,True,21.0,25.0,True,True
69,1987,59.0,Detached,1,67.5,False,Oil boiler,9.70353868626415,49.01470528979151,9,False,21.0,25.0,True,True
70,1959,119.0,Terraced,4,22.5,False,Oil boiler,13.644633932835735,51.875288425216695,1,True,21.0,25.0,True,True
71,1949,79.0,Terraced,2,22.5,True,Gas boiler,10.914567646071884,50.91351344909156,19,False,21.0,25.0,True,True
72,1919,119.0,Terraced,2,22.5,False,Electric heater,12.109284527598623,52.49438263674098,10,False,21.0,25.0,True,True
73,1919,99.0,Detached,1,0.0,False,Gas boiler,10.11104555620189,51.71377640340317,2,False,21.0,25.0,True,True
74,1919,119.0,Detached,0,0.0,False,District heating,12.6433469303361,50.97230663166285,1,False,21.0,25.0,True,True
75,1969,159.0,Detached,3,45.0,False,Oil boiler,8.822488848993125,50.02071087462109,1,False,21.0,25.0,True,True
76,2009,159.0,Detached,1,0.0,True,District heating,8.777815911594722,49.056948773184985,1,True,21.0,25.0,True,True
77,2001,250.0,Semi,5,0.0,False,Gas boiler,7.95826371299605,50.39624676830761,1,False,21.0,25.0,True,True
78,2001,179.0,Terraced,5,22.5,True,Pellet boiler,7.588904230992129,50.607643889423144,2,False,21.0,25.0,True,True
79,1987,250.0,Detached,2,90.0,False,Oil boiler,8.868403629541106,49.460527531073524,1,False,21.0,25.0,True,True
80,2009,250.0,Detached,2,90.0,False,District heating,11.418976365289764,48.68006985231812,1,True,21.0,25.0,True,True
81,1995,199.0,Terraced,5,90.0,True,Heat pump,8.284808792142478,51.088930827270985,1,False,21.0,25.0,True,True
82,1919,139.0,Terraced,1,67.5,False,Oil boiler,7.012885266498759,50.90468563923223,1,False,21.0,25.0,True,True
83,1969,59.0,Terraced,1,90.0,False,Electric heater,9.362314659691446,53.148234341798755,4,False,21.0,25.0,True,True
84,1959,99.0,Terraced,1,22.5,True,Electric heater,11.150407699328385,50.175368525777586,2,False,21.0,25.0,True,True
85,1987,119.0,Semi,2,45.0,True,Gas boiler,7.898011509763558,51.49661302831524,1,True,21.0,25.0,True,True
86,1969,159.0,Detached,2,22.5,True,Gas boiler,11.560861203528585,48.882993866756735,1,False,21.0,25.0,True,True
87,1969,139.0,Semi,1,45.0,False,Oil boiler,10.093422519848353,48.569198603845585,1,True,21.0,25.0,True,True
88,1979,179.0,Detached,2,67.5,True,Oil boiler,8.503739552276258,52.52855835452145,1,False,21.0,25.0,True,True
89,1919,99.0,Semi,3,45.0,False,Gas boiler,11.130431456706633,50.09086701490835,31,False,21.0,25.0,True,True
90,2020,139.0,Terraced,1,90.0,True,Electric heater,10.703715393886462,48.96343982814035,20,False,21.0,25.0,True,True
91,2001,250.0,Terraced,5,0.0,True,Gas boiler,10.062379991285571,51.99131314928603,22,True,21.0,25.0,True,True
92,1919,39.0,Semi,1,67.5,False,Gas boiler,9.20822723987704,49.2736092765965,20,False,21.0,25.0,True,True
93,1949,79.0,Terraced,1,22.5,False,Gas boiler,12.880741135208606,52.17912887863802,44,False,21.0,25.0,True,True
94,1919,59.0,Detached,2,0.0,True,CHP,10.25955818330646,52.575914098742935,7,False,21.0,25.0,True,True
95,1979,99.0,Terraced,2,90.0,False,Gas boiler,8.008731891597252,50.73359837422917,4,False,21.0,25.0,True,True
96,1979,59.0,Semi,1,0.0,False,Electric heater,12.5612780992419,51.30977089074287,2,True,21.0,25.0,True,True
97,1919,119.0,Detached,0,67.5,True,Gas boiler,11.689730586312113,51.61025023918933,16,False,21.0,25.0,True,True
98,1949,59.0,Semi,0,22.5,True,Gas boiler,11.81009888004309,51.85704911164158,19,False,21.0,25.0,True,True
99,2020,119.0,Terraced,0,0.0,False,CHP,11.01235453812873,52.06933885635148,201,False,21.0,25.0,True,True
