,buildingYear,a_ref_app,surrounding,n_persons,roofOrientation,ownership,existingHeatSupply,longitude,latitude,n_apartments,hotWaterElec,comfortT_lb,comfortT_ub,nightReduction,capControl
0,1919,79.0,Terraced,1,0.0,False,Oil boiler,9.980124400736575,51.052289140006344,9,False,21.0,25.0,True,True
1,1959,99.0,Semi,3,22.5,True,Electric heater,9.645634586121544,50.632752110594836,7,False,21.0,25.0,True,True
2,1959,39.0,Semi,5,90.0,True,District heating,9.567733792902294,50.66153073465853,1,False,21.0,25.0,True,True
3,1969,59.0,Detached,2,45.0,False,Gas boiler,9.764373679841869,50.95489995200593,3,False,21.0,25.0,True,True
4,1995,99.0,Detached,1,22.5,True,Oil boiler,9.583233735438927,50.40890587047074,1,False,21.0,25.0,True,True
5,1987,159.0,Semi,3,90.0,True,Oil boiler,9.433261380444659,50.59841869978877,1,False,21.0,25.0,True,True
6,1979,119.0,Terraced,4,67.5,True,Gas boiler,9.331121738003837,51.1404981653134,1,False,21.0,25.0,True,True
7,1979,119.0,Terraced,4,67.5,True,CHP,10.606058582216317,49.98123324737151,32,False,21.0,25.0,True,True
8,1949,139.0,Detached,1,0.0,True,Gas boiler,9.632157590057556,51.28679631918872,2,False,21.0,25.0,True,True
9,1949,39.0,Semi,0,90.0,False,CHP,10.657031553194845,51.078083743087504,189,False,21.0,25.0,True,True
