,buildingYear,a_ref_app,surrounding,n_persons,roofOrientation,ownership,existingHeatSupply,longitude,latitude,n_apartments,hotWaterElec,comfortT_lb,comfortT_ub,nightReduction,capControl
0,1919,99.0,Terraced,1,0.0,False,Electric heater,12.480798736941097,52.102391648951524,8,False,21.0,25.0,True,True
1,1979,119.0,Semi,2,0.0,False,Oil boiler,9.041638827095218,53.53206215247374,1,False,21.0,25.0,True,True
2,1959,79.0,Terraced,1,45.0,True,CHP,9.201416490033214,53.04173088374246,20,False,21.0,25.0,True,True
3,1969,39.0,Semi,1,45.0,False,CHP,9.626256454220153,53.15642544905275,41,False,21.0,25.0,True,True
4,1969,99.0,Semi,1,45.0,True,Gas boiler,10.003011016335865,50.972516335288915,127,False,21.0,25.0,True,True
5,1979,119.0,Semi,2,22.5,True,CHP,10.475876438492703,50.35642770157323,36,False,21.0,25.0,True,True
6,1979,39.0,Detached,2,45.0,True,CHP,8.162407254173932,51.02559493556928,192,False,21.0,25.0,True,True
7,1949,79.0,Detached,3,22.5,True,Oil boiler,12.048730658164494,50.88103775546184,3,False,21.0,25.0,True,True
8,2001,59.0,Terraced,2,67.5,True,Electric heater,13.360308974325037,52.247820648127394,2,False,21.0,25.0,True,True
9,1949,79.0,Detached,1,90.0,True,Gas boiler,11.08096897795453,50.868601237338304,2,False,21.0,25.0,True,True
10,1959,79.0,Detached,2,45.0,True,CHP,12.929705521686724,52.28656864160694,9,False,21.0,25.0,True,True
11,1969,79.0,Terraced,3,90.0,False,CHP,9.971021592887467,51.652426376120395,33,False,21.0,25.0,True,True
12,1979,59.0,Terraced,1,22.5,False,Electric heater,8.21280230501645,51.56031899459899,12,False,21.0,25.0,True,True
13,1987,139.0,Detached,2,0.0,True,Electric heater,7.8028626156282215,51.727690606579344,4,True,21.0,25.0,True,True
14,1995,79.0,Terraced,1,67.5,False,Gas boiler,11.103599878025827,48.53389886556573,14,False,21.0,25.0,True,True
15,2001,79.0,Semi,4,22.5,False,Oil boiler,7.996687406185985,50.28867425793208,11,False,21.0,25.0,True,True
16,2009,119.0,Terraced,1,22.5,False,Gas boiler,10.175034322690387,48.79408386269886,15,False,21.0,25.0,True,True
17,1987,159.0,Semi,4,22.5,False,Oil boiler,10.635182364491019,50.17163212979477,54,False,21.0,25.0,True,True
18,2001,39.0,Terraced,1,67.5,True,Gas boiler,12.12003676431858,51.975107197181224,5,False,21.0,25.0,True,True
19,1949,139.0,Detached,3,22.5,True,Oil boiler,12.724258245929304,52.675634334443856,1,False,21.0,25.0,True,True
20,1979,39.0,Detached,4,45.0,False,Oil boiler,8.886515031802977,51.28642648146792,1,False,21.0,25.0,True,True
21,1959,79.0,Detached,1,90.0,True,Electric heater,10.231544884838105,53.51747401384431,2,True,21.0,25.0,True,True
22,2001,119.0,Detached,4,45.0,True,Oil boiler,7.898367115313018,51.56222615572885,1,False,21.0,25.0,True,True
23,1987,199.0,Detached,4,90.0,False,CHP,8.347690421784772,51.239613575732584,4,False,21.0,25.0,True,True
24,1995,159.0,Detached,1,22.5,True,Heat pump,8.304414881645766,49.36146039355567,3,True,21.0,25.0,True,True
25,1949,59.0,Detached,1,45.0,True,Oil boiler,9.872242559730084,53.472647999893745,1,True,21.0,25.0,True,True
26,1987,199.0,Detached,5,90.0,True,Oil boiler,9.328925561759425,49.10360458493815,1,False,21.0,25.0,True,True
27,1979,59.0,Semi,1,0.0,False,Gas boiler,11.99571825760672,51.505140521600715,1,False,21.0,25.0,True,True
28,1995,139.0,Detached,0,45.0,True,Heat pump,9.815360145686988,50.60697409851076,1,False,21.0,25.0,True,True
29,1959,99.0,Detached,1,45.0,True,Oil boiler,9.170824007923471,52.710553692511624,1,True,21.0,25.0,True,True
30,1919,250.0,Detached,2,0.0,True,District heating,9.058917014375119,51.20630620905555,1,False,21.0,25.0,True,True
31,1959,139.0,Detached,0,22.5,False,District heating,12.863236279179802,50.7674704959369,1,False,21.0,25.0,True,True
32,2020,179.0,Terraced,5,22.5,True,Heat pump,10.585385376670665,48.67255316784018,1,True,21.0,25.0,True,True
33,2009,99.0,Terraced,4,0.0,False,Gas boiler,10.847984447686851,52.653897103826985,1,False,21.0,25.0,True,True
34,1959,179.0,Semi,1,90.0,True,Oil boiler,7.1838411054976055,50.32059417711442,1,False,21.0,25.0,True,True
35,1969,199.0,Terraced,1,45.0,True,District heating,8.249675660342824,52.43450705963278,1,False,21.0,25.0,True,True
36,1959,159.0,Terraced,2,22.5,False,Oil boiler,10.316257875549688,50.74028095931418,2,False,21.0,25.0,True,True
37,1959,59.0,Detached,1,67.5,True,District heating,9.771209653073633,53.387782980882385,5,True,21.0,25.0,True,True
38,1949,179.0,Semi,5,45.0,True,Gas boiler,12.762268242955082,51.985826295425376,1,False,21.0,25.0,True,True
39,1995,59.0,Semi,4,45.0,True,Oil boiler,11.68184569693778,49.68626260526103,1,False,21.0,25.0,True,True
40,2009,250.0,Semi,5,22.5,False,Pellet boiler,8.624701495341517,49.955006407624744,2,True,21.0,25.0,True,True
41,1959,199.0,Semi,4,22.5,True,District heating,8.382509055022574,49.330174635562344,1,False,21.0,25.0,True,True
42,1949,59.0,Semi,4,22.5,True,Oil boiler,12.354546198907961,53.81549080948687,1,False,21.0,25.0,True,True
43,1979,99.0,Semi,3,22.5,True,Oil boiler,8.950138723087061,50.41892585319165,23,False,21.0,25.0,True,True
44,1995,59.0,Terraced,3,90.0,True,CHP,9.427524583558117,51.052067902649604,52,False,21.0,25.0,True,True
45,1987,59.0,Terraced,1,67.5,True,Oil boiler,8.95637816676478,48.290456178481726,21,False,21.0,25.0,True,True
46,2020,179.0,Terraced,5,22.5,True,Oil boiler,11.001335246385086,52.5470539630433,39,True,21.0,25.0,True,True
47,1995,79.0,Semi,2,22.5,True,Gas boiler,9.588713255104095,49.48131121784185,22,False,21.0,25.0,True,True
48,1959,59.0,Semi,1,0.0,False,Gas boiler,8.202384912474937,50.54836201059109,16,False,21.0,25.0,True,True
49,1995,119.0,Semi,2,22.5,True,Oil boiler,12.263508102949082,52.035444350015055,30,False,21.0,25.0,True,True
50,1949,59.0,Semi,1,67.5,False,Oil boiler,11.89717161003144,52.59655460277598,36,False,21.0,25.0,True,True
51,1919,159.0,Detached,2,45.0,True,CHP,11.348008393780631,50.03358429320141,14,False,21.0,25.0,True,True
52,1949,119.0,Terraced,1,22.5,False,Oil boiler,12.982089992188545,51.64352849707713,3,False,21.0,25.0,True,True
53,2009,159.0,Terraced,2,22.5,True,Heat pump,7.370294005829443,51.051090333453985,4,False,21.0,25.0,True,True
54,1969,99.0,Detached,2,0.0,True,Gas boiler,11.308180213517101,48.74591963347054,1,False,21.0,25.0,True,True
55,2001,119.0,Detached,4,45.0,True,Oil boiler,9.092898920028382,49.27686975938868,1,False,21.0,25.0,True,True
56,2001,159.0,Detached,0,90.0,True,Gas boiler,12.11614486378771,50.81435537533788,16,False,21.0,25.0,True,True
57,1959,99.0,Terraced,0,45.0,False,Electric heater,8.465172822477342,50.19583299623086,20,False,21.0,25.0,True,True
58,1979,99.0,Semi,0,0.0,False,Gas boiler,8.80622796666544,50.66807185588837,45,False,21.0,25.0,True,True
59,1987,199.0,Terraced,0,22.5,True,Gas boiler,9.175560091910718,50.44391441719117,156,False,21.0,25.0,True,True
60,1959,119.0,Detached,1,22.5,True,District heating,7.884528957429707,50.03344946512675,6,False,21.0,25.0,True,True
61,1919,99.0,Detached,3,67.5,False,Gas boiler,11.410076476614055,50.9173917938209,1,False,21.0,25.0,True,True
62,1959,99.0,Terraced,4,22.5,True,CHP,8.36811226788102,50.18312115465391,13,False,21.0,25.0,True,True
63,1969,39.0,Terraced,1,90.0,False,Gas boiler,7.611256020449419,50.54918216934976,53,False,21.0,25.0,True,True
64,1969,119.0,Terraced,1,22.5,True,Gas boiler,9.587256629226424,52.03361247755077,194,False,21.0,25.0,True,True
65,1979,99.0,Terraced,2,22.5,False,Electric heater,10.126187354831298,48.435049417115216,51,False,21.0,25.0,True,True
66,2001,119.0,Detached,4,67.5,True,Oil boiler,11.127805439627934,48.539655011126854,1,False,21.0,25.0,True,True
67,1919,59.0,Detached,3,67.5,False,Gas boiler,8.133097230211082,50.4289701846427,5,False,21.0,25.0,True,True
68,1919,79.0,Terraced,2,67.5,False,Oil boiler,12.843371680351392,52.213640115923425,5,True,21.0,25.0,True,True
69,1959,59.0,Detached,1,22.5,False,Oil boiler,8.982637156051293,49.16042336847073,2,False,21.0,25.0,True,True
70,1969,39.0,Detached,1,90.0,True,CHP,8.181235490005998,51.03227836560885,6,True,21.0,25.0,True,True
71,1969,79.0,Semi,3,67.5,True,Oil boiler,9.111808719730458,49.23184274467668,32,False,21.0,25.0,True,True
72,1979,59.0,Detached,1,67.5,False,Oil boiler,11.41412718645574,52.49167303770629,10,False,21.0,25.0,True,True
73,1987,39.0,Semi,2,22.5,False,District heating,10.373533828413635,48.59652799392752,6,False,21.0,25.0,True,True
74,1995,59.0,Detached,1,22.5,False,District heating,11.425502346987559,52.73802796300251,7,False,21.0,25.0,True,True
75,1987,139.0,Terraced,4,90.0,True,Gas boiler,7.742929310094032,50.792348297007976,13,False,21.0,25.0,True,True
76,2009,39.0,Terraced,1,22.5,True,Electric heater,10.963621132337964,48.19695004398765,20,True,21.0,25.0,True,True
77,1949,119.0,Terraced,2,90.0,False,CHP,7.382232903436409,50.90545460803167,20,False,21.0,25.0,True,True
78,1987,59.0,Terraced,0,67.5,True,Electric heater,11.285713736072449,51.04859729494147,21,False,21.0,25.0,True,True
79,2009,159.0,Detached,0,45.0,True,District heating,8.944400668461828,48.621689434016,1,False,21.0,25.0,True,True
80,1979,159.0,Detached,2,22.5,False,District heating,11.118709440904711,48.837228183547914,1,True,21.0,25.0,True,True
81,1919,199.0,Detached,4,90.0,True,District heating,9.962104767449626,52.487244830804116,2,False,21.0,25.0,True,True
82,1969,79.0,Semi,4,45.0,False,Electric heater,9.553703958181565,48.4399580389406,2,False,21.0,25.0,True,True
83,2001,59.0,Detached,4,45.0,True,Oil boiler,13.063527771999826,51.18844806224208,1,False,21.0,25.0,True,True
84,1979,139.0,Detached,1,0.0,True,Oil boiler,9.959279287072942,51.8091125468592,1,False,21.0,25.0,True,True
85,1979,139.0,Detached,1,90.0,True,Gas boiler,10.704203070422047,48.55951421943655,1,True,21.0,25.0,True,True
86,1979,250.0,Semi,5,0.0,True,Oil boiler,9.554601433660274,49.74390556012597,1,False,21.0,25.0,True,True
87,2009,250.0,Semi,5,22.5,True,Pellet boiler,10.027597952777501,48.79086049651876,1,True,21.0,25.0,True,True
88,2009,159.0,Detached,2,22.5,True,Gas boiler,9.469733956563076,53.22121019893673,1,False,21.0,25.0,True,True
89,2001,59.0,Detached,3,22.5,False,District heating,11.447995805802574,51.39335215960947,1,False,21.0,25.0,True,True
90,1995,139.0,Detached,2,22.5,False,Heat pump,7.34784149178255,52.08512132169459,1,False,21.0,25.0,True,True
91,1995,139.0,Detached,5,22.5,True,Oil boiler,9.318843056481475,53.198599901687096,1,True,21.0,25.0,True,True
92,1987,159.0,Detached,3,22.5,True,Gas boiler,8.100650705517301,49.864332288517296,1,False,21.0,25.0,True,True
93,1995,59.0,Terraced,4,22.5,False,Pellet boiler,12.639301601515118,51.92888274325249,1,False,21.0,25.0,True,True
94,1979,59.0,Semi,1,45.0,True,Gas boiler,7.145147719071031,50.90161116034097,1,False,21.0,25.0,True,True
95,1979,59.0,Terraced,1,0.0,True,Oil boiler,9.74434979152888,49.02479030284604,1,False,21.0,25.0,True,True
96,1969,59.0,Detached,3,67.5,False,Gas boiler,8.06256922031962,52.13623722435415,1,True,21.0,25.0,True,True
97,2020,179.0,Terraced,2,90.0,True,District heating,7.31729418478172,50.12449356941304,1,False,21.0,25.0,True,True
98,2009,179.0,Semi,2,22.5,True,Oil boiler,9.295081214745306,51.99686186981934,1,False,21.0,25.0,True,True
99,1969,139.0,Detached,2,0.0,True,Gas boiler,8.812285941902934,49.11274258952017,1,False,21.0,25.0,True,True
100,1987,139.0,Semi,5,45.0,True,Gas boiler,12.40622459186712,51.65822979786957,1,False,21.0,25.0,True,True
101,1987,119.0,Semi,4,67.5,False,Gas boiler,7.28583124740479,51.28406169433602,1,False,21.0,25.0,True,True
102,1987,79.0,Semi,2,45.0,False,Electric heater,11.123605960443422,53.09474833059985,2,True,21.0,25.0,True,True
103,1979,79.0,Detached,3,45.0,True,CHP,9.00547216510969,50.41365393090056,15,False,21.0,25.0,True,True
104,1979,59.0,Semi,3,22.5,False,CHP,11.98671895893882,49.06151657463254,22,True,21.0,25.0,True,True
105,1987,39.0,Semi,1,45.0,False,Gas boiler,12.660521480646729,51.98497410252046,18,False,21.0,25.0,True,True
106,1919,39.0,Terraced,2,22.5,False,Gas boiler,10.188433554110114,51.239010747347244,122,False,21.0,25.0,True,True
107,1987,199.0,Semi,5,22.5,True,CHP,10.192097229904395,51.62730658183531,23,True,21.0,25.0,True,True
108,2020,179.0,Terraced,1,90.0,True,Gas boiler,8.627394774146207,50.570341944846184,15,False,21.0,25.0,True,True
109,1969,59.0,Terraced,2,67.5,False,Electric heater,11.704525180190132,50.229136231364485,30,True,21.0,25.0,True,True
110,1949,79.0,Terraced,2,45.0,True,Gas boiler,12.591785127823613,52.0147242059464,35,False,21.0,25.0,True,True
111,1919,59.0,Terraced,2,67.5,False,Gas boiler,13.169020052648074,51.896583799819176,13,False,21.0,25.0,True,True
112,1949,59.0,Detached,1,22.5,False,CHP,12.295174499445022,51.76510581078917,7,True,21.0,25.0,True,True
113,1949,79.0,Terraced,2,45.0,False,Oil boiler,7.437952321939338,51.02111665722934,2,False,21.0,25.0,True,True
114,1919,99.0,Detached,2,0.0,False,Gas boiler,13.095645235568028,51.955416624266505,1,False,21.0,25.0,True,True
115,1919,79.0,Semi,0,45.0,False,District heating,12.453130109386404,51.525002537775165,11,False,21.0,25.0,True,True
116,1949,79.0,Semi,0,45.0,True,Gas boiler,12.548117999691009,52.01425278765082,12,False,21.0,25.0,True,True
117,1959,159.0,Semi,0,45.0,False,Electric heater,10.994437468052523,49.70493474348471,21,True,21.0,25.0,True,True
118,1979,199.0,Detached,0,45.0,True,Gas boiler,9.40090596115307,49.88966649226467,45,False,21.0,25.0,True,True
119,1959,99.0,Semi,5,22.5,True,Gas boiler,8.461216264246348,52.34012665783865,1,False,21.0,25.0,True,True
120,1919,79.0,Semi,1,22.5,True,Gas boiler,13.371705386774973,52.035332112887446,12,False,21.0,25.0,True,True
121,1919,79.0,Terraced,2,0.0,True,Electric heater,10.159080088592047,53.99997673740496,14,False,21.0,25.0,True,True
122,1959,79.0,Terraced,5,67.5,True,Electric heater,10.707383767301607,50.24832467065483,11,False,21.0,25.0,True,True
123,1979,119.0,Terraced,1,45.0,True,CHP,10.820069177270842,51.375819712389394,32,False,21.0,25.0,True,True
124,1969,119.0,Terraced,1,22.5,True,Oil boiler,11.053163676601596,48.39336051340392,231,True,21.0,25.0,True,True
125,1949,59.0,Semi,2,45.0,True,CHP,11.870379251667245,51.42051569206531,28,False,21.0,25.0,True,True
126,1949,79.0,Terraced,2,45.0,False,Oil boiler,9.984647418545812,48.6252386850798,2,False,21.0,25.0,True,True
127,1919,99.0,Semi,3,67.5,True,Gas boiler,9.72113858927485,48.75223610681561,5,True,21.0,25.0,True,True
128,1919,119.0,Terraced,2,22.5,True,Gas boiler,9.521177878668677,51.99054871977589,4,False,21.0,25.0,True,True
129,1919,79.0,Detached,0,0.0,True,District heating,8.036490871022338,50.598769651652866,3,False,21.0,25.0,True,True
130,1959,79.0,Detached,2,45.0,False,Gas boiler,11.895117037136117,52.43729386964844,7,False,21.0,25.0,True,True
131,2009,139.0,Detached,3,45.0,True,Oil boiler,11.87223482513709,48.80847245176114,1,True,21.0,25.0,True,True
132,1979,99.0,Semi,1,90.0,True,Gas boiler,8.22779286392477,50.09089855502402,8,False,21.0,25.0,True,True
133,1987,59.0,Terraced,2,0.0,False,Oil boiler,7.808823515043722,50.65768911476316,8,False,21.0,25.0,True,True
134,1995,79.0,Detached,1,22.5,False,Gas boiler,8.274960352086909,50.993079295919905,7,False,21.0,25.0,True,True
135,2009,79.0,Detached,4,45.0,True,Gas boiler,12.816553492081727,52.33417536631851,7,False,21.0,25.0,True,True
136,2009,99.0,Detached,2,22.5,False,Electric heater,9.348398810409059,50.198647290644686,17,False,21.0,25.0,True,True
137,1979,99.0,Semi,2,90.0,False,Gas boiler,11.111668866315462,51.89500733006148,42,False,21.0,25.0,True,True
138,1959,199.0,Semi,5,22.5,True,District heating,12.47964139321747,48.56659746883947,1,True,21.0,25.0,True,True
139,1969,59.0,Detached,2,90.0,False,District heating,11.873412674935468,50.58034177604108,1,False,21.0,25.0,True,True
140,1995,119.0,Detached,2,90.0,True,Gas boiler,11.721810437266804,51.87212199294194,2,False,21.0,25.0,True,True
141,1987,179.0,Detached,4,45.0,True,District heating,9.058766597962858,49.55094448943718,2,False,21.0,25.0,True,True
142,1979,99.0,Detached,1,90.0,True,Gas boiler,7.675270494823563,51.79855121778298,1,False,21.0,25.0,True,True
143,1969,59.0,Detached,4,45.0,False,Gas boiler,13.34646424464547,51.273916343657554,2,False,21.0,25.0,True,True
144,1949,119.0,Detached,1,22.5,True,Oil boiler,12.638133999302726,52.46106056716905,1,False,21.0,25.0,True,True
145,1979,139.0,Detached,1,90.0,False,Gas boiler,13.06224827853028,52.56502096125351,1,False,21.0,25.0,True,True
146,1987,119.0,Semi,5,90.0,True,Gas boiler,8.150653338822863,50.5920630383457,3,False,21.0,25.0,True,True
147,1949,59.0,Semi,1,45.0,True,District heating,12.732200728755132,52.39474399867887,1,False,21.0,25.0,True,True
148,2001,99.0,Detached,3,67.5,True,Pellet boiler,11.033722304717536,53.1206417508961,1,False,21.0,25.0,True,True
149,2009,159.0,Detached,3,67.5,True,Gas boiler,13.225092221617054,52.68545629812164,1,False,21.0,25.0,True,True
150,1995,119.0,Detached,2,67.5,False,Oil boiler,8.615899346271712,49.46581024550001,1,False,21.0,25.0,True,True
151,1995,79.0,Detached,1,45.0,False,Heat pump,9.775584557886216,52.93937043085204,2,True,21.0,25.0,True,True
152,1919,99.0,Terraced,3,67.5,False,Gas boiler,7.2082232966603765,50.77146192766239,1,False,21.0,25.0,True,True
153,1995,59.0,Terraced,4,67.5,True,District heating,13.554733273014467,51.94196899069716,1,False,21.0,25.0,True,True
154,2009,139.0,Semi,1,0.0,True,Oil boiler,9.199418600098111,49.897641526813494,2,False,21.0,25.0,True,True
155,2001,99.0,Terraced,1,22.5,False,Oil boiler,11.164864673638347,53.24954611500152,1,False,21.0,25.0,True,True
156,1995,39.0,Semi,4,67.5,True,Heat pump,13.259532362063759,51.9619359051256,1,False,21.0,25.0,True,True
157,1987,139.0,Terraced,2,90.0,True,Gas boiler,10.086866311517898,53.0918981291566,1,False,21.0,25.0,True,True
158,1959,179.0,Semi,2,0.0,False,Gas boiler,8.814362176476065,52.34683537818751,1,True,21.0,25.0,True,True
159,1959,119.0,Semi,1,22.5,True,Oil boiler,6.879748968363322,51.08566595501595,1,True,21.0,25.0,True,True
160,1969,79.0,Semi,2,90.0,False,District heating,9.16957612195882,50.60520992655286,3,False,21.0,25.0,True,True
161,1987,99.0,Semi,4,67.5,False,District heating,10.196713738262545,49.06877955992401,1,False,21.0,25.0,True,True
162,1969,159.0,Semi,4,0.0,False,Oil boiler,9.822649156272089,53.66513151076815,1,False,21.0,25.0,True,True
163,2001,59.0,Detached,3,90.0,False,Gas boiler,12.442483894446863,51.90808721234361,26,False,21.0,25.0,True,True
164,1995,250.0,Detached,3,22.5,False,Gas boiler,13.377298176321675,51.705268349545605,1,False,21.0,25.0,True,True
165,1987,59.0,Terraced,1,90.0,True,Oil boiler,13.08121041249666,51.72549993591634,17,False,21.0,25.0,True,True
166,1969,139.0,Detached,2,0.0,True,Gas boiler,7.284898493181906,51.479579005709695,1,False,21.0,25.0,True,True
167,1919,139.0,Semi,2,45.0,False,Oil boiler,9.275589416867728,51.92945859326802,17,False,21.0,25.0,True,True
168,1959,79.0,Terraced,1,22.5,True,Oil boiler,11.999765685480806,48.69605537959612,13,False,21.0,25.0,True,True
169,1969,79.0,Semi,2,90.0,False,CHP,8.32462725778717,50.426751383510165,31,False,21.0,25.0,True,True
170,1979,250.0,Semi,3,22.5,True,Electric heater,11.79053907683819,49.37902985936581,2,False,21.0,25.0,True,True
171,1919,99.0,Detached,1,22.5,False,Oil boiler,8.539029123154101,50.60716556077219,13,True,21.0,25.0,True,True
172,1949,79.0,Detached,1,90.0,True,District heating,8.520202967748812,49.23885603512429,6,False,21.0,25.0,True,True
173,1959,139.0,Semi,2,90.0,True,Oil boiler,7.669178744449922,49.80763806892385,1,False,21.0,25.0,True,True
174,1979,179.0,Detached,1,0.0,True,District heating,9.741538696566462,53.66132630069548,1,False,21.0,25.0,True,True
175,1919,79.0,Terraced,0,0.0,False,Gas boiler,12.058567311277844,50.67600982517555,11,False,21.0,25.0,True,True
176,1919,59.0,Semi,0,45.0,True,CHP,11.456140730160978,52.081044941822974,20,False,21.0,25.0,True,True
177,1959,79.0,Semi,0,45.0,False,Oil boiler,10.888772718016536,53.20301025853305,18,False,21.0,25.0,True,True
178,1969,79.0,Terraced,0,22.5,False,Gas boiler,11.414468347867917,51.817504334701326,42,False,21.0,25.0,True,True
179,1949,79.0,Terraced,0,22.5,False,Electric heater,10.494270492330038,52.114161337861766,182,False,21.0,25.0,True,True
180,1987,119.0,Detached,1,67.5,False,Oil boiler,11.713011855984139,48.63071765203876,1,False,21.0,25.0,True,True
181,1969,39.0,Terraced,1,67.5,False,Gas boiler,12.08918584173458,50.42035389469388,56,False,21.0,25.0,True,True
182,1979,99.0,Detached,1,90.0,True,Gas boiler,7.69692052843371,50.15880457028688,1,False,21.0,25.0,True,True
183,1959,159.0,Detached,1,22.5,True,District heating,8.44877658319384,49.572845993397415,1,False,21.0,25.0,True,True
184,1969,59.0,Terraced,1,45.0,True,CHP,10.311473929749567,53.38403547345357,14,False,21.0,25.0,True,True
185,2009,59.0,Terraced,1,90.0,False,Gas boiler,12.547647600221273,51.184465969366165,26,False,21.0,25.0,True,True
186,1969,99.0,Detached,3,67.5,False,Gas boiler,9.712967169103015,53.09935053463955,1,False,21.0,25.0,True,True
187,2001,250.0,Detached,4,45.0,False,Gas boiler,9.721649811967792,53.095423819203766,1,False,21.0,25.0,True,True
188,2001,59.0,Detached,4,90.0,False,Oil boiler,11.969998110099038,49.038696413924264,3,False,21.0,25.0,True,True
189,1959,159.0,Detached,1,22.5,False,Gas boiler,8.156443895983092,51.09998585131147,2,True,21.0,25.0,True,True
190,2009,250.0,Detached,5,90.0,True,Pellet boiler,8.13869539287495,52.789665048989825,1,False,21.0,25.0,True,True
191,1995,159.0,Semi,1,90.0,False,Gas boiler,8.887674831437263,48.883806948791644,1,False,21.0,25.0,True,True
192,1995,139.0,Terraced,2,67.5,False,Electric heater,8.939077054736583,49.67651967275803,2,False,21.0,25.0,True,True
193,1995,199.0,Semi,5,22.5,True,District heating,10.873067699320293,48.139830232890624,1,False,21.0,25.0,True,True
194,1979,79.0,Terraced,3,22.5,False,Gas boiler,11.355729889636848,51.85275564373741,30,True,21.0,25.0,True,True
195,1995,159.0,Semi,2,90.0,False,Gas boiler,9.62987426701483,51.32777633904128,19,True,21.0,25.0,True,True
196,1969,139.0,Detached,2,0.0,True,Gas boiler,7.386893730285776,50.018407951908436,1,False,21.0,25.0,True,True
197,1949,119.0,Terraced,2,45.0,True,Electric heater,7.020688736015976,50.5251602907328,2,False,21.0,25.0,True,True
198,1949,79.0,Detached,1,90.0,True,Gas boiler,8.628382448194825,52.844930188528586,2,False,21.0,25.0,True,True
199,1969,39.0,Terraced,0,22.5,False,Gas boiler,8.541790664737626,51.17688907738251,205,True,21.0,25.0,True,True
