,buildingYear,a_ref_app,surrounding,n_persons,roofOrientation,ownership,existingHeatSupply,longitude,latitude,n_apartments,hotWaterElec,comfortT_lb,comfortT_ub,nightReduction,capControl
0,1919,79.0,Terraced,1,0.0,False,Oil boiler,10.326243691728841,51.21423086926054,11,False,21.0,25.0,True,True
1,1959,99.0,Detached,1,45.0,True,Electric heater,7.905114097863489,50.66591049395364,20,False,21.0,25.0,True,True
2,1969,79.0,Semi,2,67.5,True,CHP,9.24794577132192,51.82652991120648,50,False,21.0,25.0,True,True
3,1987,79.0,Semi,3,45.0,False,Oil boiler,8.685938028003807,50.13185494569635,5,False,21.0,25.0,True,True
4,1949,139.0,Semi,2,45.0,True,Gas boiler,7.253560713618048,51.06944701134251,9,False,21.0,25.0,True,True
5,1969,99.0,Detached,1,22.5,True,Oil boiler,8.724739020854077,50.425338388796476,8,False,21.0,25.0,True,True
6,1959,119.0,Terraced,4,45.0,True,Oil boiler,9.194934909464529,49.94822479063152,9,False,21.0,25.0,True,True
7,1919,79.0,Detached,2,90.0,True,CHP,11.136923724083392,51.0725794752208,15,False,21.0,25.0,True,True
8,1995,119.0,Detached,4,90.0,True,Gas boiler,11.41307578488182,52.201244084459645,1,False,21.0,25.0,True,True
9,1959,119.0,Detached,4,67.5,True,Gas boiler,8.670370375718795,50.146662170362376,1,False,21.0,25.0,True,True
10,1949,250.0,Detached,1,22.5,True,District heating,10.632985817381751,51.25200069409079,1,False,21.0,25.0,True,True
11,1959,159.0,Semi,5,22.5,False,Gas boiler,9.162620447464263,50.87367329412873,1,False,21.0,25.0,True,True
12,2001,59.0,Detached,2,45.0,False,Gas boiler,10.102089615842878,52.08464733079334,1,False,21.0,25.0,True,True
13,1959,59.0,Terraced,3,67.5,True,Gas boiler,11.112000273187014,52.402106921761316,1,True,21.0,25.0,True,True
14,2001,39.0,Semi,1,22.5,False,District heating,9.056879642578611,49.65739731002385,1,False,21.0,25.0,True,True
15,1979,59.0,Terraced,2,90.0,False,Gas boiler,8.123056239772135,50.412925960151405,1,False,21.0,25.0,True,True
16,2009,179.0,Semi,5,45.0,False,Pellet boiler,9.012422947169787,50.00156715917832,1,False,21.0,25.0,True,True
17,1959,139.0,Semi,2,22.5,False,Electric heater,11.214055677808137,52.2533001966724,2,False,21.0,25.0,True,True
18,1949,39.0,Terraced,3,67.5,False,Gas boiler,10.303353206939251,50.87509226366146,42,False,21.0,25.0,True,True
19,1949,59.0,Terraced,2,67.5,True,District heating,11.74334768977931,50.851455765158384,25,False,21.0,25.0,True,True
20,1969,59.0,Terraced,2,67.5,False,CHP,10.423383764430135,51.06143109923119,31,False,21.0,25.0,True,True
21,1979,99.0,Terraced,1,45.0,True,Gas boiler,10.146332712415834,51.07954136150284,6,True,21.0,25.0,True,True
22,1995,139.0,Detached,2,0.0,True,Oil boiler,9.460500910114163,50.18624735446545,1,False,21.0,25.0,True,True
23,1987,99.0,Semi,0,67.5,False,Gas boiler,11.296730078734381,50.96444572415264,18,False,21.0,25.0,True,True
24,1949,79.0,Semi,0,45.0,False,CHP,8.736947622822957,50.8828784710244,201,True,21.0,25.0,True,True
