,buildingYear,a_ref_app,surrounding,n_persons,roofOrientation,ownership,existingHeatSupply,longitude,latitude,n_apartments,hotWaterElec,comfortT_lb,comfortT_ub,nightReduction,capControl
0,1919,59.0,Terraced,1,0.0,False,CHP,11.08344987288766,52.88781328009069,6,False,21.0,25.0,True,True
1,1949,79.0,Terraced,2,90.0,False,Oil boiler,6.97357452224235,51.10753494144349,2,False,21.0,25.0,True,True
2,1949,59.0,Semi,1,22.5,True,CHP,10.869617525342196,54.40227569861752,15,False,21.0,25.0,True,True
3,1969,59.0,Detached,1,67.5,False,Electric heater,9.541620868641582,52.95679419431876,29,False,21.0,25.0,True,True
4,1969,99.0,Detached,1,67.5,False,Oil boiler,8.654907404172649,48.698395606234776,2,False,21.0,25.0,True,True
5,1995,139.0,Detached,2,22.5,True,Gas boiler,8.422888067003933,53.26007559047941,1,False,21.0,25.0,True,True
6,1995,119.0,Detached,4,90.0,True,Oil boiler,10.220406802373642,51.58650822522748,1,False,21.0,25.0,True,True
7,1919,79.0,Detached,3,90.0,True,CHP,11.281273243903676,52.710948267122596,4,False,21.0,25.0,True,True
8,1987,119.0,Terraced,2,22.5,False,Gas boiler,6.747677635918091,51.012590582899534,1,False,21.0,25.0,True,True
9,2009,99.0,Detached,1,45.0,True,Gas boiler,8.952537101555782,51.36431264081899,2,False,21.0,25.0,True,True
10,1959,79.0,Detached,2,67.5,True,CHP,10.091688698203148,54.022582649993495,12,False,21.0,25.0,True,True
11,1969,79.0,Detached,3,67.5,False,Electric heater,12.066581798825657,52.69857497544576,34,False,21.0,25.0,True,True
12,1979,39.0,Semi,1,22.5,False,CHP,9.740423361035404,52.49239617553397,9,False,21.0,25.0,True,True
13,1987,59.0,Semi,2,90.0,False,Electric heater,12.298972303986655,51.324584975114064,8,True,21.0,25.0,True,True
14,1995,79.0,Detached,1,0.0,False,Gas boiler,9.666976875147004,48.799256200251016,8,False,21.0,25.0,True,True
15,2009,59.0,Detached,4,0.0,False,CHP,7.728876378083173,50.808407387278436,12,False,21.0,25.0,True,True
16,2001,39.0,Detached,1,0.0,False,Gas boiler,8.295735024756466,50.32489370091559,29,False,21.0,25.0,True,True
17,1919,79.0,Terraced,2,90.0,False,Electric heater,11.706012027070592,52.810914840061955,326,False,21.0,25.0,True,True
18,2020,59.0,Terraced,1,90.0,False,Gas boiler,9.682506893826265,51.475398290637585,26,False,21.0,25.0,True,True
19,2001,139.0,Detached,3,90.0,True,Pellet boiler,9.727874067778384,53.49189615214891,1,False,21.0,25.0,True,True
20,1987,119.0,Detached,5,0.0,False,Oil boiler,11.239117811880144,49.02328254745019,1,False,21.0,25.0,True,True
21,1969,139.0,Detached,4,90.0,True,Electric heater,9.849230763628812,53.810732308494416,2,True,21.0,25.0,True,True
22,1987,159.0,Detached,4,90.0,True,Oil boiler,8.284830551260933,51.07558227349934,1,False,21.0,25.0,True,True
23,1995,59.0,Detached,1,45.0,False,Electric heater,10.18260190069919,53.86646489832042,4,False,21.0,25.0,True,True
24,2009,199.0,Detached,3,22.5,False,Gas boiler,10.986354760590647,48.72077701552075,2,True,21.0,25.0,True,True
25,1987,99.0,Detached,1,90.0,True,Oil boiler,9.892335936597123,53.8160030838195,1,True,21.0,25.0,True,True
26,1959,79.0,Semi,5,22.5,False,Electric heater,8.609865752326918,49.43717836089182,2,False,21.0,25.0,True,True
27,1949,99.0,Detached,1,45.0,True,Gas boiler,6.713866153317455,51.251170559635966,2,False,21.0,25.0,True,True
28,1919,119.0,Detached,3,90.0,True,District heating,8.634670817532665,53.29689998904769,1,False,21.0,25.0,True,True
29,2009,199.0,Detached,5,90.0,True,Pellet boiler,6.810205240334132,51.56231528042308,1,True,21.0,25.0,True,True
30,1987,159.0,Detached,2,90.0,True,Oil boiler,9.896285937605512,48.977770799948026,1,False,21.0,25.0,True,True
31,1919,119.0,Detached,4,90.0,True,District heating,12.944477938558654,51.9877602607537,1,False,21.0,25.0,True,True
32,1969,179.0,Terraced,3,0.0,True,Gas boiler,11.29925134697616,48.48842419042828,1,True,21.0,25.0,True,True
33,1959,99.0,Terraced,4,0.0,False,Gas boiler,9.355239577396507,53.32517551988667,1,False,21.0,25.0,True,True
34,1995,139.0,Detached,2,22.5,True,Gas boiler,6.747992706943398,50.97617716801211,1,False,21.0,25.0,True,True
35,1969,179.0,Terraced,1,22.5,True,Oil boiler,8.544549178036027,53.40109234154621,1,False,21.0,25.0,True,True
36,1919,99.0,Terraced,2,22.5,False,Oil boiler,13.151767368716445,51.78061588725916,6,False,21.0,25.0,True,True
37,1959,79.0,Terraced,2,45.0,True,Oil boiler,10.03630042608994,53.04586615416537,7,True,21.0,25.0,True,True
38,2009,199.0,Semi,4,90.0,True,Heat pump,13.153755920217968,52.741152388977966,1,False,21.0,25.0,True,True
39,2001,199.0,Terraced,2,22.5,False,Heat pump,10.093630913841416,53.147134833369634,1,False,21.0,25.0,True,True
40,1959,99.0,Semi,5,45.0,False,Gas boiler,8.292116930760983,49.94428131316862,1,True,21.0,25.0,True,True
41,1959,119.0,Semi,4,67.5,True,District heating,6.936363417837902,51.109204968809486,1,False,21.0,25.0,True,True
42,1969,59.0,Semi,1,22.5,False,District heating,9.229712264435864,53.998590564730435,1,False,21.0,25.0,True,True
43,1979,59.0,Semi,3,67.5,True,CHP,9.124742155810214,49.9185240746485,24,False,21.0,25.0,True,True
44,1979,139.0,Terraced,3,0.0,True,Gas boiler,8.904739012595279,52.33010237979895,31,False,21.0,25.0,True,True
45,1949,59.0,Semi,1,22.5,True,Electric heater,12.244677580982957,48.682002978936474,20,False,21.0,25.0,True,True
46,1949,99.0,Detached,1,45.0,True,Gas boiler,7.631443324030954,51.50590052033523,2,True,21.0,25.0,True,True
47,2009,179.0,Terraced,2,67.5,True,Electric heater,10.61217444352049,49.55978373429541,25,False,21.0,25.0,True,True
48,1959,59.0,Semi,1,67.5,False,Electric heater,7.436620834718007,50.90775909879255,16,False,21.0,25.0,True,True
49,1969,79.0,Detached,2,0.0,True,Electric heater,9.325161077734007,49.229750721610145,26,False,21.0,25.0,True,True
50,2001,99.0,Terraced,1,0.0,True,Electric heater,10.30607597493739,49.081192575429085,26,False,21.0,25.0,True,True
51,1987,59.0,Terraced,2,90.0,False,Gas boiler,8.569750565041339,49.04273981388513,1,False,21.0,25.0,True,True
52,1949,79.0,Detached,1,90.0,True,Gas boiler,13.475247761663883,52.0147805319952,6,False,21.0,25.0,True,True
53,1969,99.0,Terraced,3,0.0,True,Electric heater,7.19665528064451,50.48884702097279,2,False,21.0,25.0,True,True
54,1949,119.0,Detached,2,0.0,True,Gas boiler,8.821594751123856,48.565984229796015,1,False,21.0,25.0,True,True
55,1979,119.0,Detached,2,0.0,False,Gas boiler,13.23052163231149,52.84499165541779,1,False,21.0,25.0,True,True
56,1949,59.0,Semi,0,67.5,False,Oil boiler,12.794232885358054,51.7345670288786,20,False,21.0,25.0,True,True
57,1959,59.0,Detached,0,0.0,False,Electric heater,8.174371194396674,49.88579368406926,20,False,21.0,25.0,True,True
58,1969,59.0,Terraced,0,67.5,False,Gas boiler,8.540722145180023,50.67154566359214,43,False,21.0,25.0,True,True
59,1995,119.0,Detached,4,90.0,True,Oil boiler,11.082274259589168,49.68471375382563,1,False,21.0,25.0,True,True
60,1987,179.0,Terraced,1,45.0,True,Oil boiler,7.067674242639662,51.18619172774427,10,False,21.0,25.0,True,True
61,2009,59.0,Detached,2,0.0,False,Gas boiler,8.030453317814008,52.845194339685214,1,False,21.0,25.0,True,True
62,1959,39.0,Detached,1,45.0,True,Electric heater,10.498607508554688,51.88657812901216,21,False,21.0,25.0,True,True
63,1969,39.0,Detached,1,0.0,False,Electric heater,8.359539104934813,49.17686437693134,46,False,21.0,25.0,True,True
64,2001,159.0,Semi,2,90.0,True,Gas boiler,11.54612897695073,51.420396437207756,16,False,21.0,25.0,True,True
65,1979,139.0,Terraced,2,90.0,False,Electric heater,11.258409570415456,50.24859481494031,46,False,21.0,25.0,True,True
66,2009,119.0,Detached,2,0.0,False,Gas boiler,9.912099143524298,53.86710297871363,1,False,21.0,25.0,True,True
67,1919,139.0,Detached,3,67.5,False,Gas boiler,7.941247460307171,51.47794506026257,5,False,21.0,25.0,True,True
68,2009,79.0,Terraced,2,90.0,False,Pellet boiler,9.327878903049031,51.98132020062446,4,True,21.0,25.0,True,True
69,1969,99.0,Detached,1,67.5,False,Oil boiler,8.61220760695095,50.309948973939605,2,False,21.0,25.0,True,True
70,1959,59.0,Detached,2,90.0,False,Gas boiler,7.504293086037357,51.295542007234964,13,True,21.0,25.0,True,True
71,1969,79.0,Terraced,3,90.0,True,Electric heater,9.05281150956799,48.901843012211444,32,False,21.0,25.0,True,True
72,1979,59.0,Detached,1,90.0,False,Oil boiler,12.935790910644549,51.89822725064622,7,False,21.0,25.0,True,True
73,1995,39.0,Detached,2,90.0,False,Pellet boiler,12.490346116942842,49.663018822977335,1,False,21.0,25.0,True,True
74,1995,59.0,Detached,1,22.5,False,Pellet boiler,13.446838792471738,51.62049088032921,1,False,21.0,25.0,True,True
75,1949,159.0,Terraced,2,90.0,False,Oil boiler,8.697770288692727,50.20678418884024,2,False,21.0,25.0,True,True
76,1959,59.0,Semi,5,90.0,True,Electric heater,8.045004867887531,50.54750624118037,11,True,21.0,25.0,True,True
77,1959,119.0,Detached,4,67.5,True,Oil boiler,8.6981939002312,51.07180668774998,1,False,21.0,25.0,True,True
78,1979,179.0,Detached,1,67.5,False,Oil boiler,8.981881896118994,51.69553681286757,1,False,21.0,25.0,True,True
79,1987,199.0,Detached,0,22.5,False,Gas boiler,8.767550988293827,50.48362581667675,2,False,21.0,25.0,True,True
80,1919,250.0,Detached,5,90.0,False,District heating,9.66267745748819,48.25052197022922,1,True,21.0,25.0,True,True
81,1979,139.0,Detached,4,0.0,True,Gas boiler,10.731219692360199,51.54659125449199,1,False,21.0,25.0,True,True
82,2009,139.0,Detached,1,45.0,False,Gas boiler,8.064053142360056,49.98366615313758,6,False,21.0,25.0,True,True
83,1995,139.0,Detached,5,22.5,True,Gas boiler,11.90619804609723,52.900922421488296,1,False,21.0,25.0,True,True
84,1949,159.0,Detached,1,45.0,True,Oil boiler,12.00892121826478,49.374501992120905,1,False,21.0,25.0,True,True
85,1979,139.0,Detached,1,45.0,True,Gas boiler,9.887595865737502,48.25235764089226,1,True,21.0,25.0,True,True
86,1959,119.0,Semi,5,0.0,False,Oil boiler,7.973401737375591,51.701209665563205,1,False,21.0,25.0,True,True
87,1959,250.0,Detached,3,45.0,False,Gas boiler,7.520204888784042,49.57922649776026,1,True,21.0,25.0,True,True
88,1987,119.0,Detached,3,67.5,False,District heating,9.31565718650105,52.3535024661119,1,False,21.0,25.0,True,True
89,1949,99.0,Detached,3,22.5,True,District heating,13.41434909026976,52.445729065544924,1,False,21.0,25.0,True,True
90,1979,159.0,Detached,5,45.0,True,Oil boiler,8.2794584093927,50.78774125088506,3,False,21.0,25.0,True,True
91,2020,139.0,Detached,2,22.5,True,Pellet boiler,9.745649896460009,53.81139018399946,1,True,21.0,25.0,True,True
92,1959,99.0,Detached,3,22.5,True,Oil boiler,8.951528514233184,48.248877729019505,1,False,21.0,25.0,True,True
93,2009,79.0,Terraced,1,22.5,False,Gas boiler,12.3559282650963,52.8003782552245,5,False,21.0,25.0,True,True
94,1959,99.0,Semi,5,90.0,True,Oil boiler,7.690469877396985,50.1545222718456,1,False,21.0,25.0,True,True
95,1959,250.0,Terraced,1,90.0,True,Oil boiler,6.783170513824678,50.80620192240625,1,False,21.0,25.0,True,True
96,1995,139.0,Detached,2,22.5,True,Gas boiler,8.205827802937495,50.13337729775875,1,True,21.0,25.0,True,True
97,1987,139.0,Terraced,2,22.5,True,District heating,8.41733092170948,48.851054626126846,2,False,21.0,25.0,True,True
98,1979,119.0,Semi,4,22.5,True,Gas boiler,9.347813615711914,52.77208587431729,1,False,21.0,25.0,True,True
99,1987,250.0,Detached,4,90.0,True,Oil boiler,8.742408210270657,52.951537943037145,1,False,21.0,25.0,True,True
100,1995,139.0,Semi,5,22.5,True,Gas boiler,13.035742430246337,51.769933639069414,1,False,21.0,25.0,True,True
101,1959,59.0,Semi,4,67.5,False,Gas boiler,7.019537283766099,51.308046050235895,1,False,21.0,25.0,True,True
102,1959,79.0,Semi,2,45.0,False,CHP,12.982387349930214,52.4781273771941,7,True,21.0,25.0,True,True
103,1979,159.0,Semi,3,67.5,True,Electric heater,9.69422239925028,50.937159468894706,22,False,21.0,25.0,True,True
104,1979,79.0,Semi,3,0.0,False,CHP,7.334225610287664,51.401278373466006,39,True,21.0,25.0,True,True
105,1987,99.0,Terraced,1,67.5,False,Oil boiler,9.74178774483437,51.63338700683675,48,False,21.0,25.0,True,True
106,1987,119.0,Detached,2,22.5,False,Oil boiler,9.709499799237705,50.39735832684586,68,False,21.0,25.0,True,True
107,1995,59.0,Detached,2,67.5,True,District heating,12.978930500724976,52.898009284526935,23,True,21.0,25.0,True,True
108,1959,59.0,Terraced,1,45.0,True,Gas boiler,7.545548986176285,50.89496847538149,15,False,21.0,25.0,True,True
109,2020,99.0,Terraced,2,45.0,True,Pellet boiler,6.918470435203729,51.29734998275956,1,True,21.0,25.0,True,True
110,1987,250.0,Detached,2,0.0,True,District heating,12.256518033759757,48.70681454262455,1,False,21.0,25.0,True,True
111,1969,99.0,Detached,2,67.5,False,Gas boiler,10.090624849209638,52.16197105188826,1,False,21.0,25.0,True,True
112,1949,59.0,Terraced,1,90.0,False,District heating,12.52626733206619,50.24167850525634,6,True,21.0,25.0,True,True
113,1949,59.0,Terraced,2,90.0,False,Oil boiler,11.540274540822733,48.50428073594205,2,False,21.0,25.0,True,True
114,1987,99.0,Detached,2,0.0,False,Gas boiler,13.750552350080257,51.57518057817067,1,False,21.0,25.0,True,True
115,1919,59.0,Detached,0,67.5,False,Electric heater,12.52414810006914,51.193558122172085,13,False,21.0,25.0,True,True
116,1949,79.0,Detached,0,22.5,True,CHP,13.477673687777033,52.266542069746244,16,False,21.0,25.0,True,True
117,1959,59.0,Semi,0,22.5,False,CHP,12.173659412507241,51.223306848920856,15,True,21.0,25.0,True,True
118,1969,59.0,Detached,0,67.5,True,Gas boiler,10.329711798370191,53.10156877223144,44,False,21.0,25.0,True,True
119,2009,99.0,Semi,5,22.5,True,Gas boiler,10.730498746889584,51.99707496137744,1,False,21.0,25.0,True,True
120,1969,79.0,Terraced,1,45.0,True,Gas boiler,12.912265848567333,51.70243984029657,2,False,21.0,25.0,True,True
121,1949,79.0,Semi,2,90.0,False,Electric heater,13.322713503355843,51.477594778596455,3,False,21.0,25.0,True,True
122,1959,59.0,Detached,1,45.0,False,Gas boiler,9.19427737327938,49.86028622638586,21,False,21.0,25.0,True,True
123,1969,79.0,Semi,1,90.0,True,CHP,8.050318522853505,51.922526504803834,44,False,21.0,25.0,True,True
124,1969,99.0,Semi,1,90.0,True,Gas boiler,9.133122457715071,48.9889343468093,176,True,21.0,25.0,True,True
125,1987,99.0,Detached,2,90.0,False,District heating,10.190972897813747,51.50241027832476,311,False,21.0,25.0,True,True
126,1979,159.0,Semi,5,22.5,True,Gas boiler,9.780029249900592,53.711402550066396,1,False,21.0,25.0,True,True
127,1919,179.0,Detached,3,0.0,True,Gas boiler,8.78873276261595,49.35028364939705,4,True,21.0,25.0,True,True
128,1919,79.0,Terraced,2,90.0,True,Gas boiler,12.26568754281346,51.589693743392644,3,False,21.0,25.0,True,True
129,2009,99.0,Detached,1,90.0,True,Gas boiler,6.984508694091459,49.96493509306916,1,False,21.0,25.0,True,True
130,1959,59.0,Detached,2,67.5,False,Gas boiler,10.914428518185108,52.86317646342557,4,False,21.0,25.0,True,True
131,1969,79.0,Detached,3,0.0,True,Gas boiler,7.277473735568805,51.92342733188788,33,True,21.0,25.0,True,True
132,1979,99.0,Semi,1,45.0,True,Gas boiler,7.129379397136292,51.067393349401314,8,False,21.0,25.0,True,True
133,1987,99.0,Detached,2,45.0,False,Oil boiler,8.456270925577467,49.42108628038609,8,False,21.0,25.0,True,True
134,1995,79.0,Detached,1,22.5,False,Gas boiler,8.168716288286703,51.40086653477476,7,False,21.0,25.0,True,True
135,1969,119.0,Semi,4,90.0,True,CHP,8.051687731811866,50.626727252656316,10,False,21.0,25.0,True,True
136,2001,39.0,Terraced,3,0.0,False,Pellet boiler,12.401473766814782,53.74675232861037,1,False,21.0,25.0,True,True
137,2001,59.0,Terraced,1,67.5,False,Gas boiler,9.746064338373289,51.05307677608312,76,False,21.0,25.0,True,True
138,1987,79.0,Detached,2,67.5,False,Oil boiler,10.59602450699958,50.49132191881821,245,True,21.0,25.0,True,True
139,2009,179.0,Detached,3,0.0,True,Gas boiler,8.081194301067386,52.312758280377984,1,False,21.0,25.0,True,True
140,2009,159.0,Detached,2,45.0,True,Gas boiler,13.181712046992729,52.35917161555183,1,False,21.0,25.0,True,True
141,1979,250.0,Detached,4,90.0,True,District heating,10.146676899800497,50.89944881038553,1,False,21.0,25.0,True,True
142,1969,59.0,Detached,2,0.0,False,Electric heater,9.69774695953753,51.078450106219925,7,False,21.0,25.0,True,True
143,1987,59.0,Detached,4,90.0,False,Electric heater,13.302317955523245,52.32457651507835,2,False,21.0,25.0,True,True
144,1949,99.0,Detached,1,22.5,False,Oil boiler,13.180314450890169,53.526065042280365,1,False,21.0,25.0,True,True
145,1979,39.0,Detached,1,45.0,True,Gas boiler,10.047469514249887,53.93274279852483,1,False,21.0,25.0,True,True
146,2009,99.0,Semi,5,67.5,True,Heat pump,6.823992107236269,51.529404518646665,1,False,21.0,25.0,True,True
147,1995,59.0,Semi,1,90.0,True,District heating,11.715307859161426,53.11704147844664,1,False,21.0,25.0,True,True
148,2001,99.0,Detached,3,67.5,True,Oil boiler,12.694386809670572,52.37640971697955,1,False,21.0,25.0,True,True
149,2001,139.0,Detached,4,90.0,True,Gas boiler,13.020106378243954,53.24066767814683,1,False,21.0,25.0,True,True
150,2009,250.0,Detached,2,67.5,True,Oil boiler,7.557581832655962,49.61222722743362,1,False,21.0,25.0,True,True
151,1959,79.0,Detached,2,90.0,False,District heating,9.562639927516694,52.90745380551505,2,True,21.0,25.0,True,True
152,1987,139.0,Terraced,2,22.5,False,Gas boiler,7.192684238158347,51.45852702187733,1,False,21.0,25.0,True,True
153,1919,119.0,Terraced,4,22.5,True,District heating,11.226424856983202,51.27866996680648,1,False,21.0,25.0,True,True
154,1969,59.0,Semi,1,90.0,True,Gas boiler,7.627749590316637,51.566361749948996,2,False,21.0,25.0,True,True
155,2001,139.0,Terraced,1,90.0,True,Pellet boiler,9.232148500709219,54.264620738864174,1,False,21.0,25.0,True,True
156,1949,99.0,Terraced,1,22.5,False,District heating,12.784978679825276,53.84362532819223,1,False,21.0,25.0,True,True
157,1987,139.0,Terraced,2,45.0,True,Gas boiler,11.566542183708812,51.491549999421764,1,False,21.0,25.0,True,True
158,1979,250.0,Semi,2,90.0,True,Gas boiler,8.662731269074161,49.1822912484697,1,True,21.0,25.0,True,True
159,1959,139.0,Detached,2,22.5,True,Gas boiler,9.254882954443573,51.80629993037293,1,True,21.0,25.0,True,True
160,2001,159.0,Terraced,2,0.0,False,Gas boiler,6.762863011746433,50.77340879758809,1,False,21.0,25.0,True,True
161,1969,59.0,Semi,4,67.5,False,District heating,7.452479008091656,51.60150949985022,1,False,21.0,25.0,True,True
162,1949,59.0,Semi,3,0.0,True,District heating,11.734453955369695,51.863511125715,1,False,21.0,25.0,True,True
163,1979,79.0,Semi,3,0.0,False,CHP,11.682643677829375,51.22952096869688,22,False,21.0,25.0,True,True
164,1949,199.0,Terraced,3,90.0,True,Oil boiler,13.118718402373858,52.10219727258027,23,False,21.0,25.0,True,True
165,1987,59.0,Detached,1,67.5,True,Gas boiler,12.97953082582995,53.739056447247734,21,False,21.0,25.0,True,True
166,1979,139.0,Detached,1,45.0,True,Gas boiler,7.072624670793609,50.272828488010035,1,False,21.0,25.0,True,True
167,1987,139.0,Semi,1,67.5,True,Gas boiler,9.69497916828157,51.27948413230513,1,False,21.0,25.0,True,True
168,1949,119.0,Semi,1,90.0,False,CHP,9.914734337351357,53.54208292273184,11,False,21.0,25.0,True,True
169,1969,59.0,Semi,2,67.5,False,Gas boiler,11.546245290311617,48.966661915245915,34,False,21.0,25.0,True,True
170,1959,119.0,Detached,4,67.5,True,Oil boiler,7.377301907524233,50.028725665336324,1,False,21.0,25.0,True,True
171,1987,99.0,Terraced,2,45.0,True,Gas boiler,11.497114913902578,48.39501181227861,1,True,21.0,25.0,True,True
172,1949,119.0,Detached,1,45.0,True,District heating,7.0693347466851195,51.00077180949398,7,False,21.0,25.0,True,True
173,1949,99.0,Terraced,3,67.5,True,Electric heater,6.994885655596954,51.06856427042141,8,False,21.0,25.0,True,True
174,1949,119.0,Detached,2,22.5,True,Oil boiler,11.67004889364221,52.83070123552472,1,False,21.0,25.0,True,True
175,2001,59.0,Semi,5,0.0,True,Gas boiler,10.228348082887747,48.78339797525884,6,False,21.0,25.0,True,True
176,1959,99.0,Detached,1,45.0,True,Gas boiler,10.296627126942997,49.191897378565365,2,False,21.0,25.0,True,True
177,1959,59.0,Semi,0,90.0,False,District heating,13.434920791432486,52.61669070615607,24,False,21.0,25.0,True,True
178,1969,79.0,Semi,0,22.5,False,Gas boiler,10.896688938948694,50.470931065400954,45,False,21.0,25.0,True,True
179,1995,39.0,Terraced,0,90.0,False,Gas boiler,10.16011413954788,51.28724736265762,191,False,21.0,25.0,True,True
180,1959,119.0,Detached,4,67.5,True,Oil boiler,9.21841976266569,49.984577996063585,1,False,21.0,25.0,True,True
181,1995,139.0,Detached,2,22.5,True,Gas boiler,7.453895768849905,51.964235708847156,1,False,21.0,25.0,True,True
182,1959,79.0,Detached,1,90.0,True,CHP,9.034847625048126,50.08677853628178,13,False,21.0,25.0,True,True
183,1969,39.0,Detached,1,67.5,False,Gas boiler,7.129672783629888,51.23200034500095,52,False,21.0,25.0,True,True
184,1919,79.0,Terraced,2,0.0,False,Gas boiler,11.453841604568488,48.83716015924979,4,False,21.0,25.0,True,True
185,1979,179.0,Terraced,2,0.0,False,Gas boiler,8.721406376096647,49.86635143336139,1,False,21.0,25.0,True,True
186,1979,59.0,Detached,1,45.0,True,Gas boiler,8.788411999529744,49.72425396910987,1,False,21.0,25.0,True,True
187,1919,79.0,Detached,3,90.0,False,Gas boiler,11.423697443259504,51.71647234054517,4,False,21.0,25.0,True,True
188,2020,179.0,Terraced,2,90.0,False,Pellet boiler,13.445209132312987,52.5259914576996,1,False,21.0,25.0,True,True
189,2009,179.0,Detached,2,0.0,False,District heating,11.258068210871688,48.40749658834272,1,True,21.0,25.0,True,True
190,1959,59.0,Detached,2,90.0,True,Gas boiler,9.90245006594866,48.56085074546559,11,False,21.0,25.0,True,True
191,1969,79.0,Detached,3,67.5,False,Electric heater,11.035165387371071,48.583247140780344,37,False,21.0,25.0,True,True
192,1979,59.0,Detached,1,90.0,False,Electric heater,8.507369700353008,49.47122716777917,14,False,21.0,25.0,True,True
193,1987,79.0,Detached,2,0.0,True,District heating,11.05802122241072,50.46476545560398,7,False,21.0,25.0,True,True
194,1995,59.0,Detached,1,0.0,False,Oil boiler,13.026801505974491,52.673347404006066,14,True,21.0,25.0,True,True
195,2001,119.0,Semi,4,67.5,False,Gas boiler,12.033359600449598,51.65326477939653,11,True,21.0,25.0,True,True
196,2001,99.0,Terraced,2,22.5,False,Gas boiler,11.870733218739218,52.55512491941062,112,False,21.0,25.0,True,True
197,2001,139.0,Detached,2,22.5,True,Gas boiler,12.390998884338366,48.387087963068446,1,False,21.0,25.0,True,True
198,1969,139.0,Terraced,2,45.0,True,Gas boiler,9.235073928443654,53.407000484654205,1,False,21.0,25.0,True,True
199,1919,179.0,Detached,3,90.0,False,Gas boiler,12.540272565231335,48.841229365290545,1,True,21.0,25.0,True,True
200,1919,250.0,Detached,2,0.0,True,District heating,8.600910673207078,50.536224569714996,1,True,21.0,25.0,True,True
201,1959,79.0,Detached,4,22.5,False,Electric heater,10.34892286544146,53.52697223595701,2,False,21.0,25.0,True,True
202,1959,119.0,Detached,4,67.5,True,Oil boiler,6.948424821043592,51.31074817147319,1,True,21.0,25.0,True,True
203,1919,79.0,Detached,4,90.0,False,Gas boiler,7.852654615124849,51.223211549375996,2,False,21.0,25.0,True,True
204,1979,159.0,Detached,1,90.0,False,Gas boiler,8.043137617610235,48.35098016833322,1,False,21.0,25.0,True,True
205,1919,79.0,Semi,3,45.0,True,CHP,12.430120860399093,53.03812000273341,47,False,21.0,25.0,True,True
206,2001,99.0,Semi,4,0.0,True,Pellet boiler,10.017059902765762,52.02234740782387,2,False,21.0,25.0,True,True
207,1969,179.0,Semi,5,0.0,False,Gas boiler,7.767249161474639,52.909872269944884,1,False,21.0,25.0,True,True
208,1969,119.0,Detached,3,90.0,False,Oil boiler,9.478923220145644,51.31433086899009,1,True,21.0,25.0,True,True
209,1919,119.0,Detached,1,90.0,False,Gas boiler,13.457257450660011,52.06371421742097,1,True,21.0,25.0,True,True
210,1949,250.0,Detached,3,22.5,True,District heating,13.484386988147676,52.15526320243796,1,False,21.0,25.0,True,True
211,1987,39.0,Detached,5,22.5,False,Oil boiler,8.24446788132061,49.20164751345705,1,True,21.0,25.0,True,True
212,1995,119.0,Terraced,2,22.5,True,Pellet boiler,12.187708289858865,51.872484425222275,1,False,21.0,25.0,True,True
213,2001,119.0,Detached,2,67.5,False,Gas boiler,8.412881334201462,52.75930470408657,1,False,21.0,25.0,True,True
214,1959,119.0,Semi,1,22.5,False,Oil boiler,8.567659649994596,48.59106301167559,1,False,21.0,25.0,True,True
215,1949,59.0,Terraced,1,90.0,False,District heating,11.432314622291404,51.73368609514439,1,False,21.0,25.0,True,True
216,1979,179.0,Detached,5,0.0,False,District heating,10.079189972002222,49.39776599633892,1,False,21.0,25.0,True,True
217,1987,119.0,Terraced,1,67.5,True,Oil boiler,11.090750776609603,49.91991575246688,2,True,21.0,25.0,True,True
218,1979,119.0,Semi,3,22.5,True,Gas boiler,10.807462475495836,51.855030408782035,1,False,21.0,25.0,True,True
219,2001,99.0,Terraced,2,22.5,False,Oil boiler,10.26875337742316,53.31862603799844,1,False,21.0,25.0,True,True
220,1987,59.0,Detached,2,67.5,False,CHP,13.773199277503696,51.344186786547596,16,False,21.0,25.0,True,True
221,1959,39.0,Semi,2,22.5,True,Oil boiler,12.125564904971156,50.643616965545974,1,False,21.0,25.0,True,True
222,1979,59.0,Semi,3,67.5,True,Oil boiler,7.00712780621464,51.326046293404616,1,False,21.0,25.0,True,True
223,1979,79.0,Semi,3,0.0,True,CHP,8.252365715041346,52.56149649206438,27,False,21.0,25.0,True,True
224,1995,139.0,Detached,2,22.5,True,Gas boiler,8.730741015685545,49.53073913787217,1,False,21.0,25.0,True,True
225,1987,79.0,Detached,1,0.0,True,Gas boiler,10.554465880990872,52.76636962016617,15,True,21.0,25.0,True,True
226,1969,59.0,Semi,3,90.0,False,Oil boiler,6.91945912263449,50.90711524645525,1,False,21.0,25.0,True,True
227,1995,139.0,Detached,2,0.0,False,Electric heater,10.110819576886804,50.3115094617585,28,True,21.0,25.0,True,True
228,1995,119.0,Detached,4,90.0,True,Oil boiler,12.37301522287745,48.52898665405073,1,True,21.0,25.0,True,True
229,1949,99.0,Detached,1,45.0,True,Gas boiler,9.157190592590972,53.51413644796583,2,True,21.0,25.0,True,True
230,1949,99.0,Detached,1,45.0,True,Gas boiler,8.801084861987423,52.04562422949421,2,False,21.0,25.0,True,True
231,1919,79.0,Detached,2,45.0,True,Oil boiler,9.6479668345454,48.7957641653608,11,False,21.0,25.0,True,True
232,1949,59.0,Detached,1,90.0,False,Gas boiler,12.134769592525815,52.217601660003844,8,False,21.0,25.0,True,True
233,1949,79.0,Detached,3,45.0,True,Gas boiler,8.813496820950643,49.94262852211091,2,False,21.0,25.0,True,True
234,1979,179.0,Detached,5,90.0,True,District heating,7.986797832406901,49.716655658838505,1,False,21.0,25.0,True,True
235,1919,79.0,Detached,0,22.5,True,CHP,12.167545912163856,51.47953156886783,11,False,21.0,25.0,True,True
236,1949,79.0,Semi,0,0.0,True,CHP,10.106885910896509,49.56471042396637,14,False,21.0,25.0,True,True
237,1959,119.0,Semi,0,90.0,False,District heating,7.816618711031584,51.54704619246672,20,False,21.0,25.0,True,True
238,1969,79.0,Semi,0,0.0,True,Oil boiler,9.42613317691056,48.84197426174188,46,False,21.0,25.0,True,True
239,1969,39.0,Terraced,0,45.0,False,District heating,8.24753939162435,51.25163854656063,208,False,21.0,25.0,True,True
240,1919,79.0,Terraced,1,67.5,False,Oil boiler,13.03575450146888,52.10745103662486,12,False,21.0,25.0,True,True
241,2001,59.0,Detached,2,67.5,False,Gas boiler,11.979945438865595,50.76573222346554,1,True,21.0,25.0,True,True
242,1959,79.0,Detached,1,22.5,False,CHP,9.236283447456513,53.26438239717327,21,False,21.0,25.0,True,True
243,1969,79.0,Semi,1,67.5,True,Gas boiler,10.779524884513805,48.47168992659343,48,False,21.0,25.0,True,True
244,1987,99.0,Terraced,5,67.5,True,Oil boiler,8.779287433063892,51.163141980143656,181,False,21.0,25.0,True,True
245,1995,119.0,Detached,4,67.5,True,Oil boiler,11.251207564641177,48.3304148900337,1,False,21.0,25.0,True,True
246,2001,119.0,Semi,2,90.0,True,Oil boiler,8.791640588089667,49.81827392891515,1,False,21.0,25.0,True,True
247,1919,79.0,Detached,3,0.0,False,Oil boiler,10.086477570881868,48.825044356681325,4,False,21.0,25.0,True,True
248,1919,79.0,Terraced,2,67.5,False,Gas boiler,8.453779454264517,49.22340738307451,3,False,21.0,25.0,True,True
249,1949,99.0,Detached,1,22.5,False,Electric heater,7.322419835546104,51.51936644242398,3,True,21.0,25.0,True,True
250,1959,59.0,Detached,2,67.5,True,Gas boiler,7.04744968302323,51.31397289065676,9,False,21.0,25.0,True,True
251,1969,139.0,Detached,3,67.5,True,CHP,9.748683741981688,52.56719607597215,30,True,21.0,25.0,True,True
252,1979,59.0,Detached,1,0.0,True,CHP,10.956539174257244,51.514474982852406,7,False,21.0,25.0,True,True
253,2001,39.0,Detached,2,22.5,False,District heating,13.496973531148617,51.950981651289524,7,True,21.0,25.0,True,True
254,1995,39.0,Detached,1,67.5,True,Oil boiler,11.76342312853296,52.9812941805094,9,False,21.0,25.0,True,True
255,2020,139.0,Semi,5,90.0,True,Oil boiler,9.192141880615434,48.40176968271379,1,False,21.0,25.0,True,True
256,2009,99.0,Detached,1,0.0,True,Oil boiler,12.051381914945365,50.1761083031675,16,False,21.0,25.0,True,True
257,1949,59.0,Detached,0,22.5,True,CHP,12.874738636516252,52.48482929138571,27,False,21.0,25.0,True,True
258,1919,79.0,Terraced,2,0.0,False,Gas boiler,9.477071039901148,52.757856839610255,3,False,21.0,25.0,True,True
259,1919,139.0,Detached,0,90.0,False,Oil boiler,9.959990831592352,49.20025712162575,1,False,21.0,25.0,True,True
260,1959,179.0,Detached,5,0.0,True,Gas boiler,7.448140656894753,49.35699736443153,1,False,21.0,25.0,True,True
261,1995,99.0,Detached,4,0.0,True,Pellet boiler,8.736693540679283,49.21337792535947,2,True,21.0,25.0,True,True
262,2001,119.0,Detached,2,45.0,False,Gas boiler,10.521128420066573,49.175958139139624,2,False,21.0,25.0,True,True
263,1995,199.0,Detached,1,90.0,False,Heat pump,8.880396481173246,52.98057520042201,1,False,21.0,25.0,True,True
264,1979,179.0,Detached,1,90.0,False,Oil boiler,9.278304345386434,52.764510671639776,1,True,21.0,25.0,True,True
265,2001,79.0,Detached,1,45.0,True,Electric heater,10.36732936572605,52.93533377795182,5,False,21.0,25.0,True,True
266,1987,119.0,Semi,5,0.0,True,Electric heater,7.788906869101737,52.29317017835895,2,False,21.0,25.0,True,True
267,1995,59.0,Semi,1,0.0,False,CHP,11.282666631559056,49.39332081954496,4,False,21.0,25.0,True,True
268,1949,139.0,Detached,3,67.5,True,Gas boiler,7.499541254324827,49.512162785050435,1,False,21.0,25.0,True,True
269,1959,59.0,Detached,1,90.0,True,Gas boiler,9.474738465360403,53.62015602466738,1,False,21.0,25.0,True,True
270,1919,139.0,Detached,2,0.0,False,Gas boiler,10.688306312028331,52.21122486519782,1,False,21.0,25.0,True,True
271,1969,159.0,Detached,5,0.0,True,Electric heater,10.031208462812048,51.59184616544154,2,False,21.0,25.0,True,True
272,1979,139.0,Terraced,2,22.5,True,Gas boiler,10.981779833896967,50.19464826943458,1,False,21.0,25.0,True,True
273,1979,119.0,Detached,1,45.0,True,Gas boiler,7.5155898203589615,50.93285842611104,1,False,21.0,25.0,True,True
274,1995,99.0,Semi,1,45.0,False,District heating,6.856586590295023,51.02208080657177,1,True,21.0,25.0,True,True
275,1959,59.0,Terraced,2,22.5,False,Gas boiler,13.422122269255702,52.24170271634572,1,False,21.0,25.0,True,True
276,2001,59.0,Terraced,2,67.5,True,Heat pump,12.664983467277334,50.68358830005465,1,False,21.0,25.0,True,True
277,1987,79.0,Terraced,2,45.0,False,Electric heater,12.177571491940004,53.474998907450974,3,False,21.0,25.0,True,True
278,1979,119.0,Semi,3,0.0,True,District heating,11.322999531469263,49.2054534221136,1,False,21.0,25.0,True,True
279,2001,179.0,Terraced,3,90.0,False,Gas boiler,12.822335786773833,52.803937291289664,1,False,21.0,25.0,True,True
280,2009,159.0,Semi,5,22.5,True,Oil boiler,11.500215732793226,48.31921090258841,1,True,21.0,25.0,True,True
281,2001,99.0,Semi,2,45.0,True,Oil boiler,11.50828786354327,48.847993628853835,1,True,21.0,25.0,True,True
282,1959,99.0,Semi,4,45.0,True,Oil boiler,11.226458383978027,50.93867342923499,1,False,21.0,25.0,True,True
283,1979,250.0,Semi,3,67.5,False,District heating,8.40645941385727,51.15952511799755,24,False,21.0,25.0,True,True
284,1979,79.0,Detached,3,0.0,False,District heating,11.256209283540041,48.452429770217186,39,False,21.0,25.0,True,True
285,1987,59.0,Semi,1,22.5,True,Gas boiler,9.426304963925242,49.069762461048064,23,True,21.0,25.0,True,True
286,1987,59.0,Semi,2,45.0,False,Gas boiler,12.068896963335263,52.18943929712952,90,False,21.0,25.0,True,True
287,1995,99.0,Semi,1,67.5,False,Gas boiler,11.033601852802935,51.12794833248779,77,False,21.0,25.0,True,True
288,1959,59.0,Terraced,1,45.0,True,Electric heater,6.713950725911016,51.5074866137776,15,False,21.0,25.0,True,True
289,2009,59.0,Terraced,3,67.5,True,Oil boiler,10.855119043838606,53.51078241386719,9,False,21.0,25.0,True,True
290,1949,59.0,Semi,1,22.5,True,District heating,11.80540322573032,48.296766579652875,23,False,21.0,25.0,True,True
291,1959,139.0,Semi,1,45.0,False,District heating,9.491665425108746,48.67738720181397,2,False,21.0,25.0,True,True
292,1949,59.0,Detached,1,45.0,False,Electric heater,13.38813543430458,52.70895050156723,9,False,21.0,25.0,True,True
293,1959,59.0,Terraced,2,45.0,True,Gas boiler,8.054215216947043,48.812495675244655,2,False,21.0,25.0,True,True
294,2001,119.0,Semi,2,90.0,False,Oil boiler,7.299497857852631,51.720445627804,1,False,21.0,25.0,True,True
295,2020,250.0,Semi,0,67.5,False,Gas boiler,11.544614527577206,49.646728352905,8,False,21.0,25.0,True,True
296,1969,119.0,Semi,1,67.5,True,Gas boiler,10.878509281724568,53.80589837627002,1,False,21.0,25.0,True,True
297,1959,250.0,Detached,0,0.0,False,Electric heater,11.79515630873497,52.465306829915846,20,False,21.0,25.0,True,True
298,1969,59.0,Detached,0,67.5,True,CHP,11.233842712384783,50.62686417354954,46,True,21.0,25.0,True,True
299,1959,119.0,Detached,4,67.5,True,Oil boiler,8.689611780475037,49.03856054177751,1,False,21.0,25.0,True,True
300,1919,179.0,Detached,1,0.0,False,Electric heater,12.66668841714902,51.29934286389672,3,False,21.0,25.0,True,True
301,1969,139.0,Detached,2,22.5,True,Gas boiler,11.187415867761558,49.225216060777,1,True,21.0,25.0,True,True
302,1959,59.0,Terraced,1,0.0,True,District heating,11.77850734784867,48.29795904435736,16,False,21.0,25.0,True,True
303,1979,159.0,Detached,1,45.0,True,Gas boiler,7.568460474999474,52.497753536487785,1,False,21.0,25.0,True,True
304,1969,39.0,Semi,1,22.5,False,Gas boiler,10.22042793856972,50.194951244812074,212,False,21.0,25.0,True,True
305,1979,159.0,Terraced,2,67.5,False,Oil boiler,10.511998902399323,50.47415395764762,73,False,21.0,25.0,True,True
306,2001,159.0,Detached,2,0.0,True,Gas boiler,7.382629629667893,50.27433866147702,1,False,21.0,25.0,True,True
307,1919,119.0,Detached,2,45.0,True,Gas boiler,8.816238684748853,48.30674876391081,5,False,21.0,25.0,True,True
308,1995,59.0,Detached,2,45.0,True,District heating,13.423386271895517,50.93939431808864,4,False,21.0,25.0,True,True
309,2001,59.0,Detached,2,90.0,True,Heat pump,8.62361846312166,49.76954296318545,3,False,21.0,25.0,True,True
310,1919,119.0,Detached,5,0.0,True,Gas boiler,13.052566110744973,51.38594303577105,8,True,21.0,25.0,True,True
311,1969,79.0,Semi,3,45.0,False,CHP,7.783028247789345,51.88930217128296,33,True,21.0,25.0,True,True
312,1979,39.0,Detached,1,22.5,False,District heating,10.44401993393233,48.67268048612764,8,False,21.0,25.0,True,True
313,1987,199.0,Detached,2,0.0,True,CHP,8.184854311924262,49.63126692946925,9,False,21.0,25.0,True,True
314,1969,99.0,Terraced,1,0.0,True,CHP,13.332518144279934,52.50283589897398,13,False,21.0,25.0,True,True
315,2009,99.0,Semi,4,90.0,True,CHP,9.545840215212605,48.480364773491324,11,False,21.0,25.0,True,True
316,2009,39.0,Semi,1,67.5,True,District heating,11.38520909493787,48.36830395677689,16,False,21.0,25.0,True,True
317,1959,99.0,Detached,1,45.0,True,Gas boiler,12.14916382545514,48.660852845867524,2,False,21.0,25.0,True,True
318,2001,59.0,Detached,1,22.5,False,Heat pump,13.651933164280127,52.30068996073888,1,False,21.0,25.0,True,True
319,1959,79.0,Detached,3,22.5,True,District heating,13.083363621475431,51.43876750092749,2,True,21.0,25.0,True,True
320,2009,99.0,Detached,5,90.0,True,Gas boiler,6.948125320292263,50.25811068506813,1,False,21.0,25.0,True,True
321,1949,199.0,Semi,4,67.5,True,District heating,6.768264240563694,50.60243841280556,1,False,21.0,25.0,True,True
322,2001,59.0,Detached,1,90.0,False,Gas boiler,9.011220357795747,48.16033163991315,2,False,21.0,25.0,True,True
323,1969,250.0,Detached,3,67.5,True,Electric heater,11.753707668820876,48.95616458815242,2,False,21.0,25.0,True,True
324,2020,199.0,Detached,1,90.0,False,Pellet boiler,7.656671637864468,50.56990973234607,1,False,21.0,25.0,True,True
325,1979,139.0,Detached,1,67.5,False,Oil boiler,11.806112290084862,48.891331128587574,1,False,21.0,25.0,True,True
326,1969,119.0,Semi,5,67.5,True,Oil boiler,9.520456987489432,53.54809687851196,1,False,21.0,25.0,True,True
327,1995,119.0,Semi,2,22.5,True,Electric heater,13.304203666591986,52.78361434765652,2,False,21.0,25.0,True,True
328,2009,250.0,Detached,3,0.0,True,Heat pump,8.97169296320546,50.08713643604784,1,False,21.0,25.0,True,True
329,2001,119.0,Detached,2,22.5,True,Gas boiler,9.94016025079952,48.59329980394183,1,False,21.0,25.0,True,True
330,2009,159.0,Detached,2,45.0,True,District heating,8.903899024549613,48.96092396616897,1,False,21.0,25.0,True,True
331,2009,119.0,Detached,4,90.0,True,Heat pump,12.30754812313615,50.94155705163466,1,False,21.0,25.0,True,True
332,1919,119.0,Terraced,3,45.0,True,Oil boiler,7.989919012342106,49.500854617195735,1,False,21.0,25.0,True,True
333,1949,159.0,Terraced,4,90.0,True,Gas boiler,12.842401547482174,52.704656359061325,1,False,21.0,25.0,True,True
334,1919,139.0,Semi,1,67.5,True,Gas boiler,13.465877590094653,52.11898721767249,1,False,21.0,25.0,True,True
335,1969,39.0,Terraced,4,90.0,True,Oil boiler,10.532195307004965,53.92359171645422,1,False,21.0,25.0,True,True
336,1979,119.0,Terraced,2,22.5,True,Gas boiler,8.482441310758032,49.673104963305974,1,False,21.0,25.0,True,True
337,1969,119.0,Terraced,3,0.0,True,Oil boiler,9.558981730352127,48.40534430001029,1,True,21.0,25.0,True,True
338,1987,99.0,Semi,2,67.5,False,Electric heater,10.676179488279896,48.58970624137063,3,True,21.0,25.0,True,True
339,2001,139.0,Terraced,2,0.0,False,Gas boiler,7.090033362238231,51.50766087876688,1,False,21.0,25.0,True,True
340,1959,59.0,Semi,3,67.5,False,Oil boiler,8.1128840873366,52.69192657049939,1,True,21.0,25.0,True,True
341,1959,250.0,Semi,4,0.0,True,Oil boiler,8.645622336939695,49.53818016605916,1,True,21.0,25.0,True,True
342,2020,199.0,Semi,4,90.0,False,Pellet boiler,11.435512913583679,48.48854200054741,1,False,21.0,25.0,True,True
343,1995,139.0,Detached,2,22.5,True,Gas boiler,8.72506064295228,51.512230326419406,1,True,21.0,25.0,True,True
344,1979,79.0,Detached,3,0.0,False,CHP,13.16242250269862,52.57139241655713,37,False,21.0,25.0,True,True
345,1995,159.0,Detached,4,67.5,True,Oil boiler,9.238230155859041,48.52417776681084,1,False,21.0,25.0,True,True
346,1987,99.0,Semi,2,0.0,False,District heating,13.302378808387708,52.57911603962586,56,False,21.0,25.0,True,True
347,1995,79.0,Detached,2,90.0,False,Gas boiler,10.452514906679884,48.497496725456344,17,False,21.0,25.0,True,True
348,1959,39.0,Detached,1,67.5,False,Electric heater,9.164433892821563,53.440748814873956,2,False,21.0,25.0,True,True
349,1949,119.0,Detached,4,90.0,True,Oil boiler,13.47793614337964,51.176378003671815,1,False,21.0,25.0,True,True
350,1949,179.0,Semi,1,0.0,True,Gas boiler,9.088868113078211,50.68901137371331,17,False,21.0,25.0,True,True
351,1949,59.0,Terraced,2,90.0,False,Oil boiler,9.570188695689799,48.5115625305126,2,False,21.0,25.0,True,True
352,1949,99.0,Detached,1,0.0,True,Oil boiler,10.328690908716984,48.66359870623557,7,False,21.0,25.0,True,True
353,1987,99.0,Terraced,2,22.5,False,District heating,8.977629789719451,49.819131830410996,3,False,21.0,25.0,True,True
354,1995,179.0,Detached,2,67.5,False,Gas boiler,10.086161045416684,53.617948633959294,1,False,21.0,25.0,True,True
355,1919,59.0,Terraced,0,45.0,False,District heating,12.658735623524173,51.537611421387496,11,False,21.0,25.0,True,True
356,1919,59.0,Semi,1,22.5,True,Oil boiler,7.201738953510102,49.5943997130991,1,False,21.0,25.0,True,True
357,1959,59.0,Detached,0,45.0,True,Gas boiler,9.033523633520314,49.26891450634037,22,False,21.0,25.0,True,True
358,1969,119.0,Semi,0,90.0,True,CHP,9.240878841126312,50.195356982677644,49,False,21.0,25.0,True,True
359,1919,99.0,Detached,0,90.0,False,Oil boiler,10.676478279788642,53.120397903655096,67,True,21.0,25.0,True,True
360,1919,139.0,Detached,1,22.5,False,Oil boiler,9.814319914602084,50.96153603643152,10,False,21.0,25.0,True,True
361,1949,79.0,Terraced,1,0.0,True,Gas boiler,12.020121016657534,53.977265402290776,20,False,21.0,25.0,True,True
362,1969,39.0,Semi,1,0.0,False,District heating,13.159823080285253,52.656765605061935,44,True,21.0,25.0,True,True
363,1979,159.0,Semi,5,45.0,True,Electric heater,12.20967875255419,51.30761966656124,15,False,21.0,25.0,True,True
364,1959,139.0,Terraced,2,45.0,True,Gas boiler,10.418960942466596,53.24407097865854,1,True,21.0,25.0,True,True
365,1919,79.0,Terraced,2,0.0,False,Gas boiler,7.211193447267336,51.16535304272239,3,False,21.0,25.0,True,True
366,1979,59.0,Detached,1,0.0,False,District heating,12.08749392913925,50.926069569927165,1,True,21.0,25.0,True,True
367,1969,79.0,Semi,3,0.0,False,Oil boiler,7.620554253118879,51.3380544919583,39,False,21.0,25.0,True,True
368,1979,59.0,Detached,1,90.0,True,Oil boiler,9.621328812571361,53.386188360385034,8,False,21.0,25.0,True,True
369,1995,119.0,Detached,1,90.0,True,CHP,12.157012837903668,51.703719215853496,10,False,21.0,25.0,True,True
370,2001,119.0,Detached,4,22.5,True,CHP,9.670830390658969,52.91813350578583,6,False,21.0,25.0,True,True
371,2009,39.0,Detached,2,90.0,False,Gas boiler,12.280293886136617,51.99169226191633,74,False,21.0,25.0,True,True
372,1949,99.0,Detached,1,45.0,True,Gas boiler,11.457970492567997,51.43830075205749,2,False,21.0,25.0,True,True
373,1919,39.0,Detached,2,0.0,False,Gas boiler,12.342852503728277,51.0264771578221,1,False,21.0,25.0,True,True
374,1987,159.0,Semi,4,90.0,True,Gas boiler,11.513986674291008,48.337822071872694,1,False,21.0,25.0,True,True
375,1979,159.0,Detached,4,90.0,True,District heating,8.334112238558832,49.033849876646386,1,False,21.0,25.0,True,True
376,1959,99.0,Detached,2,45.0,True,District heating,12.86872390654796,53.6588859951931,1,True,21.0,25.0,True,True
377,1969,159.0,Semi,5,90.0,True,Gas boiler,9.04276922071572,52.776715139347864,1,False,21.0,25.0,True,True
378,1969,119.0,Semi,5,0.0,False,Oil boiler,10.129988850546393,50.946466329100225,1,False,21.0,25.0,True,True
379,1919,159.0,Detached,2,67.5,True,District heating,11.29374563656254,50.92822298418876,1,False,21.0,25.0,True,True
380,2001,139.0,Detached,2,45.0,False,Oil boiler,9.805839072811905,54.28473822225287,1,False,21.0,25.0,True,True
381,1949,39.0,Terraced,3,90.0,True,Gas boiler,9.143116476089048,52.60661298954317,1,False,21.0,25.0,True,True
382,1995,179.0,Detached,4,22.5,True,Pellet boiler,13.381973025622699,52.435669172203,1,True,21.0,25.0,True,True
383,1959,59.0,Detached,1,0.0,True,Gas boiler,10.10372404048341,51.7960354938676,1,False,21.0,25.0,True,True
384,1979,59.0,Terraced,1,67.5,True,District heating,10.174369496924461,52.5340241420762,1,False,21.0,25.0,True,True
385,1979,159.0,Detached,1,45.0,True,Oil boiler,9.545305628361222,52.5121398045783,1,False,21.0,25.0,True,True
386,1987,59.0,Semi,2,22.5,False,Electric heater,10.830479557904525,53.83122521914216,9,False,21.0,25.0,True,True
387,1949,79.0,Detached,3,45.0,False,Gas boiler,8.244847485002122,49.921013013976264,8,False,21.0,25.0,True,True
388,1919,59.0,Detached,1,22.5,True,Gas boiler,10.088974984028567,53.741194802486504,1,False,21.0,25.0,True,True
389,1979,79.0,Semi,3,0.0,True,Gas boiler,8.943093649169839,48.99816846690159,36,False,21.0,25.0,True,True
390,1919,119.0,Semi,1,67.5,False,CHP,11.76934098975747,49.23380932335754,21,False,21.0,25.0,True,True
391,1995,79.0,Detached,2,67.5,True,Electric heater,12.904700816426816,52.665262107512724,26,False,21.0,25.0,True,True
392,1959,99.0,Semi,1,90.0,False,CHP,7.371872342825088,51.26929683882008,12,False,21.0,25.0,True,True
393,1959,199.0,Detached,4,67.5,True,Oil boiler,8.383131467084274,53.21762904271165,1,False,21.0,25.0,True,True
394,1949,59.0,Detached,1,45.0,False,Gas boiler,13.624548923826437,52.027334315379335,1,False,21.0,25.0,True,True
395,1959,59.0,Terraced,2,45.0,True,Oil boiler,13.544992600541601,52.23307615847676,5,True,21.0,25.0,True,True
396,2001,179.0,Detached,2,67.5,True,Gas boiler,7.361270656123457,51.08489048500891,1,False,21.0,25.0,True,True
397,1949,79.0,Semi,0,67.5,False,District heating,12.201876115729277,51.138023935278945,9,False,21.0,25.0,True,True
398,1959,79.0,Detached,0,0.0,False,Gas boiler,8.676430049775389,49.126601437326954,19,False,21.0,25.0,True,True
399,1979,99.0,Detached,1,45.0,True,Gas boiler,9.24088772665098,48.384731268749704,1,False,21.0,25.0,True,True
