,buildingYear,a_ref_app,surrounding,n_persons,roofOrientation,ownership,existingHeatSupply,longitude,latitude,n_apartments,hotWaterElec,comfortT_lb,comfortT_ub,nightReduction,capControl
0,1919,79.0,Terraced,1,0.0,False,Gas boiler,11.716634391601119,51.401299902667525,10,False,21.0,25.0,True,True
1,1995,159.0,Terraced,4,45.0,True,Gas boiler,9.152094746960616,50.55386833214489,40,False,21.0,25.0,True,True
2,1969,79.0,Terraced,1,45.0,True,Oil boiler,10.48338420634596,49.33004173690204,22,False,21.0,25.0,True,True
3,1969,59.0,Terraced,1,0.0,False,Oil boiler,9.918746555856806,50.809163451201776,215,False,21.0,25.0,True,True
4,2009,99.0,Terraced,4,45.0,True,Gas boiler,9.685964518541638,49.55690889825665,50,False,21.0,25.0,True,True
5,1987,99.0,Semi,2,67.5,True,Oil boiler,11.294508201595656,51.84825776332046,429,False,21.0,25.0,True,True
6,1919,99.0,Semi,3,45.0,True,Oil boiler,8.053691672162266,50.47951096206246,5,False,21.0,25.0,True,True
7,1949,79.0,Semi,3,0.0,True,District heating,10.97742815955543,51.784093100453816,4,False,21.0,25.0,True,True
8,2001,79.0,Detached,4,0.0,True,CHP,11.533707967503307,52.32427896066107,8,False,21.0,25.0,True,True
9,1969,99.0,Detached,3,90.0,True,CHP,10.65990466486943,49.44395505471826,29,False,21.0,25.0,True,True
10,1969,79.0,Semi,1,90.0,True,Electric heater,10.560369049703496,52.48009566873527,8,False,21.0,25.0,True,True
11,1987,59.0,Semi,2,90.0,False,Electric heater,9.54045543083792,50.79132328145428,9,False,21.0,25.0,True,True
12,1949,79.0,Semi,1,45.0,False,Gas boiler,8.111536804454541,50.84028032719153,8,False,21.0,25.0,True,True
13,1959,139.0,Detached,2,22.5,False,Gas boiler,9.63615369976608,53.104248425874175,1,True,21.0,25.0,True,True
14,1969,139.0,Detached,2,22.5,False,Gas boiler,8.00049598098029,50.22651759680443,1,False,21.0,25.0,True,True
15,1949,39.0,Terraced,2,45.0,False,CHP,9.235637946003115,49.842219720854175,14,False,21.0,25.0,True,True
16,1959,39.0,Semi,3,45.0,False,Oil boiler,8.895361136253218,49.44164719569398,1,False,21.0,25.0,True,True
17,2001,99.0,Detached,4,45.0,True,Gas boiler,10.126965523812807,52.49389459022595,1,False,21.0,25.0,True,True
18,2009,179.0,Detached,4,67.5,False,Pellet boiler,9.715603941252322,50.838762488387665,2,False,21.0,25.0,True,True
19,2009,39.0,Semi,1,0.0,False,Gas boiler,9.020517569362452,52.46417367697734,1,False,21.0,25.0,True,True
20,1979,119.0,Detached,0,67.5,False,Oil boiler,11.938035288435564,51.95659919168331,4,False,21.0,25.0,True,True
21,1919,59.0,Detached,0,67.5,True,Gas boiler,9.816777260930714,51.78680745219736,1,True,21.0,25.0,True,True
22,2009,99.0,Detached,4,0.0,True,Oil boiler,10.814420884117549,48.697659856992914,1,False,21.0,25.0,True,True
23,1979,99.0,Terraced,3,67.5,True,Gas boiler,10.11527035408341,53.10569868270988,1,False,21.0,25.0,True,True
24,1959,99.0,Detached,1,0.0,False,Gas boiler,8.659976561854297,50.15139538112255,1,True,21.0,25.0,True,True
25,1969,159.0,Detached,2,90.0,True,Oil boiler,10.37426529764474,52.189197096741104,1,True,21.0,25.0,True,True
26,2001,199.0,Semi,4,90.0,True,District heating,8.19678685432073,50.14294774966408,1,False,21.0,25.0,True,True
27,1987,39.0,Terraced,5,67.5,True,Gas boiler,11.922779550071233,51.69663331583347,2,False,21.0,25.0,True,True
28,2001,159.0,Semi,0,67.5,True,District heating,10.886162990536086,49.25818419566621,1,False,21.0,25.0,True,True
29,1959,159.0,Terraced,5,0.0,False,Gas boiler,7.599821029872389,51.0116707635775,1,True,21.0,25.0,True,True
30,1995,99.0,Terraced,4,67.5,True,Gas boiler,7.62486783519114,50.52637730040801,1,False,21.0,25.0,True,True
31,1995,99.0,Terraced,1,45.0,False,Gas boiler,11.792232724842723,52.36877439119955,1,False,21.0,25.0,True,True
32,2009,250.0,Terraced,5,0.0,True,Pellet boiler,7.781009173585013,51.21498088576928,1,True,21.0,25.0,True,True
33,1995,139.0,Detached,2,22.5,False,Gas boiler,12.2910735898112,50.19476320775157,1,False,21.0,25.0,True,True
34,1995,159.0,Detached,5,67.5,True,Oil boiler,9.100560604484812,49.804200410961634,2,False,21.0,25.0,True,True
35,1959,59.0,Semi,4,90.0,True,Oil boiler,10.203416635219426,51.33338961076632,5,False,21.0,25.0,True,True
36,1959,99.0,Semi,3,90.0,False,Electric heater,11.191248327778894,50.7859942599581,23,False,21.0,25.0,True,True
37,2001,250.0,Semi,5,90.0,True,Oil boiler,9.510604379968639,50.79088949788787,24,True,21.0,25.0,True,True
38,1987,79.0,Detached,3,90.0,True,CHP,8.862897760803833,50.1362051208874,63,False,21.0,25.0,True,True
39,1949,59.0,Semi,2,90.0,False,Oil boiler,12.446948741069473,52.30754467401604,23,False,21.0,25.0,True,True
40,1959,79.0,Semi,1,45.0,False,District heating,8.143928050260604,50.85096684589007,17,True,21.0,25.0,True,True
41,1949,59.0,Detached,2,90.0,True,CHP,8.823686876375369,50.31177455033421,27,False,21.0,25.0,True,True
42,1979,39.0,Semi,1,67.5,False,Oil boiler,11.669808203648522,52.27624381930045,15,False,21.0,25.0,True,True
43,1979,79.0,Terraced,1,90.0,True,Oil boiler,9.23402204871735,49.10229288216519,6,False,21.0,25.0,True,True
44,1979,119.0,Terraced,2,90.0,True,Oil boiler,8.785910220113879,50.478163212327395,2,False,21.0,25.0,True,True
45,1979,119.0,Detached,1,45.0,True,Oil boiler,9.277338528350668,50.24984700359239,1,False,21.0,25.0,True,True
46,1919,59.0,Semi,0,45.0,True,CHP,8.022777543226393,50.46844830397494,18,True,21.0,25.0,True,True
47,1995,159.0,Terraced,0,45.0,True,Gas boiler,7.838890869437214,50.43400209828475,13,False,21.0,25.0,True,True
48,2001,59.0,Terraced,0,45.0,False,CHP,8.92765188394536,50.79264071801716,63,False,21.0,25.0,True,True
49,1919,119.0,Semi,2,90.0,False,Oil boiler,10.259672141532644,50.99592385864681,144,False,21.0,25.0,True,True
