,buildingYear,a_ref_app,surrounding,n_persons,roofOrientation,ownership,existingHeatSupply,longitude,latitude,n_apartments,hotWaterElec,comfortT_lb,comfortT_ub,nightReduction,capControl
0,1919,99.0,Terraced,1,67.5,False,Gas boiler,13.048755266702003,52.070682038362065,8,False,21.0,25.0,True,True
1,1979,99.0,Terraced,2,90.0,True,Gas boiler,9.404456642879024,53.475205657619725,2,False,21.0,25.0,True,True
2,1987,79.0,Detached,4,67.5,True,Gas boiler,7.487587005210425,51.47084509509964,2,False,21.0,25.0,True,True
3,1969,39.0,Terraced,0,22.5,False,Gas boiler,8.992675158440022,51.56740591150035,115,False,21.0,25.0,True,True
4,1969,119.0,Semi,5,90.0,True,Gas boiler,8.713661027082619,50.52823028192046,1,False,21.0,25.0,True,True
5,1979,250.0,Terraced,3,67.5,True,Gas boiler,8.27731738881791,50.87805030523629,43,False,21.0,25.0,True,True
6,1979,79.0,Terraced,2,0.0,True,Gas boiler,10.27436043144948,49.54675522631376,193,False,21.0,25.0,True,True
7,1919,159.0,Detached,3,22.5,True,Electric heater,12.503673373486848,53.32939794610889,3,False,21.0,25.0,True,True
8,1919,250.0,Detached,2,67.5,True,Electric heater,10.280105782478334,48.34457769525118,3,False,21.0,25.0,True,True
9,1949,99.0,Detached,1,90.0,True,Gas boiler,12.743876191095357,48.50945551617488,2,False,21.0,25.0,True,True
10,1959,79.0,Detached,2,90.0,False,Gas boiler,13.208010323328974,52.106697508975024,8,False,21.0,25.0,True,True
11,1969,79.0,Semi,3,67.5,False,CHP,10.674255031708899,52.82239883876727,38,False,21.0,25.0,True,True
12,1979,59.0,Detached,1,22.5,False,Gas boiler,12.579662304115185,53.55175753422877,15,False,21.0,25.0,True,True
13,1969,159.0,Semi,5,22.5,True,Gas boiler,9.837243044330187,52.353926853969625,1,True,21.0,25.0,True,True
14,1995,79.0,Detached,1,90.0,False,Oil boiler,9.078263843396089,48.64033674135978,7,False,21.0,25.0,True,True
15,2001,39.0,Semi,4,0.0,False,Gas boiler,10.957996690584231,48.327620599905195,9,False,21.0,25.0,True,True
16,2009,39.0,Detached,1,0.0,False,Oil boiler,9.556151120211087,49.1956226009444,26,False,21.0,25.0,True,True
17,1949,39.0,Detached,1,67.5,True,Gas boiler,10.97988575227836,48.689687946579056,150,False,21.0,25.0,True,True
18,2001,39.0,Terraced,1,22.5,False,Electric heater,13.190613599951941,52.00278449630384,30,False,21.0,25.0,True,True
19,1979,79.0,Detached,1,90.0,False,CHP,12.755645960018791,52.28389058558067,4,False,21.0,25.0,True,True
20,1969,250.0,Detached,0,45.0,True,Oil boiler,12.455241786812312,53.53205961565386,1,False,21.0,25.0,True,True
21,2009,79.0,Detached,4,90.0,True,Pellet boiler,13.412093243070782,52.425256066934075,2,True,21.0,25.0,True,True
22,1959,179.0,Detached,4,45.0,True,Oil boiler,9.384539400655711,53.689055586414625,1,False,21.0,25.0,True,True
23,1969,99.0,Detached,2,90.0,False,District heating,12.831759966332505,53.40694881681225,1,False,21.0,25.0,True,True
24,1919,99.0,Detached,1,22.5,False,District heating,7.179307595632731,49.66841375740358,1,True,21.0,25.0,True,True
25,1979,99.0,Detached,1,45.0,True,Oil boiler,11.863415583573184,52.08854973160501,1,True,21.0,25.0,True,True
26,1987,99.0,Semi,5,90.0,True,Gas boiler,8.483771084364106,48.44383631602123,1,False,21.0,25.0,True,True
27,1979,59.0,Detached,1,22.5,False,Oil boiler,8.59775725955725,49.846127326748174,10,False,21.0,25.0,True,True
28,2001,99.0,Detached,3,45.0,True,Gas boiler,10.074100680749218,52.49718158548584,1,False,21.0,25.0,True,True
29,1949,79.0,Detached,2,67.5,False,Gas boiler,11.664515685677564,50.708345223489474,2,True,21.0,25.0,True,True
30,2001,179.0,Detached,2,45.0,True,Pellet boiler,7.880825608159141,49.75736825291425,1,False,21.0,25.0,True,True
31,1959,59.0,Detached,3,45.0,True,District heating,13.510753728434178,53.01822193594104,1,False,21.0,25.0,True,True
32,1919,99.0,Terraced,3,0.0,True,Gas boiler,11.301628749420093,51.03937725127759,1,True,21.0,25.0,True,True
33,1959,119.0,Terraced,4,0.0,False,Gas boiler,10.08377159338255,53.36482311975277,1,False,21.0,25.0,True,True
34,1987,139.0,Semi,5,0.0,True,Gas boiler,6.986409497046953,51.33898932130177,1,False,21.0,25.0,True,True
35,2009,139.0,Detached,2,22.5,True,Gas boiler,10.67200657373883,49.56451846339359,1,False,21.0,25.0,True,True
36,1969,79.0,Terraced,2,0.0,False,Oil boiler,9.894840525174827,53.05292435402712,2,False,21.0,25.0,True,True
37,2001,99.0,Terraced,2,67.5,True,Heat pump,9.835283116977507,53.30718420309155,1,True,21.0,25.0,True,True
38,2009,139.0,Semi,0,45.0,True,Pellet boiler,10.665491522301528,53.99753345090966,1,False,21.0,25.0,True,True
39,2001,139.0,Terraced,2,45.0,True,Heat pump,9.304868712111414,54.053459146162325,1,False,21.0,25.0,True,True
40,1979,250.0,Semi,1,22.5,False,Electric heater,11.97713360022759,48.12072468320587,2,True,21.0,25.0,True,True
41,2001,99.0,Semi,0,0.0,False,Gas boiler,12.527050173261493,48.44236146694409,1,False,21.0,25.0,True,True
42,1949,139.0,Detached,4,0.0,True,Gas boiler,6.722689905663105,49.95498198016011,2,False,21.0,25.0,True,True
43,1969,79.0,Semi,5,22.5,False,District heating,8.777971812461244,48.975636585777934,4,False,21.0,25.0,True,True
44,1979,119.0,Detached,2,0.0,True,District heating,12.568056120608624,49.59481037063304,45,False,21.0,25.0,True,True
45,1987,59.0,Detached,4,22.5,True,Electric heater,13.345041403238985,52.488193866322426,25,False,21.0,25.0,True,True
46,1959,119.0,Detached,4,45.0,True,Oil boiler,8.161319477149036,52.18885012052363,1,True,21.0,25.0,True,True
47,1995,79.0,Detached,2,67.5,True,Oil boiler,11.47936722308324,48.17676206354454,24,False,21.0,25.0,True,True
48,1959,79.0,Semi,1,0.0,False,Electric heater,7.668159885893186,50.880751766346364,19,False,21.0,25.0,True,True
49,1969,79.0,Terraced,2,67.5,True,Gas boiler,11.588501485070848,48.148933681721594,48,False,21.0,25.0,True,True
50,1959,119.0,Detached,4,45.0,True,Oil boiler,9.474693385032207,51.466169824850404,1,False,21.0,25.0,True,True
51,1969,59.0,Semi,4,45.0,False,Gas boiler,7.471933102560312,51.69883923608493,1,False,21.0,25.0,True,True
52,1949,59.0,Detached,1,22.5,True,Gas boiler,13.462525236788421,52.11327370015372,7,False,21.0,25.0,True,True
53,2001,119.0,Semi,0,22.5,True,Gas boiler,11.246137268947646,53.467854874240395,1,False,21.0,25.0,True,True
54,1949,119.0,Detached,2,0.0,True,Gas boiler,7.031731920671675,50.49257186352578,1,False,21.0,25.0,True,True
55,1979,99.0,Detached,1,90.0,True,Gas boiler,8.682463976416521,49.627826495136226,1,False,21.0,25.0,True,True
56,1949,179.0,Semi,0,22.5,True,District heating,13.93022896678033,51.29956517939656,1,False,21.0,25.0,True,True
57,1959,59.0,Semi,0,22.5,False,Electric heater,7.215921325333211,50.877779876764045,19,False,21.0,25.0,True,True
58,1969,79.0,Detached,0,45.0,False,Electric heater,9.556678099726268,50.956270298830326,40,False,21.0,25.0,True,True
59,1987,59.0,Detached,1,90.0,False,Gas boiler,12.957159668303625,50.845024803142934,2,False,21.0,25.0,True,True
60,1919,79.0,Detached,1,22.5,False,CHP,8.806569038947707,50.223215091082245,11,False,21.0,25.0,True,True
61,2001,99.0,Detached,3,0.0,True,Oil boiler,8.77020757869663,49.71506827284983,1,False,21.0,25.0,True,True
62,1949,119.0,Terraced,4,22.5,False,District heating,10.027912822962662,53.560989865202544,15,False,21.0,25.0,True,True
63,1969,39.0,Detached,1,45.0,False,Electric heater,9.11642149421659,49.25147942876608,38,False,21.0,25.0,True,True
64,2009,119.0,Semi,5,0.0,False,Gas boiler,8.373242085755685,47.87576850177231,1,False,21.0,25.0,True,True
65,1979,119.0,Terraced,2,67.5,False,CHP,11.618338581673518,48.25623647799993,50,False,21.0,25.0,True,True
66,1959,119.0,Terraced,2,45.0,False,District heating,11.900659801130615,48.36679996754994,1,False,21.0,25.0,True,True
67,1919,59.0,Detached,3,67.5,False,Gas boiler,8.86886897078674,48.449312076718456,5,False,21.0,25.0,True,True
68,1919,39.0,Terraced,2,67.5,False,CHP,10.17563065255649,53.36025681778403,4,True,21.0,25.0,True,True
69,1949,99.0,Detached,1,67.5,False,Oil boiler,7.812482884990042,48.411436374928826,2,False,21.0,25.0,True,True
70,1979,59.0,Detached,1,90.0,False,Gas boiler,10.704643992770677,52.48638500489248,1,True,21.0,25.0,True,True
71,1969,79.0,Detached,3,45.0,True,CHP,8.071683407953927,53.06666174420141,36,False,21.0,25.0,True,True
72,1979,59.0,Detached,1,90.0,False,Oil boiler,13.516399680250318,52.42164875896629,17,False,21.0,25.0,True,True
73,2001,119.0,Detached,3,22.5,False,Oil boiler,8.524270478695364,49.529233130003924,1,False,21.0,25.0,True,True
74,1995,59.0,Detached,2,45.0,False,Pellet boiler,13.7481280715234,51.424510208219665,2,False,21.0,25.0,True,True
75,1959,99.0,Semi,5,0.0,False,Gas boiler,6.590890310797078,51.15850768189715,1,False,21.0,25.0,True,True
76,2009,59.0,Semi,1,22.5,True,Oil boiler,9.929959975397296,48.41307581302628,16,True,21.0,25.0,True,True
77,2020,39.0,Detached,2,0.0,True,Gas boiler,8.40154742057312,49.165275309237344,19,False,21.0,25.0,True,True
78,1949,99.0,Semi,5,22.5,True,Gas boiler,13.499325791832351,52.43664580102857,1,False,21.0,25.0,True,True
79,1919,250.0,Detached,0,22.5,True,Oil boiler,8.259707768392904,49.293242288484485,1,False,21.0,25.0,True,True
80,1919,250.0,Detached,2,90.0,False,District heating,9.947302167696037,49.765880343570025,1,True,21.0,25.0,True,True
81,1987,159.0,Detached,2,0.0,True,Electric heater,11.726712810737187,50.355342188679074,2,False,21.0,25.0,True,True
82,2001,179.0,Detached,4,67.5,True,Gas boiler,7.250131572103646,51.41616374828722,2,False,21.0,25.0,True,True
83,1969,59.0,Detached,4,45.0,False,Gas boiler,11.91607452300786,53.41190909986386,1,False,21.0,25.0,True,True
84,1979,159.0,Detached,1,90.0,True,Oil boiler,12.33138145136118,48.61504298934191,1,False,21.0,25.0,True,True
85,1979,119.0,Detached,1,90.0,True,Gas boiler,9.936418357318384,48.08941846031998,1,True,21.0,25.0,True,True
86,1919,250.0,Semi,5,0.0,True,District heating,8.85905155983477,52.07072995286294,1,False,21.0,25.0,True,True
87,1995,119.0,Semi,5,22.5,False,Oil boiler,7.974980852542,48.69479205750534,1,True,21.0,25.0,True,True
88,1969,59.0,Detached,4,67.5,True,Oil boiler,10.444950263167161,51.20781907359733,1,False,21.0,25.0,True,True
89,2009,59.0,Detached,0,22.5,False,District heating,13.221278555532777,53.57701945076454,1,False,21.0,25.0,True,True
90,1969,159.0,Detached,5,90.0,True,District heating,10.935444793381471,48.43927714392009,1,False,21.0,25.0,True,True
91,1959,250.0,Detached,5,45.0,True,District heating,8.434327318973278,53.50012581087858,1,True,21.0,25.0,True,True
92,1919,39.0,Semi,1,22.5,False,District heating,7.275976857322797,49.73419178148977,1,False,21.0,25.0,True,True
93,1959,79.0,Terraced,0,22.5,True,Gas boiler,13.630817837353762,52.47752812890884,2,False,21.0,25.0,True,True
94,1969,250.0,Semi,1,90.0,False,District heating,8.807486237190535,49.775418317202806,1,False,21.0,25.0,True,True
95,1949,139.0,Terraced,1,90.0,False,Gas boiler,6.641961464014837,51.21599295094575,1,False,21.0,25.0,True,True
96,1987,99.0,Terraced,2,90.0,True,Gas boiler,10.970021477426737,53.633615663717435,1,True,21.0,25.0,True,True
97,1987,159.0,Terraced,2,22.5,True,District heating,6.989960204000255,49.625280732862606,1,False,21.0,25.0,True,True
98,1979,79.0,Semi,2,22.5,True,Gas boiler,9.68445941018021,49.83571589308334,2,False,21.0,25.0,True,True
99,1959,119.0,Detached,4,45.0,True,Oil boiler,11.555638436106833,50.162416720781195,1,False,21.0,25.0,True,True
100,2009,139.0,Semi,5,22.5,True,Gas boiler,12.570304293861733,51.27481967685858,1,False,21.0,25.0,True,True
101,2009,250.0,Detached,2,22.5,True,Gas boiler,12.338693204426491,48.692958533368625,1,False,21.0,25.0,True,True
102,1959,59.0,Semi,0,22.5,True,District heating,11.81778298456375,51.73711811305162,1,True,21.0,25.0,True,True
103,1969,139.0,Detached,2,22.5,True,Gas boiler,9.475330465913538,48.97968381054699,1,False,21.0,25.0,True,True
104,1969,39.0,Semi,5,0.0,True,Gas boiler,9.414991223186647,51.64356997192895,1,True,21.0,25.0,True,True
105,1987,39.0,Detached,1,0.0,False,District heating,13.587156485920477,51.922417529976386,46,False,21.0,25.0,True,True
106,1987,159.0,Detached,2,22.5,True,Gas boiler,8.63746024093589,49.5142919879712,1,False,21.0,25.0,True,True
107,1995,250.0,Terraced,2,67.5,True,Gas boiler,10.173048002251251,48.4269389525044,17,True,21.0,25.0,True,True
108,1959,59.0,Semi,1,22.5,True,Oil boiler,6.94065089798932,51.05415630265463,15,False,21.0,25.0,True,True
109,1969,79.0,Semi,2,67.5,False,CHP,9.217502656735387,50.82469353298431,33,True,21.0,25.0,True,True
110,2009,139.0,Detached,2,22.5,True,Gas boiler,7.278424828186435,50.42403433934188,1,False,21.0,25.0,True,True
111,1949,99.0,Detached,1,0.0,False,Gas boiler,10.471254914727641,52.12261235436949,2,False,21.0,25.0,True,True
112,1987,99.0,Detached,2,90.0,False,Oil boiler,13.79135925603333,52.515498906699335,5,True,21.0,25.0,True,True
113,1969,119.0,Terraced,2,45.0,False,Oil boiler,9.817089483186333,49.81132997483359,2,False,21.0,25.0,True,True
114,1949,139.0,Detached,2,0.0,False,Gas boiler,14.139315893848828,51.35549927055793,1,False,21.0,25.0,True,True
115,1919,79.0,Semi,0,0.0,False,Electric heater,10.96169567849756,51.52134211915665,18,False,21.0,25.0,True,True
116,1949,79.0,Detached,0,0.0,True,CHP,10.50787845081189,49.346248383656196,14,False,21.0,25.0,True,True
117,1959,99.0,Terraced,0,0.0,False,CHP,11.910232055455673,50.16932130435211,22,True,21.0,25.0,True,True
118,1987,119.0,Terraced,3,0.0,False,CHP,10.983111919155604,53.10486839961627,55,False,21.0,25.0,True,True
119,1987,139.0,Terraced,2,90.0,True,Gas boiler,9.803422330369486,52.31331714417146,1,False,21.0,25.0,True,True
120,1919,79.0,Detached,1,67.5,True,CHP,13.351451235105504,51.8883991532704,14,False,21.0,25.0,True,True
121,1949,99.0,Detached,1,0.0,False,Gas boiler,9.67084978659092,50.991010139883045,2,False,21.0,25.0,True,True
122,1959,99.0,Detached,3,0.0,False,Electric heater,13.313367833605238,52.50823677828355,13,False,21.0,25.0,True,True
123,1969,39.0,Detached,1,22.5,True,Oil boiler,8.438085908279136,52.45993677328031,52,False,21.0,25.0,True,True
124,1919,79.0,Terraced,2,67.5,False,Gas boiler,8.058778890167078,47.918509342135174,4,True,21.0,25.0,True,True
125,1979,179.0,Detached,1,90.0,True,Gas boiler,8.713162969094459,52.282459599266446,1,False,21.0,25.0,True,True
126,1979,159.0,Detached,1,90.0,True,Oil boiler,10.028540374913817,51.51638515882939,1,False,21.0,25.0,True,True
127,1919,79.0,Detached,3,45.0,True,Gas boiler,8.17555914558288,50.84447809440833,4,True,21.0,25.0,True,True
128,1919,99.0,Terraced,2,22.5,True,Gas boiler,11.402338620546054,51.68379658270597,2,False,21.0,25.0,True,True
129,1969,99.0,Detached,1,45.0,False,Oil boiler,8.440178592273227,49.32631656972644,1,False,21.0,25.0,True,True
130,1959,79.0,Detached,2,90.0,False,Gas boiler,10.2740353867265,53.0731131968215,8,False,21.0,25.0,True,True
131,1969,79.0,Semi,3,67.5,True,Gas boiler,6.979150476543313,51.24071063093699,33,True,21.0,25.0,True,True
132,1979,59.0,Detached,1,90.0,True,Gas boiler,9.20899800453099,48.47126347976402,9,False,21.0,25.0,True,True
133,1987,39.0,Detached,2,0.0,False,Oil boiler,10.034445808307584,48.5769098741566,6,False,21.0,25.0,True,True
134,1995,59.0,Detached,1,22.5,False,Pellet boiler,12.328471090258933,51.279604028807725,1,False,21.0,25.0,True,True
135,2001,159.0,Semi,4,45.0,True,CHP,11.814959621905249,52.294564637817444,11,False,21.0,25.0,True,True
136,2009,39.0,Terraced,2,22.5,False,Gas boiler,11.776268273145213,53.961293572438926,2,False,21.0,25.0,True,True
137,2020,59.0,Detached,1,22.5,False,CHP,11.295985086963238,52.71430435672232,50,False,21.0,25.0,True,True
138,1969,99.0,Terraced,2,67.5,False,District heating,10.828873161162667,50.2670016644154,76,True,21.0,25.0,True,True
139,1949,159.0,Detached,1,90.0,True,Oil boiler,7.331796604169986,52.16146417493407,1,False,21.0,25.0,True,True
140,2009,119.0,Detached,3,90.0,True,Gas boiler,13.398871025863428,52.46638810918708,1,False,21.0,25.0,True,True
141,1995,250.0,Detached,4,45.0,True,Pellet boiler,10.727446863115642,49.38471288880112,1,False,21.0,25.0,True,True
142,2001,59.0,Detached,2,90.0,True,Heat pump,9.24556520187922,49.64768755413824,4,False,21.0,25.0,True,True
143,1959,59.0,Semi,1,67.5,True,Gas boiler,10.565659800297944,53.9557935176447,1,False,21.0,25.0,True,True
144,2001,99.0,Detached,1,22.5,True,Oil boiler,12.889998770012333,53.478969748919695,2,False,21.0,25.0,True,True
145,1969,99.0,Detached,1,90.0,False,Gas boiler,9.708354925638162,53.94053351544779,1,False,21.0,25.0,True,True
146,1987,99.0,Semi,5,67.5,True,Gas boiler,7.118118130485992,49.931760121557595,1,False,21.0,25.0,True,True
147,1969,59.0,Semi,5,45.0,True,District heating,13.173535344120854,53.89262313110256,1,False,21.0,25.0,True,True
148,1995,119.0,Detached,3,67.5,False,Oil boiler,11.411400334858568,53.65872495786306,1,False,21.0,25.0,True,True
149,1969,59.0,Terraced,2,90.0,True,Gas boiler,8.337779510729996,53.27665553984755,1,False,21.0,25.0,True,True
150,1919,179.0,Detached,1,67.5,False,Oil boiler,7.711546851532057,49.86690044851967,1,False,21.0,25.0,True,True
151,1979,99.0,Detached,1,90.0,True,Gas boiler,8.712169049156158,48.11927848835557,1,True,21.0,25.0,True,True
152,1959,39.0,Terraced,3,45.0,False,Gas boiler,6.8403096861247,51.20920461620859,1,False,21.0,25.0,True,True
153,1949,119.0,Detached,2,67.5,False,Gas boiler,9.463835919966103,54.29103319575301,1,False,21.0,25.0,True,True
154,1959,59.0,Semi,1,0.0,False,CHP,7.169854625834431,51.07233999823999,5,False,21.0,25.0,True,True
155,1959,79.0,Terraced,2,90.0,False,Gas boiler,7.556660647633849,51.72602934785837,2,False,21.0,25.0,True,True
156,1949,99.0,Terraced,1,22.5,False,District heating,13.376093604460326,53.84458485372564,1,False,21.0,25.0,True,True
157,1987,119.0,Terraced,2,90.0,True,Gas boiler,10.79079282058192,49.98537463191339,2,False,21.0,25.0,True,True
158,1979,119.0,Semi,3,90.0,True,District heating,12.054816395219238,48.73035791733499,1,True,21.0,25.0,True,True
159,1919,79.0,Terraced,2,22.5,True,Gas boiler,9.223053384274289,53.37588019911895,2,True,21.0,25.0,True,True
160,1959,159.0,Detached,0,90.0,True,District heating,13.789925453429301,52.03425867301785,1,False,21.0,25.0,True,True
161,1987,139.0,Semi,4,90.0,True,Gas boiler,7.132672554237806,51.37675245897109,1,False,21.0,25.0,True,True
162,1995,199.0,Semi,4,45.0,True,Heat pump,13.53649065771117,51.21197754032859,1,False,21.0,25.0,True,True
163,1979,79.0,Semi,3,45.0,False,Electric heater,13.190566900446168,51.63171493437692,12,False,21.0,25.0,True,True
164,1979,99.0,Detached,1,90.0,True,Gas boiler,6.972908065078275,49.64297294653288,1,False,21.0,25.0,True,True
165,1987,79.0,Detached,2,90.0,False,District heating,10.528778505740705,53.691571223551094,33,False,21.0,25.0,True,True
166,1979,179.0,Semi,5,90.0,True,Gas boiler,7.811722766683399,52.87320269657327,1,False,21.0,25.0,True,True
167,1995,79.0,Semi,2,67.5,False,Oil boiler,7.329595187685312,51.41737715843871,22,False,21.0,25.0,True,True
168,1959,119.0,Detached,4,67.5,True,Oil boiler,6.411546882348236,50.90247081784202,1,False,21.0,25.0,True,True
169,1969,59.0,Detached,2,22.5,False,District heating,10.770901695380998,53.04681500241264,42,False,21.0,25.0,True,True
170,1949,99.0,Detached,1,0.0,False,Gas boiler,9.205679843084255,52.36882704487327,2,False,21.0,25.0,True,True
171,1959,119.0,Semi,5,0.0,False,Gas boiler,7.006749777671706,49.540210688121924,1,True,21.0,25.0,True,True
172,1949,99.0,Detached,4,90.0,False,Oil boiler,7.889892491831075,50.325193671953095,7,False,21.0,25.0,True,True
173,1995,139.0,Detached,2,22.5,True,Gas boiler,10.955584133853517,50.49939045398778,1,False,21.0,25.0,True,True
174,1995,119.0,Detached,3,22.5,True,Heat pump,13.402159155492733,52.500336666513206,1,False,21.0,25.0,True,True
175,1919,59.0,Detached,0,90.0,False,CHP,11.309070668900262,51.50349667639884,10,False,21.0,25.0,True,True
176,1919,59.0,Terraced,2,67.5,False,Gas boiler,7.335155718444845,51.45473661691325,3,False,21.0,25.0,True,True
177,1959,59.0,Detached,0,0.0,False,District heating,11.30662851161971,53.7878634730054,1,False,21.0,25.0,True,True
178,1969,79.0,Detached,0,67.5,False,Electric heater,12.54242702283961,51.68804350281252,43,False,21.0,25.0,True,True
179,1979,159.0,Detached,1,45.0,False,District heating,8.433093955091875,48.504651653900964,1,False,21.0,25.0,True,True
180,1987,99.0,Detached,4,67.5,True,Gas boiler,10.844936703731554,48.364609354389366,2,False,21.0,25.0,True,True
181,2001,99.0,Detached,3,22.5,False,Oil boiler,8.08549515473236,50.27794404634423,1,False,21.0,25.0,True,True
182,2001,119.0,Detached,2,67.5,False,Gas boiler,9.143745026332255,53.35257881644894,1,False,21.0,25.0,True,True
183,1969,59.0,Semi,1,22.5,False,Oil boiler,7.495981105687527,50.60946665995323,47,False,21.0,25.0,True,True
184,1959,99.0,Detached,1,0.0,False,Gas boiler,8.245005361878942,50.60029855889505,2,False,21.0,25.0,True,True
185,1959,119.0,Detached,4,45.0,True,Oil boiler,11.553841698327366,49.01712377647588,1,False,21.0,25.0,True,True
186,1919,79.0,Terraced,2,67.5,False,Gas boiler,6.857488944507968,50.8812523154905,3,False,21.0,25.0,True,True
187,1919,59.0,Detached,3,45.0,False,Gas boiler,12.209271162119435,50.83196089836614,5,False,21.0,25.0,True,True
188,2001,39.0,Terraced,2,90.0,False,Oil boiler,10.660414972758657,53.86895208176207,1,False,21.0,25.0,True,True
189,1919,59.0,Detached,2,90.0,False,Gas boiler,11.8536176625929,47.82764973573228,5,True,21.0,25.0,True,True
190,1959,79.0,Detached,2,45.0,True,Electric heater,6.941647131082932,51.37687058104278,6,False,21.0,25.0,True,True
191,1987,119.0,Semi,3,67.5,False,District heating,10.674035550344072,49.06233144711922,49,False,21.0,25.0,True,True
192,1979,159.0,Detached,1,45.0,False,Electric heater,7.7116704849325854,51.64448327493074,11,False,21.0,25.0,True,True
193,1987,79.0,Detached,5,90.0,False,CHP,10.932266064005944,52.12046552099492,5,False,21.0,25.0,True,True
194,1979,119.0,Detached,1,22.5,False,CHP,13.405201774271628,52.439445497765846,15,True,21.0,25.0,True,True
195,2001,39.0,Semi,0,22.5,False,Electric heater,8.029009547305698,51.87953565407947,10,True,21.0,25.0,True,True
196,1959,119.0,Detached,4,67.5,True,Oil boiler,7.817181636585352,51.90436930110511,1,False,21.0,25.0,True,True
197,1919,79.0,Terraced,2,67.5,False,Gas boiler,8.405408670651752,49.50322392355365,3,False,21.0,25.0,True,True
198,1959,39.0,Semi,1,67.5,True,Gas boiler,8.547286007006786,53.104660584049185,1,False,21.0,25.0,True,True
199,1919,250.0,Detached,1,45.0,True,Oil boiler,10.17836777722338,51.610443179985,1,True,21.0,25.0,True,True
200,1919,179.0,Detached,2,0.0,True,District heating,9.69981177913581,48.370889295792885,1,True,21.0,25.0,True,True
201,1919,59.0,Detached,1,45.0,True,District heating,12.025084685244213,50.81050370126564,1,False,21.0,25.0,True,True
202,1959,139.0,Detached,4,67.5,True,Oil boiler,9.96951867081802,48.40277412699339,1,True,21.0,25.0,True,True
203,1969,39.0,Detached,4,45.0,False,Oil boiler,7.308739464366505,49.38078254608443,2,False,21.0,25.0,True,True
204,1995,250.0,Detached,5,45.0,False,Oil boiler,8.603714029956416,48.08476733311185,1,False,21.0,25.0,True,True
205,2001,119.0,Detached,3,22.5,False,Oil boiler,9.467622769848973,49.78525984985218,1,False,21.0,25.0,True,True
206,2001,39.0,Semi,1,0.0,False,Heat pump,11.450388794084448,51.706263334932075,1,False,21.0,25.0,True,True
207,1995,79.0,Detached,5,0.0,False,Pellet boiler,11.216839309815844,48.98240877767493,2,False,21.0,25.0,True,True
208,1959,119.0,Detached,3,45.0,False,Gas boiler,10.582675948930145,51.5059465888636,1,True,21.0,25.0,True,True
209,2009,59.0,Detached,1,22.5,False,Pellet boiler,12.797839274410624,54.00916481840558,1,True,21.0,25.0,True,True
210,1959,159.0,Detached,4,22.5,True,Gas boiler,13.37211148928785,53.00349027314843,1,False,21.0,25.0,True,True
211,1995,99.0,Detached,5,67.5,True,Heat pump,9.45595921907217,48.74754429224018,1,True,21.0,25.0,True,True
212,2001,99.0,Terraced,3,45.0,True,Pellet boiler,13.27212003533079,52.709476338422,1,False,21.0,25.0,True,True
213,1919,139.0,Semi,5,22.5,False,Gas boiler,9.868754757862147,54.375274562840666,1,False,21.0,25.0,True,True
214,1959,139.0,Semi,1,22.5,False,Oil boiler,8.844721808547087,48.204447409576424,1,False,21.0,25.0,True,True
215,1987,79.0,Terraced,1,45.0,False,District heating,11.845094640144103,53.35774982044435,2,False,21.0,25.0,True,True
216,1969,119.0,Terraced,2,0.0,True,Gas boiler,11.089001762410305,48.400033516316604,1,False,21.0,25.0,True,True
217,1987,39.0,Terraced,2,67.5,True,Gas boiler,8.715250830637814,49.97977369421968,2,True,21.0,25.0,True,True
218,2009,39.0,Semi,0,22.5,False,District heating,9.449271241617861,51.63076716517363,1,False,21.0,25.0,True,True
219,2001,139.0,Terraced,2,0.0,False,Oil boiler,10.47671521246548,52.40247910509359,1,False,21.0,25.0,True,True
220,1919,99.0,Terraced,2,45.0,True,Gas boiler,13.373530168936547,52.274003399689946,1,False,21.0,25.0,True,True
221,1979,159.0,Detached,1,90.0,True,Gas boiler,7.727275685474046,51.35047709389329,1,False,21.0,25.0,True,True
222,1979,119.0,Detached,1,90.0,True,Oil boiler,11.953687659324956,50.81320621943191,1,False,21.0,25.0,True,True
223,1979,250.0,Detached,3,90.0,True,Oil boiler,12.603057119282495,53.86764737832677,1,False,21.0,25.0,True,True
224,1959,139.0,Detached,4,67.5,True,Oil boiler,8.510810823114943,50.768255493781325,1,False,21.0,25.0,True,True
225,2001,119.0,Detached,3,22.5,False,Oil boiler,7.945171999683879,48.046720679487265,1,True,21.0,25.0,True,True
226,1949,79.0,Terraced,2,90.0,False,Gas boiler,6.529991092900265,50.27416753007718,2,False,21.0,25.0,True,True
227,1995,39.0,Detached,0,90.0,False,Gas boiler,7.846357295615462,49.82036167746578,13,True,21.0,25.0,True,True
228,1949,139.0,Detached,5,22.5,True,Gas boiler,9.087871203856125,53.60542126326902,1,True,21.0,25.0,True,True
229,1949,59.0,Terraced,2,90.0,False,Gas boiler,6.765561613054565,51.856934426245765,2,True,21.0,25.0,True,True
230,1979,99.0,Detached,1,22.5,False,Oil boiler,7.128830658661521,51.31667812371768,10,False,21.0,25.0,True,True
231,1919,39.0,Detached,1,90.0,True,Oil boiler,8.315878256625686,49.75773563238894,11,False,21.0,25.0,True,True
232,1949,99.0,Detached,1,45.0,False,Gas boiler,9.718171884419885,53.272887248002775,6,False,21.0,25.0,True,True
233,1969,119.0,Terraced,2,90.0,False,Gas boiler,6.92169610977167,50.960573568618344,1,False,21.0,25.0,True,True
234,1969,119.0,Detached,2,45.0,True,District heating,8.569597228125307,50.31461708131131,1,False,21.0,25.0,True,True
235,1919,79.0,Detached,0,45.0,True,CHP,12.26236147837037,50.862728799199985,13,False,21.0,25.0,True,True
236,1949,99.0,Semi,0,67.5,True,CHP,7.230821671794559,51.10042097242025,13,False,21.0,25.0,True,True
237,1959,39.0,Terraced,0,67.5,False,Gas boiler,11.595414785529236,48.77580274349997,16,False,21.0,25.0,True,True
238,1969,79.0,Detached,0,22.5,True,Oil boiler,8.050818321368425,49.921668184300046,43,False,21.0,25.0,True,True
239,1995,199.0,Semi,5,90.0,True,Gas boiler,7.176719286085046,51.1063687176913,1,False,21.0,25.0,True,True
240,1919,59.0,Terraced,1,45.0,False,District heating,13.273239982659108,52.31016830528742,18,False,21.0,25.0,True,True
241,1959,119.0,Detached,4,45.0,True,Oil boiler,12.927142728208496,48.63381522332374,1,True,21.0,25.0,True,True
242,1959,79.0,Terraced,1,45.0,False,Electric heater,10.148805691422746,53.87993190499501,23,False,21.0,25.0,True,True
243,1969,99.0,Detached,1,0.0,True,Oil boiler,10.625911594502838,47.88757803659262,47,False,21.0,25.0,True,True
244,1919,199.0,Detached,3,0.0,False,Oil boiler,10.321150300702833,48.39824592293797,1,False,21.0,25.0,True,True
245,1979,119.0,Semi,2,67.5,True,Gas boiler,7.490620273112108,51.17858936875172,36,False,21.0,25.0,True,True
246,2009,139.0,Detached,2,22.5,True,Gas boiler,8.370920352161992,53.13383271724787,1,False,21.0,25.0,True,True
247,1987,59.0,Detached,0,90.0,False,Gas boiler,10.277558793479576,48.69450233965931,14,False,21.0,25.0,True,True
248,1919,59.0,Terraced,2,67.5,False,Gas boiler,6.5983868589729955,51.33104245244772,3,False,21.0,25.0,True,True
249,1949,59.0,Semi,1,22.5,True,Oil boiler,11.057214609387259,51.50352707852797,1,True,21.0,25.0,True,True
250,1959,79.0,Detached,2,67.5,True,District heating,8.599491522038743,49.17307018814785,6,False,21.0,25.0,True,True
251,1949,79.0,Detached,2,0.0,False,Gas boiler,13.447844418045204,52.298002412462516,16,True,21.0,25.0,True,True
252,1979,59.0,Detached,1,67.5,True,District heating,13.202370651628733,52.41785129818779,15,False,21.0,25.0,True,True
253,1987,79.0,Detached,2,22.5,False,District heating,14.196640106334712,52.093330908491595,5,True,21.0,25.0,True,True
254,1995,199.0,Semi,5,22.5,True,Heat pump,12.165238462286432,53.765478876468265,1,False,21.0,25.0,True,True
255,1995,119.0,Detached,2,67.5,False,Gas boiler,10.555277692595695,51.94700645978474,1,False,21.0,25.0,True,True
256,2009,139.0,Terraced,5,22.5,True,Electric heater,9.263438276263443,51.027211880869004,21,False,21.0,25.0,True,True
257,1949,99.0,Detached,1,90.0,True,Gas boiler,8.130819635470306,49.39563890989026,2,False,21.0,25.0,True,True
258,1995,99.0,Detached,2,67.5,True,Oil boiler,13.393590141017523,52.561787205522904,1,False,21.0,25.0,True,True
259,2020,159.0,Detached,3,45.0,True,Pellet boiler,6.5645701211951035,51.448658688552,1,False,21.0,25.0,True,True
260,1919,119.0,Detached,2,0.0,True,Oil boiler,8.646242693074537,48.18189473344572,1,False,21.0,25.0,True,True
261,1969,139.0,Detached,4,0.0,True,Gas boiler,8.408872838432824,48.18320082065544,2,True,21.0,25.0,True,True
262,1919,159.0,Detached,5,22.5,True,District heating,7.135651537611057,50.22798509589882,1,False,21.0,25.0,True,True
263,1987,79.0,Terraced,0,67.5,True,Gas boiler,10.427679760460668,52.060388122128316,22,False,21.0,25.0,True,True
264,1995,139.0,Detached,1,22.5,False,Pellet boiler,10.774538034256388,53.02861460331795,1,True,21.0,25.0,True,True
265,1959,59.0,Detached,0,0.0,True,Oil boiler,13.125764231704446,53.87287315037895,1,False,21.0,25.0,True,True
266,1987,159.0,Semi,5,45.0,True,Gas boiler,10.620885779608017,48.73478919121392,2,False,21.0,25.0,True,True
267,1919,99.0,Semi,5,0.0,True,Oil boiler,10.802501015237599,51.25287132330767,1,False,21.0,25.0,True,True
268,1995,119.0,Detached,3,67.5,True,Gas boiler,8.363518620906326,48.815904241013,1,False,21.0,25.0,True,True
269,1919,139.0,Detached,0,45.0,True,Gas boiler,9.339371740527605,53.280840401036656,1,False,21.0,25.0,True,True
270,1919,179.0,Detached,3,67.5,True,District heating,9.733761793537255,52.027558360250204,1,False,21.0,25.0,True,True
271,1987,250.0,Detached,5,0.0,True,Gas boiler,8.501641729089087,53.220309958873806,1,False,21.0,25.0,True,True
272,1919,59.0,Detached,4,90.0,True,Oil boiler,9.440822318370603,51.14082197902927,2,False,21.0,25.0,True,True
273,2009,119.0,Semi,5,0.0,False,Gas boiler,9.486531277218957,48.61348669546975,1,False,21.0,25.0,True,True
274,1959,139.0,Semi,1,90.0,False,District heating,8.079479641206001,49.45499212064336,1,True,21.0,25.0,True,True
275,1959,79.0,Terraced,2,22.5,False,Gas boiler,13.136655003871525,51.02457113244266,31,False,21.0,25.0,True,True
276,1995,39.0,Terraced,1,22.5,True,Gas boiler,13.912311377860846,52.026776018464375,1,False,21.0,25.0,True,True
277,1995,79.0,Terraced,2,90.0,False,Electric heater,13.290272920302419,53.36992220845733,5,False,21.0,25.0,True,True
278,2001,99.0,Detached,2,0.0,True,Gas boiler,9.946701501641673,54.321628510561396,1,False,21.0,25.0,True,True
279,1919,79.0,Detached,3,45.0,False,Gas boiler,9.298557717832441,53.1464800774075,4,False,21.0,25.0,True,True
280,2009,159.0,Semi,5,45.0,True,Oil boiler,10.267850883195251,48.978573688616756,1,True,21.0,25.0,True,True
281,2020,250.0,Semi,5,0.0,True,Gas boiler,12.79156543694969,50.94326354768448,1,True,21.0,25.0,True,True
282,1987,79.0,Semi,2,90.0,False,Oil boiler,11.035664289833013,50.512518662009626,5,False,21.0,25.0,True,True
283,1987,139.0,Terraced,2,90.0,True,Gas boiler,11.313523617357239,51.95434192626511,1,False,21.0,25.0,True,True
284,2009,139.0,Detached,2,22.5,True,Gas boiler,7.675811768349794,52.80256560329717,1,False,21.0,25.0,True,True
285,1987,39.0,Detached,1,45.0,True,Electric heater,8.193620556354878,49.6591825049709,27,True,21.0,25.0,True,True
286,1919,79.0,Terraced,2,67.5,False,Gas boiler,9.838750158961272,48.28447028545839,4,False,21.0,25.0,True,True
287,1995,79.0,Detached,2,90.0,False,Oil boiler,11.671407407092055,50.85027965631442,24,False,21.0,25.0,True,True
288,1979,99.0,Detached,1,90.0,True,Gas boiler,8.25703763373791,48.7913989388156,1,False,21.0,25.0,True,True
289,1969,159.0,Detached,2,22.5,True,CHP,11.654457829507319,52.76519663605369,25,False,21.0,25.0,True,True
290,1949,59.0,Detached,1,45.0,False,Gas boiler,12.147321701399987,51.27013573937771,6,False,21.0,25.0,True,True
291,1995,99.0,Detached,1,90.0,False,Gas boiler,10.984510875847402,53.85803619849325,1,False,21.0,25.0,True,True
292,1987,79.0,Detached,1,90.0,False,Electric heater,13.414372349675086,52.402283955227325,9,False,21.0,25.0,True,True
293,1995,39.0,Terraced,1,45.0,False,Heat pump,6.8077272024084525,51.081768147030566,1,False,21.0,25.0,True,True
294,2009,139.0,Terraced,2,90.0,True,Gas boiler,11.443828588497846,49.276524589547826,1,False,21.0,25.0,True,True
295,1919,79.0,Detached,0,67.5,False,Oil boiler,8.826683101420166,50.84816970830515,9,False,21.0,25.0,True,True
296,1959,119.0,Semi,1,67.5,True,Gas boiler,13.136506010971765,53.461707926179514,1,False,21.0,25.0,True,True
297,1959,99.0,Detached,0,67.5,False,CHP,11.072426903254975,53.81442367377427,15,False,21.0,25.0,True,True
298,1969,79.0,Detached,0,22.5,True,CHP,10.403587877767213,52.56245767894934,47,True,21.0,25.0,True,True
299,1919,139.0,Semi,5,22.5,True,Gas boiler,10.211045816474158,53.64289890337142,1,False,21.0,25.0,True,True
300,1987,119.0,Detached,2,67.5,False,Gas boiler,8.123722495056317,53.302834385742486,1,False,21.0,25.0,True,True
301,1919,199.0,Terraced,3,45.0,False,Gas boiler,8.541520590435201,49.587193185162356,1,True,21.0,25.0,True,True
302,1959,59.0,Detached,1,67.5,True,Oil boiler,8.649444169316476,49.29856586167327,16,False,21.0,25.0,True,True
303,2001,250.0,Detached,3,67.5,False,Oil boiler,7.538724225321171,52.638079161267235,1,False,21.0,25.0,True,True
304,1919,59.0,Terraced,2,22.5,True,Oil boiler,9.022837059524104,50.29050054075843,3,False,21.0,25.0,True,True
305,1979,179.0,Detached,2,67.5,True,Oil boiler,7.101235570358068,51.275691181329364,44,False,21.0,25.0,True,True
306,2009,179.0,Detached,4,45.0,False,Electric heater,11.16431690864329,51.79233864688904,2,False,21.0,25.0,True,True
307,1919,119.0,Detached,3,90.0,True,Oil boiler,10.24245928455827,49.0736954009637,7,False,21.0,25.0,True,True
308,1919,59.0,Terraced,0,90.0,True,District heating,12.927934177114594,50.5396296929232,3,False,21.0,25.0,True,True
309,1995,199.0,Detached,0,45.0,True,Electric heater,8.976096592813533,48.68022156878344,2,False,21.0,25.0,True,True
310,1979,199.0,Detached,5,90.0,True,Electric heater,13.875357722051657,51.632073068510365,2,True,21.0,25.0,True,True
311,1995,159.0,Semi,2,45.0,True,Oil boiler,9.052293051443655,48.55419125032099,1,True,21.0,25.0,True,True
312,2020,59.0,Detached,1,22.5,False,District heating,7.315628659032903,50.99681248443644,13,False,21.0,25.0,True,True
313,1987,119.0,Detached,2,67.5,True,Oil boiler,8.720892523682304,47.92879501458635,8,False,21.0,25.0,True,True
314,1995,199.0,Detached,1,0.0,True,Electric heater,12.37823194943548,52.23725774049627,6,False,21.0,25.0,True,True
315,2001,139.0,Semi,4,0.0,True,Electric heater,7.764217480278728,50.536506012104624,8,False,21.0,25.0,True,True
316,2009,39.0,Detached,1,0.0,True,Gas boiler,11.434740719150646,48.313314258041125,22,False,21.0,25.0,True,True
317,2009,39.0,Semi,5,0.0,False,Gas boiler,10.082470692131658,49.851270136832,1,False,21.0,25.0,True,True
318,1995,159.0,Detached,2,22.5,True,Gas boiler,8.95966493999726,50.51232676828029,1,False,21.0,25.0,True,True
319,1919,139.0,Detached,4,0.0,True,District heating,10.788082522670464,52.089746209281564,1,True,21.0,25.0,True,True
320,1919,139.0,Detached,2,22.5,True,Gas boiler,7.274239060869302,49.76071353952465,1,False,21.0,25.0,True,True
321,1919,250.0,Detached,4,22.5,True,Oil boiler,10.55140241695408,48.12762443211332,2,False,21.0,25.0,True,True
322,1987,179.0,Detached,2,45.0,True,Oil boiler,7.322693439117235,49.459705393438334,1,False,21.0,25.0,True,True
323,1987,39.0,Detached,4,22.5,False,Oil boiler,8.688260341739023,50.199159406030894,2,False,21.0,25.0,True,True
324,1979,59.0,Detached,1,45.0,False,Oil boiler,8.76769919536492,49.98446620114597,1,False,21.0,25.0,True,True
325,1979,179.0,Detached,1,67.5,False,Oil boiler,11.792185605287495,49.138485353647134,1,False,21.0,25.0,True,True
326,1919,250.0,Semi,5,67.5,True,Oil boiler,11.83410576287158,52.47696233764758,1,False,21.0,25.0,True,True
327,1949,59.0,Terraced,2,90.0,False,Gas boiler,6.281606859226816,50.85460409406602,2,False,21.0,25.0,True,True
328,2009,119.0,Detached,1,67.5,False,Heat pump,6.706976874909593,51.01158653302137,1,False,21.0,25.0,True,True
329,2001,139.0,Detached,2,22.5,True,Gas boiler,8.603886276689876,52.00220708261005,1,False,21.0,25.0,True,True
330,2009,199.0,Detached,2,90.0,True,Pellet boiler,8.940413205972229,48.96614957204919,1,False,21.0,25.0,True,True
331,2001,179.0,Detached,5,45.0,True,Pellet boiler,13.360299385803991,52.83154838825348,1,False,21.0,25.0,True,True
332,1995,39.0,Terraced,3,90.0,True,Pellet boiler,7.444406716112017,49.33164978421939,1,False,21.0,25.0,True,True
333,1949,99.0,Terraced,4,22.5,True,Oil boiler,12.572867290305911,51.42777001301768,1,False,21.0,25.0,True,True
334,1959,59.0,Semi,2,67.5,True,Gas boiler,13.862677252676026,51.61042602188538,1,False,21.0,25.0,True,True
335,1969,59.0,Terraced,1,45.0,False,Oil boiler,13.298826291257885,52.45635372273587,2,False,21.0,25.0,True,True
336,2009,119.0,Terraced,2,22.5,True,Pellet boiler,8.016443461920035,49.706226572130134,2,False,21.0,25.0,True,True
337,1987,159.0,Terraced,2,0.0,True,Electric heater,7.250246299545288,51.12404876275866,3,True,21.0,25.0,True,True
338,1969,99.0,Terraced,1,22.5,False,Oil boiler,8.356047844028513,52.96906567545196,1,True,21.0,25.0,True,True
339,1995,159.0,Terraced,2,0.0,False,Gas boiler,6.751143722026088,51.06347950338962,1,False,21.0,25.0,True,True
340,1979,250.0,Semi,2,67.5,False,Electric heater,11.638129690861152,48.99909023353084,2,True,21.0,25.0,True,True
341,1969,139.0,Terraced,4,0.0,False,Gas boiler,8.718958938127237,53.20325696450586,1,True,21.0,25.0,True,True
342,1959,119.0,Detached,4,45.0,True,Oil boiler,7.75608387504629,53.17908703476499,1,False,21.0,25.0,True,True
343,2001,119.0,Detached,3,22.5,False,Oil boiler,10.196226509182956,48.89008943088922,1,True,21.0,25.0,True,True
344,1995,79.0,Semi,3,67.5,False,Oil boiler,13.14706023367166,52.63992026701226,36,False,21.0,25.0,True,True
345,1987,99.0,Terraced,2,90.0,True,Gas boiler,9.6296453640118,54.524946373361715,1,False,21.0,25.0,True,True
346,1995,139.0,Detached,2,22.5,True,Gas boiler,11.952582023009704,48.625453140539285,2,False,21.0,25.0,True,True
347,1959,99.0,Semi,5,0.0,False,Gas boiler,7.311033570194769,51.61005380119603,1,False,21.0,25.0,True,True
348,1979,179.0,Detached,1,90.0,True,Gas boiler,8.477285850654845,50.44503714664288,1,False,21.0,25.0,True,True
349,1969,79.0,Semi,2,90.0,False,Oil boiler,12.071681756352708,51.10220698360087,54,False,21.0,25.0,True,True
350,1959,119.0,Detached,4,45.0,True,Oil boiler,9.084955492118235,52.42415129843176,1,False,21.0,25.0,True,True
351,1979,79.0,Semi,2,0.0,True,Oil boiler,9.2915794878357,53.48510618218593,2,False,21.0,25.0,True,True
352,1919,99.0,Detached,1,67.5,True,Oil boiler,10.744227869690832,48.73775943886433,12,False,21.0,25.0,True,True
353,1949,59.0,Terraced,1,45.0,False,District heating,9.845346781749637,53.08316138369896,1,False,21.0,25.0,True,True
354,1969,119.0,Detached,2,67.5,False,Gas boiler,8.444563609288078,52.16227860141233,1,False,21.0,25.0,True,True
355,1919,79.0,Terraced,0,67.5,False,CHP,12.445990165244575,51.361055586159196,10,False,21.0,25.0,True,True
356,1979,99.0,Terraced,2,45.0,False,District heating,9.891244211876884,48.31341922893952,1,False,21.0,25.0,True,True
357,1959,79.0,Detached,0,22.5,True,Electric heater,7.658934072019701,49.641835223841674,18,False,21.0,25.0,True,True
358,1969,59.0,Semi,0,67.5,True,Oil boiler,8.708197410360974,49.381147972315965,44,False,21.0,25.0,True,True
359,2001,119.0,Detached,3,22.5,False,Oil boiler,9.263688353050238,48.81387234406341,1,True,21.0,25.0,True,True
360,1979,159.0,Detached,1,90.0,True,Oil boiler,8.78882286754741,52.007594247871054,1,False,21.0,25.0,True,True
361,1995,250.0,Detached,1,90.0,True,Oil boiler,9.698070618640232,52.9471058239426,1,False,21.0,25.0,True,True
362,1959,59.0,Detached,1,22.5,False,Oil boiler,9.817431358582471,53.39401674643764,21,True,21.0,25.0,True,True
363,1969,99.0,Detached,1,0.0,True,Oil boiler,7.9322139370657645,50.78612708500427,42,False,21.0,25.0,True,True
364,1969,59.0,Terraced,1,67.5,False,Electric heater,12.617764563612052,51.652016926471255,141,True,21.0,25.0,True,True
365,1979,119.0,Semi,2,67.5,False,Gas boiler,10.314270118890676,53.36123407012466,64,False,21.0,25.0,True,True
366,1987,39.0,Detached,2,67.5,False,Gas boiler,12.75276957728146,48.70487617621638,1,True,21.0,25.0,True,True
367,1919,79.0,Semi,3,45.0,False,Electric heater,11.423841747377033,48.850789241284815,3,False,21.0,25.0,True,True
368,1919,79.0,Detached,2,0.0,True,Gas boiler,13.05918409648514,52.07360492265401,59,False,21.0,25.0,True,True
369,1919,119.0,Detached,1,45.0,True,Gas boiler,13.31022343231027,51.44863169222647,1,False,21.0,25.0,True,True
370,1959,79.0,Detached,2,45.0,True,Electric heater,10.115264396321617,53.4073600640874,2,False,21.0,25.0,True,True
371,1969,79.0,Semi,3,67.5,False,Oil boiler,8.716703806215778,50.59112642808301,33,False,21.0,25.0,True,True
372,1987,39.0,Detached,1,0.0,True,Oil boiler,11.610455591756203,52.23344490222933,9,False,21.0,25.0,True,True
373,1987,79.0,Detached,2,0.0,False,Gas boiler,11.930179000700189,52.48594859446412,3,False,21.0,25.0,True,True
374,1995,99.0,Detached,1,90.0,False,CHP,8.088834568145828,49.78817107894605,9,False,21.0,25.0,True,True
375,2001,79.0,Semi,0,22.5,True,Oil boiler,8.890917904107503,48.82670576528542,10,False,21.0,25.0,True,True
376,2009,79.0,Detached,1,22.5,True,CHP,11.03730939986028,50.617477491292654,47,True,21.0,25.0,True,True
377,1949,99.0,Detached,1,0.0,False,Gas boiler,7.110322498098156,51.16393570164276,2,False,21.0,25.0,True,True
378,1995,99.0,Semi,2,67.5,True,Gas boiler,9.993749317491769,49.20393659858801,342,False,21.0,25.0,True,True
379,1919,179.0,Detached,3,67.5,True,District heating,12.202900592431,50.25223378237868,1,False,21.0,25.0,True,True
380,1949,179.0,Detached,5,90.0,True,Oil boiler,9.596803636508252,54.116734549436266,1,False,21.0,25.0,True,True
381,1995,139.0,Detached,4,45.0,False,Heat pump,11.45482398583929,50.09330081683295,2,False,21.0,25.0,True,True
382,1919,119.0,Detached,4,67.5,True,Oil boiler,12.226903865937977,48.753769394580004,2,True,21.0,25.0,True,True
383,1969,59.0,Detached,2,0.0,False,Gas boiler,9.286119244142217,52.583670721450595,2,False,21.0,25.0,True,True
384,1979,99.0,Detached,1,67.5,True,District heating,9.617198998138173,52.05541123376699,1,False,21.0,25.0,True,True
385,1919,250.0,Terraced,2,22.5,False,Gas boiler,8.23409740665,50.05375351372259,2,False,21.0,25.0,True,True
386,1987,159.0,Semi,5,67.5,False,Gas boiler,8.307454919395667,49.574573894087685,1,False,21.0,25.0,True,True
387,1995,250.0,Semi,5,90.0,False,Pellet boiler,8.687175850295974,48.23554088383926,1,False,21.0,25.0,True,True
388,2001,119.0,Detached,3,0.0,True,Heat pump,10.113058559587888,53.33968123327531,1,False,21.0,25.0,True,True
389,1979,159.0,Detached,3,22.5,True,District heating,11.25351924175236,48.46839089073815,1,False,21.0,25.0,True,True
390,1987,139.0,Terraced,2,90.0,True,Gas boiler,10.289286525038792,51.217340736422884,1,False,21.0,25.0,True,True
391,2020,179.0,Detached,5,45.0,True,Heat pump,8.339246642400898,51.25934199562188,1,False,21.0,25.0,True,True
392,1969,159.0,Detached,1,45.0,True,Oil boiler,7.085029454743309,49.863979546082504,1,False,21.0,25.0,True,True
393,2001,119.0,Detached,3,22.5,False,Oil boiler,6.971560423006587,49.473457873622586,1,False,21.0,25.0,True,True
394,1959,139.0,Semi,1,0.0,True,Gas boiler,7.497402790269509,49.31749470971566,1,False,21.0,25.0,True,True
395,1919,99.0,Terraced,1,67.5,False,District heating,11.027955220558244,50.66665800220339,4,True,21.0,25.0,True,True
396,1979,159.0,Terraced,5,45.0,True,District heating,8.118988742180845,52.537845147567005,1,False,21.0,25.0,True,True
397,1987,99.0,Terraced,2,45.0,True,Oil boiler,8.680023080121657,50.15670804023436,1,False,21.0,25.0,True,True
398,1979,139.0,Detached,2,0.0,False,Oil boiler,8.407602212904033,53.752143711886745,1,False,21.0,25.0,True,True
399,1919,159.0,Terraced,0,67.5,True,Oil boiler,6.7330166817904455,50.05433461385947,1,False,21.0,25.0,True,True
400,1919,59.0,Semi,2,22.5,False,Gas boiler,12.341767194266929,48.03811737556148,1,True,21.0,25.0,True,True
401,1987,139.0,Detached,3,22.5,False,Oil boiler,7.386988044524401,50.78732669096548,1,False,21.0,25.0,True,True
402,1995,179.0,Semi,1,22.5,False,Pellet boiler,8.524370658544875,49.92327369158836,1,False,21.0,25.0,True,True
403,1959,99.0,Detached,1,0.0,False,Gas boiler,9.274399009181572,48.83263190100126,2,False,21.0,25.0,True,True
404,1979,79.0,Detached,3,0.0,True,Gas boiler,7.493076777811407,51.75109168502077,32,False,21.0,25.0,True,True
405,1987,39.0,Semi,1,0.0,True,Gas boiler,11.318175585786523,48.18932018052955,26,True,21.0,25.0,True,True
406,1979,99.0,Terraced,2,45.0,False,District heating,8.529993827678407,51.02880636518062,1,False,21.0,25.0,True,True
407,1979,79.0,Semi,2,67.5,True,Oil boiler,11.45724084950836,48.22127468509336,10,False,21.0,25.0,True,True
408,2001,159.0,Detached,3,22.5,False,Oil boiler,9.335952791149051,48.059675413172826,1,False,21.0,25.0,True,True
409,1969,79.0,Detached,2,90.0,False,CHP,8.61925257670558,50.015576032025265,14,False,21.0,25.0,True,True
410,2001,159.0,Detached,1,0.0,True,Gas boiler,9.911470996325791,54.001781164367806,1,False,21.0,25.0,True,True
411,1919,99.0,Detached,2,0.0,True,Gas boiler,12.244294795126061,51.54971703029156,12,False,21.0,25.0,True,True
412,1949,179.0,Semi,1,90.0,True,District heating,8.616211960711642,48.01829833384069,1,False,21.0,25.0,True,True
413,1949,59.0,Terraced,2,90.0,False,Gas boiler,10.695846154924393,48.62417964001851,3,False,21.0,25.0,True,True
414,1949,79.0,Terraced,2,90.0,False,Gas boiler,6.839996143462062,51.22962227441111,2,False,21.0,25.0,True,True
415,1919,99.0,Detached,0,67.5,True,CHP,8.056267591037754,50.419349636288764,11,False,21.0,25.0,True,True
416,2001,119.0,Detached,3,22.5,False,Oil boiler,8.391343425146447,48.945322513890865,1,True,21.0,25.0,True,True
417,1959,179.0,Detached,0,22.5,False,Electric heater,8.51874434857444,50.6550973043776,31,False,21.0,25.0,True,True
418,1969,119.0,Detached,0,22.5,True,CHP,9.390210463791467,50.4212912401291,38,False,21.0,25.0,True,True
419,1987,179.0,Semi,0,22.5,True,Gas boiler,9.063183847518069,51.21871410439394,138,False,21.0,25.0,True,True
420,1987,159.0,Semi,2,45.0,True,Oil boiler,8.741521419889553,49.64674660170432,1,False,21.0,25.0,True,True
421,1979,99.0,Detached,1,90.0,True,Gas boiler,6.425477057273328,51.22444106669606,1,False,21.0,25.0,True,True
422,1959,79.0,Detached,1,0.0,False,Electric heater,10.752247311176317,49.11205105892112,19,False,21.0,25.0,True,True
423,1979,39.0,Detached,2,67.5,False,Oil boiler,10.438204863530455,48.08617723758337,1,False,21.0,25.0,True,True
424,1979,139.0,Detached,2,22.5,True,Gas boiler,9.178030073620095,51.44559371312624,1,False,21.0,25.0,True,True
425,1987,139.0,Terraced,2,90.0,True,Gas boiler,8.11182175862428,52.08135118991555,1,False,21.0,25.0,True,True
426,2009,139.0,Detached,2,22.5,True,Gas boiler,10.779644843815307,48.19145110634396,1,False,21.0,25.0,True,True
427,1919,39.0,Detached,3,90.0,False,Oil boiler,9.268316694246266,48.26381889496605,5,False,21.0,25.0,True,True
428,1919,39.0,Terraced,2,45.0,True,Gas boiler,13.364506771435147,52.657539497931765,3,False,21.0,25.0,True,True
429,1949,99.0,Detached,1,0.0,False,District heating,9.435801454745256,48.24713826828568,2,False,21.0,25.0,True,True
430,1959,59.0,Detached,2,0.0,False,Oil boiler,7.27069752607473,51.18860707523419,8,False,21.0,25.0,True,True
431,1969,79.0,Detached,3,0.0,True,CHP,13.371558902550253,52.17126917262175,26,False,21.0,25.0,True,True
432,1979,99.0,Detached,1,67.5,True,Electric heater,7.08272612823612,49.87196061810681,8,False,21.0,25.0,True,True
433,1987,79.0,Detached,2,45.0,True,CHP,10.164502423673998,53.484391800518665,8,False,21.0,25.0,True,True
434,1995,79.0,Detached,1,45.0,False,Oil boiler,10.801604411764977,48.71077854634974,6,False,21.0,25.0,True,True
435,2001,39.0,Semi,4,67.5,False,Gas boiler,11.675338433261143,50.92098593762359,12,False,21.0,25.0,True,True
436,2009,199.0,Detached,5,45.0,True,Gas boiler,10.493134539763489,53.42482589346584,1,True,21.0,25.0,True,True
437,2020,79.0,Detached,2,67.5,False,Heat pump,10.728685276873009,48.5076148443711,3,False,21.0,25.0,True,True
438,2001,119.0,Detached,3,0.0,True,Oil boiler,7.6853020776236445,50.10490863035402,1,False,21.0,25.0,True,True
439,1919,59.0,Detached,3,90.0,True,District heating,10.769311702645838,50.22825547217722,1,False,21.0,25.0,True,True
440,1919,119.0,Detached,2,45.0,True,District heating,9.97254820030819,50.604982327774685,1,False,21.0,25.0,True,True
441,1949,139.0,Detached,4,45.0,False,Gas boiler,12.838717452522522,50.953939778035156,1,False,21.0,25.0,True,True
442,1919,79.0,Detached,2,0.0,True,Electric heater,13.595568698900443,52.21863894084433,4,False,21.0,25.0,True,True
443,1969,59.0,Detached,2,45.0,True,Gas boiler,8.273183035153581,49.457833404761736,1,False,21.0,25.0,True,True
444,1979,139.0,Detached,1,67.5,True,Oil boiler,6.860131740240653,51.18826259906308,1,True,21.0,25.0,True,True
445,1979,59.0,Detached,1,90.0,True,Gas boiler,11.31748033026134,48.15281516165967,1,True,21.0,25.0,True,True
446,1987,250.0,Semi,5,45.0,True,District heating,8.51140235661224,52.248662399142894,1,False,21.0,25.0,True,True
447,1969,99.0,Semi,2,90.0,True,Oil boiler,8.765026545556285,51.52999014559654,2,True,21.0,25.0,True,True
448,1919,39.0,Detached,3,90.0,True,District heating,12.918234580559169,51.498472793705645,4,False,21.0,25.0,True,True
449,2001,59.0,Detached,3,45.0,True,Gas boiler,13.39001454217835,52.729481957074995,1,False,21.0,25.0,True,True
450,1969,179.0,Detached,2,0.0,False,District heating,12.491203879075922,48.50182515320683,1,False,21.0,25.0,True,True
451,2009,250.0,Semi,5,0.0,False,Gas boiler,8.459604462515802,49.16753263582696,1,False,21.0,25.0,True,True
452,1919,159.0,Terraced,3,45.0,False,District heating,8.397820929219533,49.69071580864744,1,True,21.0,25.0,True,True
453,2009,250.0,Terraced,1,22.5,True,Oil boiler,6.956612260509221,51.202721601620325,1,True,21.0,25.0,True,True
454,1959,119.0,Terraced,3,45.0,False,Gas boiler,8.712480690780485,48.30251761096785,1,False,21.0,25.0,True,True
455,1969,119.0,Terraced,1,90.0,False,Gas boiler,8.054413091064585,49.72083429029134,1,False,21.0,25.0,True,True
456,1979,59.0,Terraced,2,45.0,True,Electric heater,9.333307713489766,53.72534370566007,3,True,21.0,25.0,True,True
457,1987,199.0,Semi,2,22.5,False,Gas boiler,7.967211296574649,49.53525427620347,1,False,21.0,25.0,True,True
458,1979,119.0,Semi,2,90.0,False,Gas boiler,13.18291798731627,51.89827517140237,8,False,21.0,25.0,True,True
459,1979,39.0,Terraced,2,45.0,False,Gas boiler,12.210648242802966,51.45743814595395,16,False,21.0,25.0,True,True
460,1995,119.0,Semi,5,0.0,False,Gas boiler,11.34739923521991,48.163264736550346,1,False,21.0,25.0,True,True
461,2009,179.0,Semi,4,67.5,False,Oil boiler,11.422117750251038,48.238698659186106,1,False,21.0,25.0,True,True
462,1969,99.0,Semi,4,45.0,False,Oil boiler,12.015180612867361,48.23191489589241,1,False,21.0,25.0,True,True
463,1995,79.0,Semi,3,0.0,False,Gas boiler,12.699023072462243,50.79999106333453,22,False,21.0,25.0,True,True
464,2001,139.0,Detached,3,0.0,True,Oil boiler,11.845946882763208,48.39817535588439,1,False,21.0,25.0,True,True
465,1987,39.0,Detached,1,0.0,False,Gas boiler,7.020077116481938,51.13827266335413,26,False,21.0,25.0,True,True
466,1987,119.0,Detached,2,0.0,True,District heating,9.377892566336858,52.89354785485989,48,True,21.0,25.0,True,True
467,2009,199.0,Semi,2,0.0,False,Pellet boiler,11.926443946236901,48.23993782472012,1,False,21.0,25.0,True,True
468,1995,119.0,Terraced,2,90.0,True,Gas boiler,12.484663370972513,50.91178269082695,2,False,21.0,25.0,True,True
469,1969,159.0,Terraced,2,22.5,True,CHP,9.957499504728776,48.830222370315646,53,False,21.0,25.0,True,True
470,2009,59.0,Detached,4,45.0,False,Gas boiler,9.902760727074583,53.73249679063932,2,True,21.0,25.0,True,True
471,1987,199.0,Detached,2,22.5,True,District heating,9.381726550494662,54.079994128616136,1,False,21.0,25.0,True,True
472,1949,39.0,Detached,1,22.5,True,District heating,12.898220385120775,50.852191112795346,9,False,21.0,25.0,True,True
473,1949,59.0,Terraced,2,0.0,True,Gas boiler,12.301589598533191,51.43578210369731,1,False,21.0,25.0,True,True
474,1987,99.0,Terraced,2,90.0,True,Gas boiler,8.930307092778374,53.085197449889165,1,True,21.0,25.0,True,True
475,1919,79.0,Terraced,0,67.5,False,Oil boiler,13.213870889591476,51.87880349647537,14,False,21.0,25.0,True,True
476,1949,79.0,Semi,0,90.0,True,CHP,12.488365499305125,52.36006780756287,12,False,21.0,25.0,True,True
477,1959,79.0,Detached,0,0.0,True,Gas boiler,9.339262943522415,53.68673167505089,23,True,21.0,25.0,True,True
478,1949,139.0,Detached,2,0.0,False,Gas boiler,13.088524074679398,51.48743632224125,2,False,21.0,25.0,True,True
479,1995,99.0,Semi,1,22.5,True,Gas boiler,13.712281441807164,51.24856630772582,2,False,21.0,25.0,True,True
480,2001,39.0,Detached,1,45.0,False,Gas boiler,7.604942389976555,50.97660254000715,9,False,21.0,25.0,True,True
481,1919,79.0,Terraced,2,22.5,True,Gas boiler,10.181418773964715,51.91350390245467,3,True,21.0,25.0,True,True
482,1959,39.0,Detached,1,22.5,False,Oil boiler,7.692076492805088,50.95588525756934,16,False,21.0,25.0,True,True
483,1969,79.0,Semi,1,45.0,True,District heating,8.167834358651643,51.53990041245513,50,False,21.0,25.0,True,True
484,2020,119.0,Semi,4,45.0,True,Pellet boiler,11.642128785799937,48.73013213544358,1,False,21.0,25.0,True,True
485,2001,99.0,Semi,2,22.5,True,Pellet boiler,11.881104613568779,50.83899112555586,1,False,21.0,25.0,True,True
486,2001,119.0,Detached,3,22.5,False,Oil boiler,8.942371605616074,48.31538591755436,1,False,21.0,25.0,True,True
487,2009,79.0,Detached,1,22.5,False,District heating,11.428733314668941,51.72895371141796,40,False,21.0,25.0,True,True
488,1995,99.0,Detached,2,67.5,True,Oil boiler,8.91447662878241,47.96201812349556,16,False,21.0,25.0,True,True
489,1987,59.0,Detached,2,67.5,False,District heating,12.570502957606951,48.78059924361587,1,False,21.0,25.0,True,True
490,1959,79.0,Detached,2,22.5,True,Oil boiler,7.053564455116673,51.080276128283245,9,False,21.0,25.0,True,True
491,1969,79.0,Semi,3,0.0,True,Gas boiler,8.415741572106255,53.291636578931914,29,True,21.0,25.0,True,True
492,1979,59.0,Detached,1,90.0,True,District heating,9.296966841346325,53.10331826596014,5,False,21.0,25.0,True,True
493,1987,39.0,Detached,2,22.5,False,District heating,8.813462642785757,51.18586312513276,9,False,21.0,25.0,True,True
494,1995,99.0,Detached,1,45.0,True,Gas boiler,11.300022441869928,51.108351887899424,9,False,21.0,25.0,True,True
495,2009,139.0,Detached,2,22.5,True,Gas boiler,6.825525681238223,50.88151591829701,1,True,21.0,25.0,True,True
496,1919,39.0,Detached,1,0.0,False,Gas boiler,12.544533014973634,52.499871893128955,51,True,21.0,25.0,True,True
497,2001,59.0,Semi,2,45.0,False,CHP,12.70871698847568,51.285551097791185,21,True,21.0,25.0,True,True
498,1979,39.0,Detached,1,45.0,True,Oil boiler,9.191892543537183,54.3563351315457,1,True,21.0,25.0,True,True
499,2001,199.0,Detached,3,0.0,False,Heat pump,8.360464027968055,52.70337794693542,1,False,21.0,25.0,True,True
500,1919,99.0,Detached,0,67.5,True,Oil boiler,9.916978250725801,49.071825303121905,1,False,21.0,25.0,True,True
501,1969,139.0,Detached,4,22.5,True,Oil boiler,10.771105920746795,49.62483565942129,2,False,21.0,25.0,True,True
502,1959,79.0,Detached,5,22.5,False,Gas boiler,11.632207384408993,50.00225857234265,3,False,21.0,25.0,True,True
503,1919,119.0,Detached,4,67.5,False,Electric heater,9.777987174629837,54.35415465952072,2,False,21.0,25.0,True,True
504,1969,79.0,Detached,1,45.0,False,District heating,8.304404162227446,51.51071740778916,2,False,21.0,25.0,True,True
505,1987,139.0,Detached,0,67.5,True,District heating,11.902592896761838,53.68674965348016,1,False,21.0,25.0,True,True
506,1987,79.0,Semi,5,22.5,True,District heating,13.396074668338484,49.977674975738275,2,False,21.0,25.0,True,True
507,1995,159.0,Semi,5,67.5,True,Oil boiler,8.046770421027981,48.106549529251566,1,False,21.0,25.0,True,True
508,1969,119.0,Detached,3,22.5,False,Oil boiler,6.70752873523989,51.36374871757671,1,False,21.0,25.0,True,True
509,1995,139.0,Detached,1,0.0,False,Oil boiler,11.437112426089424,49.26203708866153,1,False,21.0,25.0,True,True
510,1919,199.0,Detached,2,67.5,True,District heating,7.092700966629666,50.07868654999982,1,False,21.0,25.0,True,True
511,2009,179.0,Detached,5,90.0,True,Heat pump,11.67837283221785,48.62713796976635,1,False,21.0,25.0,True,True
512,1949,159.0,Terraced,1,67.5,False,Oil boiler,13.276447293476224,52.453337972157016,1,False,21.0,25.0,True,True
513,1995,139.0,Detached,4,67.5,True,Gas boiler,8.07377779675153,49.884926084034625,2,False,21.0,25.0,True,True
514,1969,59.0,Semi,1,22.5,False,Gas boiler,9.341698674956799,53.95808227521727,1,False,21.0,25.0,True,True
515,2001,39.0,Terraced,1,22.5,False,Pellet boiler,10.840725307793864,53.274933185811605,2,False,21.0,25.0,True,True
516,1979,79.0,Detached,2,45.0,False,Oil boiler,8.823949215541889,48.588770295906215,4,False,21.0,25.0,True,True
517,1995,39.0,Terraced,2,22.5,True,Pellet boiler,9.34614879906015,48.792403304240096,1,False,21.0,25.0,True,True
518,1969,119.0,Terraced,1,45.0,False,Oil boiler,7.045457102839658,51.36222260338145,2,False,21.0,25.0,True,True
519,1969,159.0,Terraced,5,22.5,True,Gas boiler,10.703720298450271,54.10371634505049,1,True,21.0,25.0,True,True
520,2001,79.0,Semi,2,45.0,False,Pellet boiler,10.550034567492762,51.022499737073176,2,False,21.0,25.0,True,True
521,2009,179.0,Semi,4,90.0,True,Gas boiler,9.09402388205189,48.90470311239422,1,False,21.0,25.0,True,True
522,1987,159.0,Terraced,3,45.0,False,Gas boiler,7.089233161189934,49.729634119413674,1,True,21.0,25.0,True,True
523,1949,99.0,Detached,3,0.0,False,Gas boiler,11.5954027208942,52.24765271970307,1,True,21.0,25.0,True,True
524,1995,139.0,Detached,4,67.5,True,Gas boiler,7.822419120971933,51.353947566319974,2,False,21.0,25.0,True,True
525,1987,159.0,Semi,1,90.0,False,Gas boiler,10.444765294996241,50.681090713718866,27,False,21.0,25.0,True,True
526,1979,159.0,Detached,1,90.0,True,Gas boiler,7.352779801293209,52.38574223121621,1,False,21.0,25.0,True,True
527,2009,119.0,Semi,2,45.0,True,Oil boiler,8.33358434278984,50.03557634477617,1,False,21.0,25.0,True,True
528,1949,99.0,Detached,1,0.0,False,Gas boiler,7.168785545713923,51.876469114859475,2,False,21.0,25.0,True,True
529,1969,79.0,Detached,2,22.5,True,CHP,7.920005021148184,52.813295738730815,33,False,21.0,25.0,True,True
530,1959,139.0,Detached,4,67.5,True,Oil boiler,7.2536776820161,49.51254751673009,1,True,21.0,25.0,True,True
531,1919,79.0,Detached,2,22.5,True,District heating,8.419929765210025,48.31124403804342,4,False,21.0,25.0,True,True
532,1949,59.0,Detached,2,67.5,True,District heating,14.10000950232201,51.60201466485978,1,True,21.0,25.0,True,True
533,1949,79.0,Terraced,2,67.5,False,Electric heater,7.053771437591848,51.48330715287688,2,False,21.0,25.0,True,True
534,1979,119.0,Detached,2,45.0,False,Oil boiler,7.911257152503206,50.92874866156863,1,False,21.0,25.0,True,True
535,1979,79.0,Detached,1,45.0,False,District heating,11.220336779550113,48.760578940311554,2,False,21.0,25.0,True,True
536,1979,159.0,Detached,1,90.0,True,Gas boiler,7.724328026638764,50.3050678824281,1,False,21.0,25.0,True,True
537,1959,79.0,Detached,0,22.5,True,CHP,14.256051970323934,51.20859680547133,20,False,21.0,25.0,True,True
538,1979,159.0,Detached,1,45.0,True,Oil boiler,10.164761127999297,53.76357086063129,1,False,21.0,25.0,True,True
539,2009,199.0,Detached,4,45.0,False,Heat pump,7.605819348416213,51.56210640094844,1,False,21.0,25.0,True,True
540,1995,139.0,Detached,2,22.5,True,Gas boiler,9.955237866563113,53.68909806544046,1,False,21.0,25.0,True,True
541,1949,139.0,Detached,2,0.0,False,Gas boiler,13.470943958023684,52.6184648811621,1,False,21.0,25.0,True,True
542,1959,79.0,Detached,1,45.0,True,Oil boiler,9.091959286361492,53.01194444237491,23,False,21.0,25.0,True,True
543,1969,39.0,Detached,1,45.0,False,CHP,10.102406786862947,53.20080459109693,25,False,21.0,25.0,True,True
544,1969,159.0,Detached,2,22.5,True,Gas boiler,7.4508131959725485,51.073824094812856,1,False,21.0,25.0,True,True
545,1979,179.0,Terraced,2,67.5,False,Oil boiler,11.104500161364173,52.3396266500997,49,False,21.0,25.0,True,True
546,1919,199.0,Detached,3,67.5,False,Oil boiler,9.2720176784706,50.54568424484991,1,False,21.0,25.0,True,True
547,1919,79.0,Detached,3,0.0,False,Electric heater,13.521894405033425,51.68445621112538,3,False,21.0,25.0,True,True
548,1959,250.0,Detached,2,45.0,False,CHP,8.276381522009633,52.02608932980041,5,True,21.0,25.0,True,True
549,1979,99.0,Detached,1,90.0,True,Gas boiler,7.196666469727859,50.69809573461469,1,False,21.0,25.0,True,True
550,1959,59.0,Detached,0,0.0,True,Electric heater,12.045261557683084,51.23067638202428,4,False,21.0,25.0,True,True
551,1969,79.0,Semi,3,22.5,True,Electric heater,8.89976127846304,49.048042162048716,30,False,21.0,25.0,True,True
552,1979,59.0,Detached,1,22.5,False,Oil boiler,11.593354743050622,48.983126545132386,10,False,21.0,25.0,True,True
553,1987,79.0,Detached,2,22.5,False,Gas boiler,11.472717905642842,48.54586079309331,10,False,21.0,25.0,True,True
554,1995,59.0,Detached,1,45.0,False,CHP,13.742324055279314,51.53267503524986,21,False,21.0,25.0,True,True
555,2009,139.0,Detached,4,67.5,True,Oil boiler,8.949097696627149,50.10396200403582,1,False,21.0,25.0,True,True
556,2009,99.0,Detached,1,90.0,True,Electric heater,9.03055894424617,48.76614311004073,19,False,21.0,25.0,True,True
557,1987,139.0,Detached,4,67.5,True,Gas boiler,8.845260265885464,48.5769763828136,2,False,21.0,25.0,True,True
558,1949,139.0,Terraced,2,67.5,False,Gas boiler,11.95697962827644,51.038270849165876,512,False,21.0,25.0,True,True
559,1987,59.0,Detached,4,22.5,False,District heating,13.866620314538036,51.75037256875261,2,False,21.0,25.0,True,True
560,1919,159.0,Detached,4,22.5,True,District heating,13.45434908535606,51.15977296748268,1,False,21.0,25.0,True,True
561,1969,79.0,Detached,1,90.0,False,CHP,10.794496258363687,48.74874055822348,8,False,21.0,25.0,True,True
562,2001,119.0,Detached,4,45.0,True,Gas boiler,13.780695643779637,52.076269997280576,1,False,21.0,25.0,True,True
563,1969,119.0,Detached,4,0.0,True,Oil boiler,10.206556914417934,53.4226291377452,1,False,21.0,25.0,True,True
564,2020,159.0,Detached,5,45.0,True,Pellet boiler,8.338680167607714,52.60032849342954,1,False,21.0,25.0,True,True
565,1995,119.0,Semi,2,45.0,True,Oil boiler,7.670840146980151,51.004144636656335,1,False,21.0,25.0,True,True
566,1987,199.0,Semi,5,22.5,True,Oil boiler,11.653457568834046,49.6248575260127,1,False,21.0,25.0,True,True
567,1949,99.0,Detached,1,0.0,False,Gas boiler,12.353763733550078,48.39891280009482,2,True,21.0,25.0,True,True
568,2001,99.0,Detached,3,0.0,False,Gas boiler,12.388325625670735,51.03514434887734,1,False,21.0,25.0,True,True
569,2009,179.0,Detached,5,90.0,True,Gas boiler,10.43580963890048,52.60306601310998,1,False,21.0,25.0,True,True
570,1949,99.0,Detached,3,0.0,True,Gas boiler,12.104956518286762,51.40598399620977,1,False,21.0,25.0,True,True
571,2009,139.0,Detached,2,90.0,False,Oil boiler,8.24534315912316,48.76862362413449,1,True,21.0,25.0,True,True
572,2020,39.0,Terraced,3,67.5,False,District heating,6.997076987202137,50.97687584595154,1,True,21.0,25.0,True,True
573,1969,99.0,Detached,1,90.0,True,Gas boiler,11.118076484367645,49.14388736753659,2,False,21.0,25.0,True,True
574,1969,250.0,Semi,5,0.0,True,Oil boiler,11.112057094574995,49.47636171657338,1,False,21.0,25.0,True,True
575,1919,59.0,Terraced,2,22.5,True,Oil boiler,7.928939290049016,51.915787372241624,3,False,21.0,25.0,True,True
576,1979,139.0,Terraced,5,0.0,True,District heating,8.952460433964422,48.76286874748859,1,False,21.0,25.0,True,True
577,1949,59.0,Terraced,2,22.5,False,Oil boiler,13.519837500931102,52.21171413063701,5,False,21.0,25.0,True,True
578,1969,159.0,Semi,0,0.0,False,Gas boiler,11.488039511851794,49.80617638746928,1,False,21.0,25.0,True,True
579,1949,39.0,Terraced,4,0.0,False,District heating,13.037075994386454,51.52239823678939,4,False,21.0,25.0,True,True
580,2009,99.0,Semi,2,45.0,True,Heat pump,7.764943246340744,48.93429893445394,1,True,21.0,25.0,True,True
581,1949,199.0,Semi,5,90.0,True,District heating,11.96480469818412,52.764783377774606,1,False,21.0,25.0,True,True
582,1979,139.0,Detached,2,22.5,True,Gas boiler,10.04517938235622,53.00880207397519,1,False,21.0,25.0,True,True
583,1949,119.0,Detached,2,67.5,False,Gas boiler,10.26422188292359,53.35160455429369,1,False,21.0,25.0,True,True
584,1995,119.0,Detached,1,0.0,True,CHP,9.282337836860403,53.48267897727056,12,False,21.0,25.0,True,True
585,1919,39.0,Semi,1,22.5,False,CHP,9.586606171237468,54.07669919688916,8,False,21.0,25.0,True,True
586,2001,139.0,Detached,2,22.5,True,Gas boiler,7.436101705378104,51.58251210346083,1,False,21.0,25.0,True,True
587,1949,99.0,Detached,2,67.5,False,Gas boiler,12.580833541197581,50.94445688309953,1,False,21.0,25.0,True,True
588,1959,119.0,Detached,5,45.0,True,District heating,9.546673001187507,48.39978858252957,1,False,21.0,25.0,True,True
589,1969,59.0,Terraced,2,45.0,True,Gas boiler,14.108705153229735,52.21395027729582,1,False,21.0,25.0,True,True
590,1919,119.0,Detached,1,67.5,True,Oil boiler,12.861752329065192,51.85579415330235,38,False,21.0,25.0,True,True
591,2001,250.0,Detached,3,0.0,True,Oil boiler,9.146643137514353,50.79329344221738,1,False,21.0,25.0,True,True
592,1949,59.0,Detached,1,45.0,False,Electric heater,11.69421782977475,52.60530818156223,7,False,21.0,25.0,True,True
593,1949,59.0,Terraced,2,67.5,False,Electric heater,10.541254957183531,53.0915305828739,7,False,21.0,25.0,True,True
594,1919,119.0,Detached,3,67.5,True,Oil boiler,9.854820525661871,54.08864453709028,1,False,21.0,25.0,True,True
595,1919,159.0,Detached,0,90.0,True,District heating,13.63645034917698,52.707447043388854,1,False,21.0,25.0,True,True
596,1995,159.0,Semi,5,90.0,False,Gas boiler,12.516258683717956,48.48648533916344,1,False,21.0,25.0,True,True
597,1959,79.0,Detached,0,0.0,True,CHP,11.955248040313007,50.85643720457579,15,False,21.0,25.0,True,True
598,1969,79.0,Semi,0,0.0,False,District heating,7.571575097957025,51.51452198127398,51,False,21.0,25.0,True,True
599,2009,79.0,Terraced,2,90.0,True,Gas boiler,13.524575848441382,52.50328414255861,2,False,21.0,25.0,True,True
600,1949,139.0,Detached,2,0.0,False,Gas boiler,12.193884000065278,53.90742327625637,1,False,21.0,25.0,True,True
601,2009,59.0,Semi,5,0.0,False,Gas boiler,7.157331321236124,50.787216521046545,1,False,21.0,25.0,True,True
602,1959,119.0,Detached,2,67.5,True,CHP,11.992718995821626,51.94264805347158,22,False,21.0,25.0,True,True
603,1969,99.0,Detached,1,67.5,True,Oil boiler,8.687461085868712,48.71902955005865,47,False,21.0,25.0,True,True
604,1959,119.0,Detached,4,45.0,True,Oil boiler,10.487457414571825,52.558890232676376,1,False,21.0,25.0,True,True
605,1979,179.0,Detached,2,67.5,True,Oil boiler,13.188404274789338,52.25608463855014,60,True,21.0,25.0,True,True
606,1969,99.0,Terraced,2,45.0,False,District heating,7.032450161295534,51.38462927934451,1,False,21.0,25.0,True,True
607,1919,79.0,Detached,3,0.0,False,District heating,11.413958466221057,48.47880786167093,10,False,21.0,25.0,True,True
608,1919,99.0,Terraced,2,22.5,True,Oil boiler,11.40663186913612,48.80008829956579,3,False,21.0,25.0,True,True
609,1949,99.0,Detached,1,0.0,False,Gas boiler,11.603886932443867,50.231457410957,2,True,21.0,25.0,True,True
610,1959,79.0,Detached,2,45.0,True,Electric heater,8.231384707376808,53.272076706908926,8,False,21.0,25.0,True,True
611,1969,79.0,Semi,3,22.5,True,CHP,8.679470219732815,49.36783367713204,32,True,21.0,25.0,True,True
612,1995,139.0,Semi,5,90.0,False,Gas boiler,10.94889542110734,49.33845568415162,1,False,21.0,25.0,True,True
613,1987,250.0,Detached,2,22.5,True,CHP,9.159701200226507,48.687777198379344,9,False,21.0,25.0,True,True
614,1995,79.0,Detached,1,0.0,False,Oil boiler,8.333652113958234,49.520064042910896,7,False,21.0,25.0,True,True
615,2001,39.0,Semi,4,67.5,False,Gas boiler,9.004529439870732,52.0872580723732,10,True,21.0,25.0,True,True
616,2009,139.0,Detached,1,90.0,True,Electric heater,11.619890854409249,52.05461902753665,21,False,21.0,25.0,True,True
617,1949,79.0,Terraced,2,90.0,False,Gas boiler,7.041516746522992,50.96662418972217,2,False,21.0,25.0,True,True
618,1919,250.0,Terraced,2,67.5,False,Gas boiler,10.638995017935232,51.6842200510003,90,False,21.0,25.0,True,True
619,1969,119.0,Detached,2,90.0,False,District heating,13.241868617387173,51.284142637260786,3,False,21.0,25.0,True,True
620,1919,139.0,Detached,2,22.5,True,Oil boiler,8.35167375153147,49.34061396634837,1,False,21.0,25.0,True,True
621,1919,79.0,Detached,4,67.5,True,Gas boiler,12.186438954658488,52.038815687452775,2,False,21.0,25.0,True,True
622,1949,119.0,Detached,4,90.0,True,Oil boiler,13.57994941001962,51.092711944428835,1,False,21.0,25.0,True,True
623,1919,179.0,Detached,4,22.5,True,Oil boiler,12.978247494312143,53.50559630291138,1,False,21.0,25.0,True,True
624,1987,159.0,Detached,3,0.0,False,Gas boiler,9.738473795986874,51.33605928902749,1,False,21.0,25.0,True,True
625,1959,250.0,Semi,1,67.5,True,Gas boiler,11.386662365943684,48.77860656297787,1,False,21.0,25.0,True,True
626,1969,99.0,Semi,5,67.5,True,Oil boiler,13.39221321962994,52.411185496526144,1,False,21.0,25.0,True,True
627,1979,59.0,Semi,5,0.0,False,District heating,9.967956442835401,54.024664238449475,1,False,21.0,25.0,True,True
628,1987,119.0,Detached,3,0.0,True,Oil boiler,8.247363084272342,51.94997083084506,1,False,21.0,25.0,True,True
629,2009,179.0,Detached,1,0.0,False,Pellet boiler,9.011533023732984,48.04858682835107,2,False,21.0,25.0,True,True
630,2001,99.0,Semi,1,67.5,True,Gas boiler,10.087476381831681,53.51870571416253,1,False,21.0,25.0,True,True
631,2020,139.0,Detached,5,22.5,False,Heat pump,8.402732438324039,49.83416727928247,1,False,21.0,25.0,True,True
632,2001,159.0,Terraced,3,22.5,True,Heat pump,11.374078727107936,48.61656648307048,1,True,21.0,25.0,True,True
633,1949,139.0,Terraced,4,67.5,True,Gas boiler,11.290763177250017,49.82077933462511,1,False,21.0,25.0,True,True
634,1987,79.0,Semi,1,0.0,True,Electric heater,13.40713084920311,51.510623139721126,3,False,21.0,25.0,True,True
635,1995,119.0,Semi,2,45.0,True,Oil boiler,6.998617531111117,50.770088020584566,1,False,21.0,25.0,True,True
636,1979,99.0,Terraced,2,67.5,False,Oil boiler,8.91459774899473,49.021571634620905,1,True,21.0,25.0,True,True
637,1995,79.0,Terraced,0,90.0,True,Electric heater,7.37487032441157,49.62195290795379,2,False,21.0,25.0,True,True
638,2001,99.0,Semi,2,0.0,False,Oil boiler,12.691861437043436,50.95548908129428,1,False,21.0,25.0,True,True
639,2001,59.0,Terraced,3,22.5,True,District heating,12.874761753167503,53.0074326158036,1,False,21.0,25.0,True,True
640,2001,139.0,Detached,3,22.5,False,Oil boiler,10.61424944501685,47.98903464992417,1,False,21.0,25.0,True,True
641,1949,59.0,Semi,4,45.0,True,Gas boiler,12.825818048851747,53.79088625086486,1,True,21.0,25.0,True,True
642,1987,179.0,Semi,4,22.5,True,District heating,10.219136971346149,53.805588367777055,1,False,21.0,25.0,True,True
643,1979,79.0,Semi,3,22.5,False,CHP,8.451717334097596,51.67377889908739,43,False,21.0,25.0,True,True
644,1979,119.0,Terraced,2,90.0,False,Electric heater,10.490940554227182,50.507738913774865,44,False,21.0,25.0,True,True
645,1987,39.0,Detached,4,22.5,False,Oil boiler,9.613258117617171,52.62204844663219,91,False,21.0,25.0,True,True
646,1959,99.0,Semi,1,67.5,True,Gas boiler,9.814513619687675,52.12670621721267,1,False,21.0,25.0,True,True
647,1995,79.0,Detached,2,22.5,True,Electric heater,12.850246153393876,52.52027800709033,10,False,21.0,25.0,True,True
648,1959,119.0,Semi,1,90.0,True,District heating,8.913222880336583,49.15923218697515,2,False,21.0,25.0,True,True
649,1969,99.0,Detached,2,45.0,True,CHP,7.0624904123240535,51.382262109053755,34,False,21.0,25.0,True,True
650,1949,250.0,Semi,5,90.0,True,Gas boiler,12.653539739542984,51.97789515011462,1,False,21.0,25.0,True,True
651,1979,159.0,Detached,1,90.0,True,Gas boiler,10.521003460748275,49.41884730855169,1,False,21.0,25.0,True,True
652,1949,99.0,Detached,1,0.0,True,District heating,8.838999386067679,48.75489887567572,6,False,21.0,25.0,True,True
653,1959,99.0,Semi,5,0.0,False,Gas boiler,8.505451072571695,49.94132806821086,1,False,21.0,25.0,True,True
654,2001,119.0,Detached,2,22.5,False,Gas boiler,12.64869928743315,52.44160595735715,1,True,21.0,25.0,True,True
655,1987,59.0,Detached,0,45.0,False,CHP,9.210583933233414,49.66084345038941,14,False,21.0,25.0,True,True
656,1919,250.0,Semi,2,45.0,False,District heating,11.329920564510232,54.02742426385824,1,False,21.0,25.0,True,True
657,1959,39.0,Detached,0,90.0,False,Oil boiler,9.268090715250075,49.338250225099976,39,False,21.0,25.0,True,True
658,1969,79.0,Detached,0,67.5,True,CHP,7.606341303100823,50.6640448054782,45,False,21.0,25.0,True,True
659,1919,79.0,Terraced,2,22.5,False,District heating,12.123223185587511,50.23090168944842,2,False,21.0,25.0,True,True
660,1919,199.0,Detached,1,67.5,False,Gas boiler,11.600440703867148,48.27551267185404,1,False,21.0,25.0,True,True
661,2001,119.0,Detached,3,0.0,True,Oil boiler,10.250097309758699,49.234162275790496,1,False,21.0,25.0,True,True
662,1959,99.0,Detached,1,90.0,False,Electric heater,10.870373957978689,48.442619045495796,19,False,21.0,25.0,True,True
663,1969,99.0,Detached,1,67.5,True,District heating,7.522629745014173,49.93836211984863,43,False,21.0,25.0,True,True
664,1979,250.0,Detached,1,90.0,True,Gas boiler,9.462516472520182,48.596758774425176,1,False,21.0,25.0,True,True
665,1979,99.0,Detached,2,90.0,False,Gas boiler,11.163185798716855,48.4281387772556,1,False,21.0,25.0,True,True
666,1919,59.0,Detached,1,90.0,False,Gas boiler,12.562947217505675,52.5463036523646,1,False,21.0,25.0,True,True
667,1919,159.0,Semi,3,0.0,True,Gas boiler,9.580831875363517,53.277157976815495,4,False,21.0,25.0,True,True
668,1919,79.0,Terraced,2,45.0,True,District heating,14.2506891574123,51.221037169952105,2,True,21.0,25.0,True,True
669,1949,59.0,Detached,1,22.5,False,District heating,12.114025531512887,52.25869142249012,1,False,21.0,25.0,True,True
670,1979,79.0,Detached,1,22.5,True,District heating,8.422495140339104,50.458597266540735,9,True,21.0,25.0,True,True
671,1969,79.0,Detached,3,22.5,True,Gas boiler,9.350385057205918,52.50857981668299,39,False,21.0,25.0,True,True
672,1969,59.0,Detached,1,67.5,True,Electric heater,10.28072699524273,53.33336499194922,11,False,21.0,25.0,True,True
673,1987,139.0,Detached,2,45.0,False,Oil boiler,8.642381879562283,49.16323080734532,9,False,21.0,25.0,True,True
674,1995,79.0,Detached,1,90.0,True,Electric heater,8.971583550199504,49.7531515863252,9,False,21.0,25.0,True,True
675,2001,159.0,Semi,4,67.5,True,Electric heater,10.205033380644888,53.554858326548704,13,True,21.0,25.0,True,True
676,2009,59.0,Detached,1,45.0,False,Electric heater,13.70155932237385,51.752316876002624,20,False,21.0,25.0,True,True
677,2001,99.0,Detached,2,22.5,False,CHP,12.7531197884136,52.28258817571724,7,False,21.0,25.0,True,True
678,1919,59.0,Terraced,2,67.5,False,Gas boiler,7.290296097826136,50.44195438769598,3,True,21.0,25.0,True,True
679,2001,119.0,Detached,3,67.5,False,Oil boiler,7.913492126995598,51.92364350638513,1,True,21.0,25.0,True,True
680,1919,159.0,Detached,2,0.0,False,Oil boiler,11.1520715875605,49.82630617786529,1,False,21.0,25.0,True,True
681,1995,139.0,Detached,4,67.5,True,Gas boiler,9.179955151592685,48.92188070587913,2,False,21.0,25.0,True,True
682,1949,99.0,Detached,4,0.0,False,Gas boiler,7.97408147954506,49.15819511831934,1,False,21.0,25.0,True,True
683,1969,119.0,Detached,4,22.5,True,Gas boiler,13.851802105607328,52.745472332418984,1,False,21.0,25.0,True,True
684,1959,250.0,Detached,1,45.0,False,District heating,6.96282344898167,50.35226488312694,1,False,21.0,25.0,True,True
685,1995,250.0,Detached,1,22.5,True,Pellet boiler,9.603036496618483,53.803985489992144,1,False,21.0,25.0,True,True
686,1987,99.0,Semi,0,22.5,True,Oil boiler,12.954632340910269,52.35136891195796,1,False,21.0,25.0,True,True
687,1979,250.0,Semi,5,22.5,True,District heating,12.847603589988186,48.68095332262289,1,False,21.0,25.0,True,True
688,1995,59.0,Detached,4,45.0,True,District heating,12.252788078535003,48.86481717642761,1,False,21.0,25.0,True,True
689,1919,199.0,Detached,1,22.5,True,Oil boiler,8.574124734815806,48.51616428872123,1,False,21.0,25.0,True,True
690,2009,159.0,Detached,2,67.5,False,Heat pump,12.354709811213866,51.64620023680761,2,False,21.0,25.0,True,True
691,2009,99.0,Detached,2,0.0,True,Heat pump,8.466849071244852,48.71455532277946,1,False,21.0,25.0,True,True
692,1919,99.0,Terraced,3,45.0,True,District heating,11.808785054379584,51.05399801717666,1,True,21.0,25.0,True,True
693,2001,159.0,Terraced,2,0.0,False,Gas boiler,6.4577136463799505,51.212944242635395,1,False,21.0,25.0,True,True
694,1959,59.0,Semi,1,67.5,True,Gas boiler,7.188718735560411,51.370835753646816,1,False,21.0,25.0,True,True
695,1969,119.0,Terraced,1,45.0,False,Oil boiler,11.643840487699059,48.27709370883856,1,False,21.0,25.0,True,True
696,1979,79.0,Terraced,2,0.0,False,Electric heater,8.454945536597037,49.205457856167236,2,False,21.0,25.0,True,True
697,1995,159.0,Semi,5,90.0,True,Gas boiler,8.389512466797896,52.044973343255734,1,True,21.0,25.0,True,True
698,1979,119.0,Semi,2,67.5,True,Oil boiler,10.693306680663778,49.90204251490656,1,False,21.0,25.0,True,True
699,1949,119.0,Detached,1,90.0,True,Gas boiler,10.000579511551626,50.60425019535838,2,False,21.0,25.0,True,True
700,1995,250.0,Semi,5,90.0,False,Gas boiler,11.842096054746076,47.96480278234221,1,False,21.0,25.0,True,True
701,1959,119.0,Detached,4,67.5,True,Oil boiler,11.996291994097337,47.94793649341362,1,False,21.0,25.0,True,True
702,1995,119.0,Detached,3,0.0,True,Oil boiler,7.1165572096909475,51.67383248932017,1,False,21.0,25.0,True,True
703,2009,139.0,Detached,2,22.5,True,Gas boiler,6.508533247703282,51.43244144528698,1,False,21.0,25.0,True,True
704,1995,119.0,Semi,2,45.0,True,Oil boiler,6.510028733039855,51.5143855066522,1,False,21.0,25.0,True,True
705,1949,59.0,Terraced,2,90.0,False,Gas boiler,6.90104898018778,49.44446310711588,2,False,21.0,25.0,True,True
706,1987,159.0,Terraced,2,90.0,True,Oil boiler,11.447286246160111,48.18197643084025,1,False,21.0,25.0,True,True
707,1949,99.0,Detached,1,0.0,False,Gas boiler,8.401947783296997,51.98473438969672,2,False,21.0,25.0,True,True
708,2009,139.0,Detached,2,22.5,True,Gas boiler,8.754955595345082,52.243459193288814,1,False,21.0,25.0,True,True
709,2009,139.0,Detached,4,45.0,False,Pellet boiler,9.811734863182838,52.92841246991,2,False,21.0,25.0,True,True
710,1949,119.0,Terraced,2,90.0,False,Gas boiler,8.022464311887399,50.3270780944197,3,False,21.0,25.0,True,True
711,1987,99.0,Terraced,2,90.0,True,Gas boiler,9.963764530539567,53.5717155782536,1,False,21.0,25.0,True,True
712,1949,250.0,Detached,4,90.0,False,Gas boiler,12.96728218762733,52.01325735573506,7,False,21.0,25.0,True,True
713,1959,79.0,Terraced,2,90.0,False,CHP,11.802036032230557,49.640331359694166,6,False,21.0,25.0,True,True
714,1949,99.0,Detached,2,90.0,False,Gas boiler,7.418928268093673,49.69260163703876,1,True,21.0,25.0,True,True
715,1995,119.0,Terraced,2,22.5,True,Pellet boiler,6.877947465550003,51.273060197656406,1,False,21.0,25.0,True,True
716,2009,139.0,Terraced,2,45.0,False,Pellet boiler,6.932370724452769,51.00816390467111,2,False,21.0,25.0,True,True
717,1959,79.0,Detached,0,90.0,False,CHP,12.696438080344109,51.08523998521307,22,False,21.0,25.0,True,True
718,1969,79.0,Detached,0,0.0,True,District heating,9.527965509710672,48.3782450355632,36,False,21.0,25.0,True,True
719,1995,139.0,Detached,2,22.5,True,Gas boiler,7.788300670010299,53.05671138234008,1,False,21.0,25.0,True,True
720,1919,79.0,Detached,1,0.0,True,CHP,12.9178528251257,48.1460851726675,22,False,21.0,25.0,True,True
721,2001,99.0,Detached,3,67.5,True,Oil boiler,13.950278431044971,51.357840775801705,1,True,21.0,25.0,True,True
722,1979,59.0,Detached,1,22.5,False,Oil boiler,10.016630255221354,53.00046698133327,9,False,21.0,25.0,True,True
723,1995,119.0,Semi,2,45.0,True,Oil boiler,6.3861427825594355,50.49256061084343,1,False,21.0,25.0,True,True
724,2001,139.0,Detached,2,22.5,True,Gas boiler,11.973576335279137,51.060509151805036,1,False,21.0,25.0,True,True
725,1979,199.0,Detached,3,67.5,False,Oil boiler,11.901927837149316,48.93834786567112,1,False,21.0,25.0,True,True
726,1949,59.0,Terraced,2,90.0,True,Gas boiler,12.608387610555049,53.86176921970346,1,True,21.0,25.0,True,True
727,1919,199.0,Detached,3,90.0,True,District heating,9.867361607835205,52.523423691256816,5,False,21.0,25.0,True,True
728,1919,79.0,Terraced,2,45.0,True,Gas boiler,11.224854437001646,53.86451830103252,3,False,21.0,25.0,True,True
729,1995,139.0,Detached,4,67.5,False,Gas boiler,9.124177988178822,50.505078494454665,3,True,21.0,25.0,True,True
730,1995,99.0,Detached,1,0.0,True,Gas boiler,7.571221578793404,51.85069491258654,6,False,21.0,25.0,True,True
731,1969,79.0,Semi,3,67.5,True,Gas boiler,11.602031148715184,48.389544263592796,27,False,21.0,25.0,True,True
732,1979,39.0,Detached,1,90.0,True,Electric heater,10.737744353542157,48.82582375650729,7,True,21.0,25.0,True,True
733,1987,79.0,Detached,2,22.5,True,Gas boiler,7.362740212624879,50.876952707494056,8,False,21.0,25.0,True,True
734,1987,59.0,Detached,2,67.5,False,Electric heater,12.285906207443226,51.086351916750374,7,False,21.0,25.0,True,True
735,2001,39.0,Semi,4,45.0,False,Gas boiler,13.246730012173398,52.31190064456179,11,False,21.0,25.0,True,True
736,2009,99.0,Terraced,1,22.5,False,Gas boiler,9.167609845743778,49.535212453847336,59,True,21.0,25.0,True,True
737,2001,99.0,Detached,3,0.0,True,Oil boiler,11.411059636989263,49.61443014399084,1,False,21.0,25.0,True,True
738,1987,59.0,Semi,4,90.0,True,Gas boiler,6.625696880491861,51.11117686131379,1,True,21.0,25.0,True,True
739,1919,179.0,Detached,3,0.0,False,District heating,7.257792834876085,49.94059544337037,1,False,21.0,25.0,True,True
740,1949,39.0,Detached,1,45.0,False,District heating,9.598604092206662,48.589485182330364,1,True,21.0,25.0,True,True
741,1949,250.0,Detached,4,0.0,True,District heating,11.683813251670074,53.30088324425776,1,False,21.0,25.0,True,True
742,1959,39.0,Detached,1,90.0,False,Oil boiler,8.967317564605953,47.9214849607952,2,False,21.0,25.0,True,True
743,1959,119.0,Detached,4,90.0,False,District heating,8.63450247998113,48.97087980630601,3,True,21.0,25.0,True,True
744,1979,99.0,Detached,1,90.0,False,Electric heater,9.078694637337689,52.04525874605916,3,False,21.0,25.0,True,True
745,1959,179.0,Terraced,1,0.0,True,Oil boiler,7.481613118667707,49.58249855961038,1,False,21.0,25.0,True,True
746,2001,99.0,Semi,1,0.0,True,Oil boiler,12.140721904886405,52.615929674565386,1,True,21.0,25.0,True,True
747,1995,79.0,Detached,2,0.0,False,Electric heater,9.534897980257465,53.96844843346893,3,False,21.0,25.0,True,True
748,2009,59.0,Detached,3,67.5,False,District heating,11.405268899108059,49.91067877024153,1,False,21.0,25.0,True,True
749,1995,139.0,Detached,1,0.0,False,Oil boiler,13.153333467390794,48.78444237895764,1,False,21.0,25.0,True,True
750,2009,119.0,Detached,2,67.5,True,Pellet boiler,7.996777965287797,50.55836665635007,1,False,21.0,25.0,True,True
751,1959,250.0,Detached,5,90.0,True,Oil boiler,8.959880843543809,52.12234537883068,1,False,21.0,25.0,True,True
752,1919,59.0,Terraced,2,67.5,False,District heating,11.209536317631823,51.717999429140946,1,True,21.0,25.0,True,True
753,2001,79.0,Terraced,4,45.0,True,Gas boiler,7.175720788550557,51.34828402330635,3,True,21.0,25.0,True,True
754,1959,139.0,Semi,2,22.5,True,District heating,6.918000504287018,51.311686087822096,1,False,21.0,25.0,True,True
755,2020,250.0,Terraced,2,45.0,True,Gas boiler,13.39103859933247,52.40436352109608,1,True,21.0,25.0,True,True
756,1987,99.0,Terraced,2,45.0,False,District heating,10.428561463146337,49.459356869004644,1,False,21.0,25.0,True,True
757,1987,159.0,Terraced,2,22.5,False,Oil boiler,7.969923211736113,48.00641650195087,1,False,21.0,25.0,True,True
758,1995,119.0,Semi,2,45.0,True,Oil boiler,10.518445080604277,48.150813942716724,1,False,21.0,25.0,True,True
759,1969,179.0,Detached,3,0.0,False,Oil boiler,8.9789585498308,49.274486319922325,1,False,21.0,25.0,True,True
760,1979,99.0,Semi,5,22.5,True,District heating,10.122878389468775,53.70365118169113,1,False,21.0,25.0,True,True
761,1919,39.0,Semi,1,45.0,True,CHP,10.75894336240719,51.76731342206691,10,True,21.0,25.0,True,True
762,2001,159.0,Semi,4,45.0,False,Gas boiler,8.32611006142012,53.31428749954227,1,False,21.0,25.0,True,True
763,1979,79.0,Semi,3,67.5,True,CHP,10.757056014289413,48.67652821129319,17,False,21.0,25.0,True,True
764,1959,99.0,Detached,4,45.0,True,Oil boiler,10.15448879777146,50.03067491287569,1,False,21.0,25.0,True,True
765,1987,39.0,Terraced,1,0.0,False,CHP,12.291869748559574,54.25510731946776,26,False,21.0,25.0,True,True
766,1949,99.0,Detached,1,0.0,False,Gas boiler,8.058172953008583,53.343016856990424,2,False,21.0,25.0,True,True
767,1995,79.0,Detached,2,0.0,False,CHP,12.185032465880514,50.37291704837401,20,False,21.0,25.0,True,True
768,1979,159.0,Detached,1,90.0,True,Oil boiler,8.150637713791218,53.31460635395958,1,False,21.0,25.0,True,True
769,1987,139.0,Semi,1,67.5,True,Gas boiler,12.047976360086682,51.82970135009641,1,False,21.0,25.0,True,True
770,1995,99.0,Semi,1,67.5,False,Gas boiler,10.078379327307603,52.161545839420896,173,False,21.0,25.0,True,True
771,2001,39.0,Detached,2,67.5,False,CHP,7.5602625777348385,50.83150334960793,15,False,21.0,25.0,True,True
772,1949,79.0,Detached,1,67.5,False,Gas boiler,7.208239861717447,51.41539771481662,6,False,21.0,25.0,True,True
773,1995,119.0,Detached,1,22.5,False,Gas boiler,8.413796950543624,52.02467535842632,8,False,21.0,25.0,True,True
774,1949,39.0,Detached,0,22.5,True,Gas boiler,13.70851972939969,51.99236877743627,1,False,21.0,25.0,True,True
775,1919,99.0,Terraced,0,90.0,True,Gas boiler,9.20609690050365,50.51138673425103,10,False,21.0,25.0,True,True
776,2009,159.0,Detached,2,22.5,True,Gas boiler,7.980668495135648,49.550165656173256,1,False,21.0,25.0,True,True
777,1959,79.0,Terraced,0,45.0,True,CHP,8.229512775267459,51.648501880623975,11,False,21.0,25.0,True,True
778,1969,79.0,Detached,0,45.0,True,CHP,13.135695158070636,50.90254771546383,41,False,21.0,25.0,True,True
779,1995,139.0,Detached,0,67.5,True,Gas boiler,9.521581444369085,53.22116145057812,1,False,21.0,25.0,True,True
780,1919,99.0,Detached,1,0.0,True,Gas boiler,8.189829492580056,53.4696852246668,1,False,21.0,25.0,True,True
781,1969,39.0,Semi,1,22.5,False,CHP,11.473553292097519,49.28446296740016,33,True,21.0,25.0,True,True
782,1959,119.0,Detached,4,67.5,True,Oil boiler,10.89353319935792,49.10063553557725,1,False,21.0,25.0,True,True
783,2020,119.0,Detached,1,45.0,True,Pellet boiler,10.781072628753593,52.55973981545898,1,True,21.0,25.0,True,True
784,1979,59.0,Detached,1,67.5,False,Gas boiler,6.952046672921897,50.634297718053055,11,False,21.0,25.0,True,True
785,1995,119.0,Terraced,2,90.0,True,Gas boiler,11.772450231989271,52.08958905684527,2,False,21.0,25.0,True,True
786,1969,250.0,Detached,3,0.0,False,Oil boiler,7.6368122216956245,50.25424034049321,1,True,21.0,25.0,True,True
787,1959,99.0,Detached,1,67.5,True,Electric heater,6.8049441541633096,50.921004454889605,2,False,21.0,25.0,True,True
788,1979,179.0,Detached,1,67.5,True,District heating,10.717187401596966,50.026426630395505,1,False,21.0,25.0,True,True
789,1987,139.0,Semi,4,45.0,False,Gas boiler,7.7700782520252565,52.05784310981399,1,False,21.0,25.0,True,True
790,2009,59.0,Detached,2,45.0,False,Pellet boiler,7.882189127144434,51.67172625078885,3,False,21.0,25.0,True,True
791,1969,139.0,Semi,1,90.0,False,District heating,10.083526861535365,48.01384364067404,1,False,21.0,25.0,True,True
792,1969,139.0,Terraced,3,45.0,True,Oil boiler,9.95466084500837,53.732597922085255,1,False,21.0,25.0,True,True
793,1979,250.0,Semi,5,22.5,True,Gas boiler,6.99937580899418,49.50056231176765,1,False,21.0,25.0,True,True
794,2009,79.0,Terraced,3,67.5,False,Gas boiler,11.460200148657226,52.399025832798664,28,False,21.0,25.0,True,True
795,1919,59.0,Detached,1,90.0,False,Gas boiler,14.01782180555617,51.3498803750305,1,False,21.0,25.0,True,True
796,1919,79.0,Terraced,2,22.5,True,Gas boiler,12.788934098127779,50.953569710032966,3,False,21.0,25.0,True,True
797,1969,59.0,Terraced,2,45.0,True,Oil boiler,8.561670148326579,48.75609725354984,2,False,21.0,25.0,True,True
798,1995,79.0,Semi,1,67.5,True,Gas boiler,10.919163543086274,50.988370045519915,2,False,21.0,25.0,True,True
799,1979,159.0,Detached,2,67.5,True,Oil boiler,8.426915080993851,49.8695734433921,2,True,21.0,25.0,True,True
