isWeekend;active occupant count;activity name;1;2;3;4;5;6;7;8;9;10;11;12;13;14;15;16;17;18;19;20;21;22;23;24;25;26;27;28;29;30;31;32;33;34;35;36;37;38;39;40;41;42;43;44;45;46;47;48;49;50;51;52;53;54;55;56;57;58;59;60;61;62;63;64;65;66;67;68;69;70;71;72;73;74;75;76;77;78;79;80;81;82;83;84;85;86;87;88;89;90;91;92;93;94;95;96;97;98;99;100;101;102;103;104;105;106;107;108;109;110;111;112;113;114;115;116;117;118;119;120;121;122;123;124;125;126;127;128;129;130;131;132;133;134;135;136;137;138;139;140;141;142;143;144
0;0;Act_TV;0.000;0.000;0.000;0.000;0.000;0.000;0.000;0.000;0.000;0.000;0.000;0.000;0.000;0.000;0.000;0.000;0.000;0.000;0.000;0.000;0.000;0.000;0.000;0.000;0.000;0.000;0.000;0.000;0.000;0.000;0.000;0.000;0.000;0.000;0.000;0.000;0.000;0.000;0.000;0.000;0.000;0.000;0.000;0.000;0.000;0.000;0.000;0.000;0.000;0.000;0.000;0.000;0.000;0.000;0.000;0.000;0.000;0.000;0.000;0.000;0.000;0.000;0.000;0.000;0.000;0.000;0.000;0.000;0.000;0.000;0.000;0.000;0.000;0.000;0.000;0.000;0.000;0.000;0.000;0.000;0.000;0.000;0.000;0.000;0.000;0.000;0.000;0.000;0.000;0.000;0.000;0.000;0.000;0.000;0.000;0.000;0.000;0.000;0.000;0.000;0.000;0.000;0.000;0.000;0.000;0.000;0.000;0.000;0.000;0.000;0.000;0.000;0.000;0.000;0.000;0.000;0.000;0.000;0.000;0.000;0.000;0.000;0.000;0.000;0.000;0.000;0.000;0.000;0.000;0.000;0.000;0.000;0.000;0.000;0.000;0.000;0.000;0.000;0.000;0.000;0.000;0.000;0.000;0.000
0;0;Act_Cooking;0.000;0.000;0.000;0.000;0.000;0.000;0.000;0.000;0.000;0.000;0.000;0.000;0.000;0.000;0.000;0.000;0.000;0.000;0.000;0.000;0.000;0.000;0.000;0.000;0.000;0.000;0.000;0.000;0.000;0.000;0.000;0.000;0.000;0.000;0.000;0.000;0.000;0.000;0.000;0.000;0.000;0.000;0.000;0.000;0.000;0.000;0.000;0.000;0.000;0.000;0.000;0.000;0.000;0.000;0.000;0.000;0.000;0.000;0.000;0.000;0.000;0.000;0.000;0.000;0.000;0.000;0.000;0.000;0.000;0.000;0.000;0.000;0.000;0.000;0.000;0.000;0.000;0.000;0.000;0.000;0.000;0.000;0.000;0.000;0.000;0.000;0.000;0.000;0.000;0.000;0.000;0.000;0.000;0.000;0.000;0.000;0.000;0.000;0.000;0.000;0.000;0.000;0.000;0.000;0.000;0.000;0.000;0.000;0.000;0.000;0.000;0.000;0.000;0.000;0.000;0.000;0.000;0.000;0.000;0.000;0.000;0.000;0.000;0.000;0.000;0.000;0.000;0.000;0.000;0.000;0.000;0.000;0.000;0.000;0.000;0.000;0.000;0.000;0.000;0.000;0.000;0.000;0.000;0.000
0;0;Act_Laundry;0.000;0.000;0.000;0.000;0.000;0.000;0.000;0.000;0.000;0.000;0.000;0.000;0.000;0.000;0.000;0.000;0.000;0.000;0.000;0.000;0.000;0.000;0.000;0.000;0.000;0.000;0.000;0.000;0.000;0.000;0.000;0.000;0.000;0.000;0.000;0.000;0.000;0.000;0.000;0.000;0.000;0.000;0.000;0.000;0.000;0.000;0.000;0.000;0.000;0.000;0.000;0.000;0.000;0.000;0.000;0.000;0.000;0.000;0.000;0.000;0.000;0.000;0.000;0.000;0.000;0.000;0.000;0.000;0.000;0.000;0.000;0.000;0.000;0.000;0.000;0.000;0.000;0.000;0.000;0.000;0.000;0.000;0.000;0.000;0.000;0.000;0.000;0.000;0.000;0.000;0.000;0.000;0.000;0.000;0.000;0.000;0.000;0.000;0.000;0.000;0.000;0.000;0.000;0.000;0.000;0.000;0.000;0.000;0.000;0.000;0.000;0.000;0.000;0.000;0.000;0.000;0.000;0.000;0.000;0.000;0.000;0.000;0.000;0.000;0.000;0.000;0.000;0.000;0.000;0.000;0.000;0.000;0.000;0.000;0.000;0.000;0.000;0.000;0.000;0.000;0.000;0.000;0.000;0.000
0;0;Act_WashDress;0.000;0.000;0.000;0.000;0.000;0.000;0.000;0.000;0.000;0.000;0.000;0.000;0.000;0.000;0.000;0.000;0.000;0.000;0.000;0.000;0.000;0.000;0.000;0.000;0.000;0.000;0.000;0.000;0.000;0.000;0.000;0.000;0.000;0.000;0.000;0.000;0.000;0.000;0.000;0.000;0.000;0.000;0.000;0.000;0.000;0.000;0.000;0.000;0.000;0.000;0.000;0.000;0.000;0.000;0.000;0.000;0.000;0.000;0.000;0.000;0.000;0.000;0.000;0.000;0.000;0.000;0.000;0.000;0.000;0.000;0.000;0.000;0.000;0.000;0.000;0.000;0.000;0.000;0.000;0.000;0.000;0.000;0.000;0.000;0.000;0.000;0.000;0.000;0.000;0.000;0.000;0.000;0.000;0.000;0.000;0.000;0.000;0.000;0.000;0.000;0.000;0.000;0.000;0.000;0.000;0.000;0.000;0.000;0.000;0.000;0.000;0.000;0.000;0.000;0.000;0.000;0.000;0.000;0.000;0.000;0.000;0.000;0.000;0.000;0.000;0.000;0.000;0.000;0.000;0.000;0.000;0.000;0.000;0.000;0.000;0.000;0.000;0.000;0.000;0.000;0.000;0.000;0.000;0.000
0;0;Act_Iron;0.000;0.000;0.000;0.000;0.000;0.000;0.000;0.000;0.000;0.000;0.000;0.000;0.000;0.000;0.000;0.000;0.000;0.000;0.000;0.000;0.000;0.000;0.000;0.000;0.000;0.000;0.000;0.000;0.000;0.000;0.000;0.000;0.000;0.000;0.000;0.000;0.000;0.000;0.000;0.000;0.000;0.000;0.000;0.000;0.000;0.000;0.000;0.000;0.000;0.000;0.000;0.000;0.000;0.000;0.000;0.000;0.000;0.000;0.000;0.000;0.000;0.000;0.000;0.000;0.000;0.000;0.000;0.000;0.000;0.000;0.000;0.000;0.000;0.000;0.000;0.000;0.000;0.000;0.000;0.000;0.000;0.000;0.000;0.000;0.000;0.000;0.000;0.000;0.000;0.000;0.000;0.000;0.000;0.000;0.000;0.000;0.000;0.000;0.000;0.000;0.000;0.000;0.000;0.000;0.000;0.000;0.000;0.000;0.000;0.000;0.000;0.000;0.000;0.000;0.000;0.000;0.000;0.000;0.000;0.000;0.000;0.000;0.000;0.000;0.000;0.000;0.000;0.000;0.000;0.000;0.000;0.000;0.000;0.000;0.000;0.000;0.000;0.000;0.000;0.000;0.000;0.000;0.000;0.000
0;0;Act_HouseClean;0.000;0.000;0.000;0.000;0.000;0.000;0.000;0.000;0.000;0.000;0.000;0.000;0.000;0.000;0.000;0.000;0.000;0.000;0.000;0.000;0.000;0.000;0.000;0.000;0.000;0.000;0.000;0.000;0.000;0.000;0.000;0.000;0.000;0.000;0.000;0.000;0.000;0.000;0.000;0.000;0.000;0.000;0.000;0.000;0.000;0.000;0.000;0.000;0.000;0.000;0.000;0.000;0.000;0.000;0.000;0.000;0.000;0.000;0.000;0.000;0.000;0.000;0.000;0.000;0.000;0.000;0.000;0.000;0.000;0.000;0.000;0.000;0.000;0.000;0.000;0.000;0.000;0.000;0.000;0.000;0.000;0.000;0.000;0.000;0.000;0.000;0.000;0.000;0.000;0.000;0.000;0.000;0.000;0.000;0.000;0.000;0.000;0.000;0.000;0.000;0.000;0.000;0.000;0.000;0.000;0.000;0.000;0.000;0.000;0.000;0.000;0.000;0.000;0.000;0.000;0.000;0.000;0.000;0.000;0.000;0.000;0.000;0.000;0.000;0.000;0.000;0.000;0.000;0.000;0.000;0.000;0.000;0.000;0.000;0.000;0.000;0.000;0.000;0.000;0.000;0.000;0.000;0.000;0.000
0;1;Act_TV;0.322;0.330;0.337;0.319;0.336;0.305;0.253;0.274;0.286;0.284;0.294;0.251;0.182;0.176;0.167;0.157;0.167;0.141;0.120;0.105;0.104;0.106;0.095;0.056;0.115;0.105;0.090;0.099;0.090;0.071;0.057;0.069;0.060;0.069;0.072;0.084;0.058;0.047;0.048;0.045;0.053;0.035;0.038;0.034;0.049;0.048;0.048;0.051;0.052;0.057;0.060;0.057;0.061;0.063;0.068;0.073;0.074;0.076;0.083;0.081;0.076;0.084;0.090;0.091;0.103;0.112;0.104;0.108;0.115;0.103;0.108;0.105;0.088;0.101;0.111;0.118;0.129;0.133;0.135;0.151;0.159;0.166;0.176;0.184;0.173;0.169;0.175;0.172;0.174;0.169;0.160;0.162;0.175;0.180;0.182;0.186;0.204;0.212;0.219;0.224;0.218;0.207;0.191;0.198;0.204;0.215;0.213;0.236;0.262;0.267;0.281;0.281;0.282;0.304;0.351;0.363;0.402;0.438;0.453;0.455;0.454;0.475;0.482;0.496;0.518;0.523;0.531;0.544;0.559;0.556;0.571;0.526;0.469;0.492;0.494;0.465;0.457;0.443;0.395;0.390;0.381;0.351;0.351;0.358
0;1;Act_Cooking;0.022;0.015;0.015;0.020;0.020;0.022;0.018;0.008;0.000;0.005;0.011;0.018;0.019;0.029;0.028;0.007;0.016;0.031;0.023;0.038;0.032;0.038;0.026;0.028;0.052;0.076;0.098;0.046;0.069;0.101;0.098;0.111;0.142;0.116;0.122;0.104;0.132;0.122;0.144;0.150;0.135;0.144;0.148;0.146;0.144;0.156;0.158;0.166;0.138;0.141;0.128;0.142;0.132;0.134;0.124;0.119;0.112;0.114;0.100;0.098;0.096;0.087;0.082;0.076;0.073;0.086;0.096;0.089;0.098;0.109;0.128;0.161;0.192;0.183;0.168;0.183;0.179;0.188;0.200;0.149;0.138;0.122;0.106;0.095;0.119;0.103;0.088;0.094;0.089;0.085;0.105;0.100;0.112;0.109;0.112;0.148;0.176;0.155;0.168;0.196;0.202;0.232;0.262;0.252;0.236;0.225;0.232;0.220;0.205;0.188;0.180;0.179;0.167;0.158;0.138;0.120;0.111;0.103;0.083;0.080;0.069;0.062;0.059;0.067;0.053;0.060;0.056;0.050;0.051;0.045;0.037;0.046;0.060;0.037;0.039;0.039;0.028;0.029;0.029;0.022;0.026;0.029;0.025;0.020
0;1;Act_Laundry;0.000;0.001;0.000;0.000;0.000;0.002;0.000;0.000;0.000;0.000;0.000;0.000;0.000;0.000;0.000;0.000;0.000;0.000;0.000;0.000;0.000;0.000;0.000;0.000;0.000;0.010;0.000;0.000;0.000;0.006;0.000;0.000;0.011;0.013;0.006;0.005;0.006;0.011;0.013;0.009;0.009;0.009;0.011;0.016;0.013;0.014;0.017;0.013;0.018;0.015;0.021;0.030;0.032;0.027;0.035;0.035;0.033;0.039;0.040;0.039;0.036;0.038;0.037;0.040;0.045;0.041;0.039;0.035;0.034;0.033;0.035;0.039;0.034;0.033;0.031;0.027;0.023;0.020;0.020;0.017;0.016;0.021;0.022;0.030;0.024;0.026;0.021;0.024;0.020;0.019;0.021;0.017;0.019;0.017;0.017;0.012;0.018;0.019;0.014;0.015;0.015;0.011;0.012;0.010;0.010;0.007;0.007;0.005;0.009;0.005;0.007;0.007;0.009;0.007;0.008;0.006;0.005;0.004;0.008;0.007;0.006;0.003;0.004;0.006;0.006;0.006;0.009;0.003;0.003;0.002;0.004;0.004;0.005;0.004;0.003;0.002;0.002;0.003;0.002;0.002;0.003;0.003;0.003;0.003
0;1;Act_WashDress;0.124;0.093;0.069;0.103;0.090;0.086;0.144;0.112;0.108;0.074;0.102;0.138;0.136;0.074;0.063;0.082;0.063;0.102;0.135;0.075;0.080;0.058;0.155;0.150;0.292;0.295;0.262;0.244;0.299;0.337;0.374;0.307;0.256;0.353;0.319;0.342;0.415;0.394;0.368;0.390;0.389;0.372;0.424;0.391;0.357;0.336;0.316;0.292;0.295;0.273;0.244;0.213;0.197;0.170;0.181;0.148;0.127;0.111;0.098;0.093;0.098;0.092;0.074;0.067;0.061;0.055;0.061;0.059;0.053;0.070;0.062;0.050;0.043;0.038;0.034;0.042;0.033;0.036;0.034;0.034;0.038;0.036;0.030;0.026;0.030;0.032;0.029;0.032;0.032;0.029;0.027;0.026;0.026;0.022;0.030;0.026;0.029;0.029;0.027;0.026;0.031;0.025;0.031;0.036;0.035;0.036;0.039;0.039;0.042;0.040;0.047;0.048;0.045;0.048;0.055;0.050;0.051;0.048;0.050;0.046;0.051;0.050;0.049;0.044;0.047;0.049;0.063;0.058;0.051;0.058;0.061;0.078;0.109;0.088;0.075;0.097;0.089;0.093;0.130;0.113;0.096;0.123;0.114;0.103
0;1;Act_Iron;0.000;0.000;0.000;0.000;0.000;0.000;0.000;0.000;0.000;0.000;0.000;0.000;0.000;0.000;0.000;0.000;0.000;0.000;0.000;0.000;0.000;0.000;0.000;0.000;0.000;0.000;0.000;0.000;0.000;0.000;0.000;0.000;0.000;0.000;0.003;0.002;0.002;0.005;0.007;0.009;0.010;0.007;0.005;0.007;0.007;0.006;0.009;0.007;0.005;0.003;0.004;0.007;0.008;0.011;0.011;0.012;0.016;0.018;0.014;0.014;0.015;0.017;0.023;0.029;0.026;0.030;0.035;0.033;0.034;0.031;0.032;0.031;0.025;0.025;0.020;0.017;0.020;0.017;0.018;0.018;0.022;0.026;0.032;0.033;0.037;0.043;0.045;0.043;0.045;0.040;0.037;0.034;0.032;0.027;0.028;0.023;0.023;0.021;0.024;0.022;0.023;0.024;0.016;0.017;0.019;0.014;0.013;0.012;0.010;0.011;0.011;0.014;0.015;0.013;0.014;0.013;0.015;0.013;0.016;0.014;0.016;0.016;0.015;0.012;0.013;0.012;0.009;0.009;0.011;0.007;0.006;0.005;0.003;0.003;0.002;0.001;0.003;0.004;0.005;0.007;0.006;0.003;0.002;0.001
0;1;Act_HouseClean;0.006;0.004;0.010;0.004;0.002;0.005;0.004;0.008;0.000;0.005;0.006;0.006;0.013;0.015;0.014;0.022;0.008;0.008;0.008;0.015;0.000;0.000;0.000;0.000;0.010;0.000;0.000;0.000;0.000;0.000;0.000;0.000;0.004;0.016;0.011;0.011;0.008;0.012;0.015;0.022;0.025;0.025;0.025;0.026;0.032;0.039;0.050;0.048;0.058;0.067;0.081;0.099;0.125;0.138;0.153;0.177;0.197;0.217;0.221;0.214;0.217;0.225;0.227;0.233;0.221;0.208;0.196;0.185;0.166;0.160;0.145;0.130;0.100;0.095;0.088;0.076;0.071;0.067;0.068;0.067;0.072;0.082;0.087;0.093;0.089;0.091;0.088;0.091;0.086;0.087;0.079;0.072;0.063;0.059;0.057;0.053;0.049;0.050;0.048;0.048;0.044;0.036;0.035;0.032;0.030;0.032;0.032;0.028;0.024;0.024;0.024;0.031;0.029;0.028;0.025;0.031;0.024;0.023;0.025;0.022;0.023;0.018;0.019;0.017;0.018;0.013;0.012;0.011;0.009;0.007;0.008;0.011;0.015;0.015;0.008;0.006;0.009;0.007;0.007;0.008;0.006;0.002;0.006;0.008
0;2;Act_TV;0.518;0.547;0.549;0.602;0.608;0.565;0.419;0.425;0.367;0.360;0.381;0.450;0.400;0.154;0.154;0.182;0.273;0.100;0.111;0.167;0.143;0.250;0.286;0.111;0.000;0.000;0.000;0.000;0.000;0.111;0.050;0.033;0.097;0.114;0.118;0.149;0.069;0.050;0.058;0.042;0.048;0.046;0.064;0.076;0.090;0.071;0.089;0.111;0.107;0.114;0.110;0.101;0.114;0.124;0.122;0.122;0.137;0.165;0.163;0.170;0.162;0.188;0.200;0.211;0.226;0.214;0.181;0.181;0.192;0.202;0.193;0.189;0.166;0.175;0.171;0.203;0.199;0.211;0.238;0.249;0.253;0.269;0.287;0.264;0.261;0.270;0.275;0.282;0.305;0.300;0.259;0.293;0.297;0.329;0.346;0.331;0.339;0.337;0.350;0.376;0.375;0.368;0.336;0.319;0.327;0.324;0.341;0.349;0.370;0.380;0.400;0.399;0.417;0.438;0.499;0.524;0.555;0.604;0.629;0.637;0.645;0.661;0.688;0.698;0.707;0.707;0.710;0.731;0.759;0.762;0.769;0.755;0.680;0.694;0.699;0.681;0.692;0.666;0.599;0.581;0.617;0.559;0.548;0.573
0;2;Act_Cooking;0.051;0.061;0.074;0.051;0.051;0.065;0.047;0.075;0.067;0.000;0.000;0.050;0.067;0.077;0.000;0.091;0.091;0.100;0.000;0.000;0.286;0.125;0.143;0.000;0.200;0.000;0.000;0.300;0.375;0.222;0.000;0.300;0.258;0.229;0.147;0.298;0.255;0.200;0.249;0.305;0.241;0.259;0.215;0.275;0.239;0.242;0.248;0.233;0.258;0.204;0.208;0.209;0.205;0.188;0.220;0.189;0.178;0.175;0.185;0.141;0.141;0.128;0.117;0.140;0.139;0.102;0.137;0.149;0.138;0.169;0.195;0.212;0.265;0.281;0.259;0.261;0.288;0.286;0.248;0.193;0.191;0.213;0.206;0.186;0.206;0.178;0.164;0.161;0.160;0.148;0.189;0.160;0.160;0.173;0.207;0.194;0.265;0.262;0.279;0.281;0.302;0.337;0.361;0.369;0.358;0.355;0.351;0.322;0.300;0.287;0.261;0.263;0.256;0.248;0.207;0.193;0.175;0.143;0.119;0.112;0.108;0.097;0.086;0.082;0.085;0.094;0.087;0.072;0.062;0.062;0.067;0.061;0.084;0.065;0.057;0.053;0.058;0.047;0.059;0.052;0.055;0.059;0.059;0.056
0;2;Act_Laundry;0.005;0.000;0.008;0.010;0.013;0.016;0.023;0.000;0.000;0.000;0.000;0.000;0.000;0.000;0.000;0.000;0.000;0.000;0.000;0.000;0.000;0.000;0.000;0.000;0.000;0.000;0.000;0.000;0.000;0.000;0.000;0.000;0.000;0.000;0.000;0.021;0.000;0.000;0.006;0.004;0.006;0.011;0.005;0.009;0.009;0.013;0.016;0.020;0.026;0.020;0.023;0.034;0.042;0.061;0.042;0.040;0.055;0.053;0.052;0.055;0.057;0.057;0.066;0.064;0.072;0.070;0.064;0.063;0.061;0.059;0.061;0.062;0.041;0.038;0.038;0.034;0.037;0.029;0.023;0.023;0.030;0.028;0.037;0.027;0.029;0.037;0.050;0.043;0.032;0.028;0.028;0.025;0.025;0.025;0.027;0.032;0.031;0.031;0.022;0.029;0.024;0.018;0.008;0.010;0.012;0.013;0.014;0.013;0.012;0.016;0.011;0.016;0.012;0.008;0.010;0.006;0.009;0.008;0.011;0.007;0.006;0.006;0.005;0.007;0.005;0.008;0.005;0.005;0.010;0.009;0.003;0.003;0.007;0.006;0.006;0.004;0.004;0.001;0.004;0.003;0.002;0.007;0.006;0.000
0;2;Act_WashDress;0.215;0.182;0.221;0.255;0.165;0.177;0.256;0.200;0.233;0.200;0.286;0.250;0.133;0.077;0.077;0.182;0.091;0.100;0.222;0.000;0.000;0.125;0.143;0.333;0.600;0.400;0.286;0.300;0.125;0.222;0.550;0.467;0.387;0.457;0.500;0.532;0.598;0.593;0.566;0.533;0.547;0.576;0.592;0.537;0.552;0.543;0.487;0.487;0.467;0.456;0.460;0.417;0.364;0.322;0.334;0.333;0.288;0.268;0.247;0.222;0.251;0.226;0.191;0.162;0.153;0.122;0.127;0.122;0.118;0.113;0.111;0.090;0.072;0.067;0.068;0.077;0.071;0.053;0.054;0.051;0.038;0.036;0.048;0.048;0.050;0.052;0.048;0.035;0.035;0.028;0.053;0.039;0.058;0.062;0.065;0.061;0.058;0.060;0.064;0.055;0.053;0.047;0.066;0.070;0.068;0.062;0.067;0.079;0.085;0.091;0.090;0.098;0.105;0.097;0.103;0.108;0.097;0.091;0.083;0.078;0.082;0.083;0.078;0.088;0.091;0.098;0.108;0.097;0.085;0.086;0.088;0.111;0.186;0.155;0.161;0.172;0.173;0.170;0.213;0.178;0.134;0.191;0.160;0.164
0;2;Act_Iron;0.005;0.007;0.000;0.000;0.000;0.000;0.000;0.000;0.000;0.000;0.000;0.000;0.000;0.000;0.000;0.000;0.000;0.000;0.000;0.000;0.000;0.000;0.000;0.000;0.000;0.000;0.000;0.000;0.000;0.000;0.000;0.000;0.000;0.000;0.000;0.000;0.029;0.007;0.000;0.008;0.010;0.003;0.005;0.007;0.007;0.008;0.009;0.008;0.004;0.004;0.005;0.002;0.003;0.005;0.006;0.006;0.008;0.015;0.020;0.031;0.034;0.035;0.043;0.042;0.038;0.044;0.050;0.059;0.055;0.048;0.043;0.032;0.026;0.022;0.017;0.017;0.012;0.012;0.019;0.022;0.027;0.031;0.034;0.038;0.033;0.039;0.039;0.043;0.054;0.061;0.050;0.051;0.053;0.048;0.047;0.044;0.034;0.035;0.037;0.029;0.029;0.024;0.019;0.018;0.016;0.012;0.014;0.012;0.010;0.014;0.017;0.018;0.018;0.019;0.020;0.024;0.024;0.025;0.027;0.026;0.026;0.025;0.026;0.021;0.018;0.019;0.016;0.016;0.015;0.015;0.011;0.014;0.012;0.011;0.012;0.009;0.008;0.007;0.003;0.002;0.004;0.005;0.006;0.010
0;2;Act_HouseClean;0.026;0.014;0.008;0.020;0.000;0.000;0.000;0.000;0.000;0.000;0.000;0.000;0.000;0.000;0.000;0.000;0.000;0.000;0.000;0.000;0.000;0.000;0.000;0.000;0.000;0.200;0.143;0.100;0.125;0.000;0.000;0.000;0.032;0.029;0.088;0.064;0.029;0.029;0.035;0.031;0.026;0.038;0.033;0.039;0.058;0.049;0.065;0.070;0.059;0.092;0.115;0.128;0.155;0.186;0.208;0.211;0.209;0.238;0.272;0.270;0.265;0.269;0.278;0.264;0.256;0.266;0.239;0.220;0.218;0.206;0.186;0.190;0.133;0.115;0.095;0.092;0.078;0.074;0.063;0.068;0.073;0.094;0.090;0.096;0.095;0.096;0.100;0.106;0.104;0.096;0.079;0.085;0.076;0.068;0.059;0.053;0.048;0.053;0.051;0.051;0.045;0.032;0.037;0.042;0.044;0.038;0.035;0.030;0.037;0.038;0.047;0.037;0.040;0.039;0.025;0.028;0.028;0.022;0.028;0.024;0.027;0.031;0.029;0.024;0.025;0.020;0.026;0.020;0.016;0.020;0.021;0.018;0.012;0.015;0.010;0.022;0.017;0.013;0.013;0.020;0.014;0.017;0.025;0.028
0;3;Act_TV;0.905;0.824;0.692;0.700;0.833;0.714;0.000;0.000;0.000;0.000;0.000;0.000;0.000;0.000;0.000;0.000;0.000;0.000;0.000;0.000;1.000;0.000;0.000;0.000;0.000;0.000;0.000;0.000;0.000;0.000;0.000;0.000;0.000;0.000;0.000;0.000;0.000;0.000;0.000;0.000;0.034;0.154;0.063;0.117;0.179;0.167;0.176;0.240;0.210;0.227;0.239;0.286;0.333;0.383;0.347;0.362;0.421;0.433;0.500;0.500;0.457;0.373;0.345;0.392;0.380;0.423;0.327;0.333;0.367;0.364;0.364;0.400;0.304;0.411;0.429;0.470;0.387;0.339;0.442;0.393;0.532;0.478;0.408;0.396;0.263;0.325;0.439;0.474;0.463;0.568;0.500;0.462;0.472;0.560;0.527;0.500;0.514;0.508;0.554;0.549;0.558;0.522;0.485;0.488;0.519;0.527;0.546;0.562;0.538;0.549;0.566;0.532;0.578;0.593;0.650;0.687;0.701;0.736;0.759;0.768;0.792;0.813;0.807;0.790;0.789;0.815;0.820;0.802;0.841;0.860;0.848;0.823;0.821;0.831;0.773;0.770;0.795;0.821;0.824;0.790;0.811;0.860;0.875;0.792
0;3;Act_Cooking;0.048;0.059;0.000;0.000;0.167;0.143;0.000;0.000;0.000;0.000;0.000;0.000;0.000;0.000;0.000;0.000;0.000;0.000;0.000;0.000;0.000;0.000;0.000;0.000;0.000;0.000;0.000;0.000;0.000;0.000;0.000;0.000;0.000;0.000;0.000;0.500;0.333;0.143;0.308;0.294;0.345;0.308;0.238;0.292;0.283;0.296;0.335;0.276;0.260;0.266;0.213;0.176;0.303;0.277;0.306;0.190;0.211;0.217;0.212;0.173;0.130;0.118;0.155;0.098;0.220;0.192;0.164;0.185;0.204;0.200;0.182;0.220;0.250;0.196;0.254;0.318;0.306;0.214;0.327;0.268;0.255;0.196;0.204;0.271;0.237;0.200;0.098;0.132;0.146;0.216;0.159;0.192;0.264;0.308;0.259;0.290;0.370;0.302;0.362;0.387;0.389;0.441;0.452;0.412;0.416;0.387;0.383;0.364;0.355;0.327;0.288;0.287;0.279;0.248;0.226;0.223;0.186;0.174;0.140;0.120;0.111;0.103;0.101;0.082;0.085;0.101;0.118;0.110;0.094;0.080;0.076;0.087;0.077;0.059;0.085;0.115;0.068;0.067;0.049;0.086;0.075;0.093;0.031;0.042
0;3;Act_Laundry;0.000;0.000;0.000;0.000;0.000;0.000;0.000;0.000;0.000;0.000;0.000;0.000;0.000;0.000;0.000;0.000;0.000;0.000;0.000;0.000;0.000;0.000;0.000;0.000;0.000;0.000;0.000;0.000;0.000;0.000;0.000;0.000;0.000;0.000;0.000;0.000;0.000;0.000;0.000;0.000;0.034;0.000;0.016;0.026;0.043;0.026;0.026;0.040;0.018;0.059;0.026;0.044;0.045;0.021;0.061;0.052;0.123;0.100;0.115;0.115;0.022;0.059;0.034;0.098;0.060;0.058;0.091;0.056;0.082;0.091;0.036;0.040;0.089;0.054;0.063;0.045;0.016;0.054;0.058;0.054;0.021;0.022;0.041;0.083;0.053;0.025;0.024;0.053;0.073;0.054;0.000;0.019;0.028;0.022;0.071;0.043;0.021;0.034;0.017;0.025;0.013;0.016;0.037;0.023;0.032;0.023;0.014;0.021;0.018;0.013;0.010;0.014;0.019;0.015;0.019;0.012;0.005;0.014;0.019;0.022;0.008;0.020;0.022;0.012;0.012;0.018;0.019;0.008;0.013;0.009;0.009;0.000;0.000;0.000;0.005;0.011;0.000;0.022;0.010;0.000;0.000;0.000;0.000;0.000
0;3;Act_WashDress;0.238;0.176;0.077;0.100;0.000;0.286;1.000;1.000;0.000;0.000;0.000;0.000;0.000;0.000;0.000;0.000;0.000;0.000;0.000;0.000;0.000;0.000;0.000;0.000;1.000;1.000;0.000;0.000;0.000;0.000;0.000;0.000;0.000;0.000;0.667;0.750;1.000;0.857;0.769;0.824;0.862;0.795;0.865;0.773;0.772;0.717;0.709;0.716;0.689;0.700;0.594;0.626;0.439;0.468;0.510;0.500;0.474;0.533;0.423;0.385;0.522;0.471;0.397;0.373;0.260;0.212;0.364;0.333;0.265;0.309;0.236;0.300;0.196;0.214;0.175;0.212;0.129;0.107;0.077;0.161;0.128;0.087;0.061;0.063;0.079;0.075;0.098;0.132;0.171;0.135;0.068;0.135;0.125;0.143;0.143;0.225;0.205;0.184;0.186;0.152;0.173;0.154;0.085;0.120;0.101;0.117;0.110;0.116;0.143;0.169;0.196;0.193;0.158;0.174;0.167;0.167;0.154;0.158;0.176;0.180;0.180;0.163;0.159;0.193;0.201;0.208;0.217;0.201;0.159;0.188;0.164;0.197;0.349;0.256;0.232;0.301;0.242;0.276;0.324;0.235;0.151;0.163;0.125;0.333
0;3;Act_Iron;0.000;0.000;0.000;0.000;0.000;0.000;0.000;0.000;0.000;0.000;0.000;0.000;0.000;0.000;0.000;0.000;0.000;0.000;0.000;0.000;0.000;0.000;0.000;0.000;0.000;0.000;0.000;0.000;0.000;0.000;0.000;0.000;0.000;0.000;0.000;0.000;0.000;0.143;0.077;0.000;0.000;0.026;0.024;0.026;0.016;0.021;0.018;0.004;0.018;0.010;0.019;0.000;0.015;0.043;0.020;0.017;0.018;0.017;0.000;0.019;0.022;0.020;0.017;0.000;0.020;0.019;0.018;0.056;0.020;0.055;0.055;0.040;0.018;0.018;0.032;0.030;0.032;0.036;0.038;0.036;0.021;0.043;0.020;0.000;0.026;0.025;0.049;0.053;0.049;0.000;0.023;0.038;0.028;0.044;0.027;0.043;0.027;0.022;0.028;0.039;0.035;0.024;0.015;0.013;0.010;0.014;0.020;0.011;0.020;0.030;0.030;0.028;0.027;0.030;0.034;0.041;0.039;0.038;0.039;0.041;0.035;0.032;0.039;0.037;0.041;0.043;0.035;0.027;0.030;0.030;0.027;0.027;0.017;0.014;0.019;0.011;0.000;0.007;0.010;0.012;0.000;0.000;0.000;0.000
0;3;Act_HouseClean;0.000;0.000;0.000;0.000;0.000;0.000;0.000;0.000;0.000;0.000;0.000;0.000;0.000;0.000;0.000;0.000;0.000;0.000;0.000;0.000;0.000;0.000;0.000;0.000;0.000;0.000;0.000;0.000;0.000;0.000;0.000;0.000;0.000;0.000;0.000;0.000;0.000;0.000;0.000;0.000;0.000;0.051;0.048;0.097;0.071;0.069;0.053;0.067;0.091;0.103;0.135;0.121;0.152;0.255;0.184;0.241;0.281;0.317;0.250;0.192;0.196;0.176;0.172;0.294;0.220;0.192;0.236;0.259;0.265;0.218;0.255;0.280;0.268;0.196;0.175;0.197;0.226;0.196;0.154;0.089;0.128;0.130;0.163;0.146;0.211;0.200;0.220;0.237;0.171;0.135;0.227;0.192;0.097;0.033;0.027;0.022;0.041;0.078;0.056;0.054;0.053;0.049;0.029;0.037;0.036;0.049;0.065;0.045;0.043;0.045;0.052;0.052;0.058;0.065;0.049;0.049;0.053;0.038;0.036;0.027;0.035;0.034;0.039;0.037;0.031;0.030;0.027;0.027;0.022;0.018;0.018;0.020;0.017;0.018;0.024;0.016;0.031;0.007;0.010;0.012;0.000;0.047;0.000;0.000
0;4;Act_TV;1.000;0.500;1.000;1.000;1.000;1.000;1.000;1.000;1.000;1.000;1.000;1.000;1.000;1.000;1.000;1.000;1.000;1.000;1.000;1.000;0.000;0.000;0.000;0.000;0.000;0.000;0.000;0.000;0.000;0.000;0.000;0.000;0.000;0.000;0.000;0.000;0.000;0.000;0.000;0.000;0.000;0.000;0.080;0.167;0.148;0.154;0.215;0.211;0.226;0.265;0.375;0.412;0.455;0.714;0.500;0.545;0.615;0.750;0.727;0.500;0.615;0.700;0.556;0.500;0.375;0.625;0.500;0.500;0.750;0.750;0.500;0.700;0.857;0.875;0.875;0.500;0.571;0.333;0.571;0.545;0.385;0.556;0.667;0.800;0.600;0.600;0.500;0.400;0.500;0.333;0.400;0.500;0.500;0.471;0.538;0.567;0.580;0.625;0.617;0.511;0.574;0.660;0.588;0.610;0.623;0.638;0.739;0.656;0.594;0.633;0.654;0.656;0.650;0.638;0.689;0.750;0.817;0.791;0.810;0.788;0.791;0.811;0.786;0.850;0.825;0.816;0.860;0.874;0.898;0.897;0.944;0.948;0.831;0.820;0.840;0.881;0.867;0.920;0.929;0.923;0.917;0.875;1.000;1.000
0;4;Act_Cooking;0.000;0.000;0.000;0.000;0.000;0.000;0.000;0.000;0.000;0.000;0.000;0.000;0.000;0.000;0.000;0.000;0.000;0.000;0.000;0.000;0.000;0.000;0.000;0.000;0.000;0.000;0.000;0.000;0.000;0.000;0.000;0.000;0.000;0.000;0.000;0.000;0.000;0.000;0.000;0.000;0.000;0.286;0.280;0.381;0.407;0.385;0.431;0.439;0.245;0.224;0.250;0.118;0.182;0.000;0.700;0.636;0.462;0.333;0.273;0.500;0.538;0.500;0.111;0.625;0.375;0.250;0.125;0.375;0.375;0.250;0.375;0.500;0.143;0.625;0.250;0.167;0.143;0.333;0.286;0.273;0.231;0.222;0.500;0.200;0.200;0.200;0.400;0.400;0.400;0.444;0.300;0.200;0.300;0.412;0.269;0.400;0.300;0.250;0.234;0.422;0.362;0.440;0.515;0.468;0.390;0.413;0.409;0.365;0.387;0.358;0.339;0.297;0.248;0.308;0.279;0.216;0.225;0.209;0.139;0.161;0.119;0.133;0.168;0.150;0.175;0.160;0.124;0.126;0.076;0.121;0.065;0.052;0.153;0.131;0.160;0.119;0.100;0.080;0.000;0.077;0.000;0.000;0.000;0.000
0;4;Act_Laundry;0.000;0.000;0.000;0.000;0.000;0.000;0.000;0.000;0.000;0.000;0.000;0.000;0.000;0.000;0.000;0.000;0.000;0.000;0.000;0.000;0.000;0.000;0.000;0.000;0.000;0.000;0.000;0.000;0.000;0.000;0.000;0.000;0.000;0.000;0.000;0.000;0.000;0.000;0.000;0.000;0.000;0.000;0.000;0.024;0.019;0.046;0.015;0.018;0.019;0.020;0.042;0.059;0.000;0.143;0.000;0.000;0.077;0.000;0.000;0.000;0.077;0.000;0.000;0.000;0.125;0.125;0.000;0.000;0.000;0.000;0.125;0.000;0.000;0.000;0.125;0.167;0.143;0.000;0.000;0.000;0.077;0.222;0.167;0.000;0.000;0.200;0.000;0.000;0.000;0.000;0.100;0.100;0.200;0.118;0.038;0.067;0.040;0.042;0.021;0.022;0.043;0.040;0.059;0.013;0.013;0.013;0.011;0.021;0.019;0.025;0.024;0.008;0.015;0.031;0.041;0.026;0.017;0.000;0.007;0.015;0.037;0.035;0.015;0.015;0.008;0.016;0.016;0.007;0.008;0.009;0.000;0.013;0.017;0.016;0.000;0.024;0.000;0.000;0.000;0.000;0.000;0.000;0.000;0.000
0;4;Act_WashDress;0.500;0.500;0.000;0.000;0.000;0.000;0.000;1.000;0.000;0.000;0.000;0.000;0.000;0.000;0.000;0.000;0.000;0.000;0.000;0.000;0.000;0.000;0.000;0.000;0.000;0.000;0.000;0.000;0.000;0.000;0.000;0.000;0.000;1.000;0.000;0.000;0.000;0.000;0.000;1.000;1.000;1.000;0.840;0.857;0.907;0.862;0.846;0.842;0.830;0.653;0.833;0.588;0.364;0.286;0.500;0.727;0.769;0.500;0.727;0.700;0.538;0.700;0.556;0.625;0.500;0.500;0.625;0.125;0.000;0.125;0.250;0.100;0.000;0.000;0.125;0.167;0.143;0.000;0.143;0.091;0.231;0.111;0.167;0.200;0.100;0.200;0.200;0.000;0.000;0.111;0.300;0.400;0.500;0.412;0.308;0.233;0.240;0.167;0.149;0.111;0.106;0.160;0.162;0.117;0.143;0.075;0.125;0.146;0.151;0.158;0.110;0.156;0.175;0.138;0.213;0.181;0.167;0.171;0.182;0.234;0.254;0.259;0.229;0.286;0.278;0.216;0.295;0.333;0.280;0.241;0.262;0.260;0.288;0.328;0.280;0.214;0.300;0.200;0.286;0.308;0.250;0.250;0.000;0.000
0;4;Act_Iron;0.000;0.000;0.000;0.000;0.000;0.000;0.000;0.000;0.000;0.000;0.000;0.000;0.000;0.000;0.000;0.000;0.000;0.000;0.000;0.000;0.000;0.000;0.000;0.000;0.000;0.000;0.000;0.000;0.000;0.000;0.000;0.000;0.000;0.000;0.000;0.000;0.000;0.000;0.000;0.250;0.000;0.000;0.000;0.000;0.037;0.031;0.015;0.018;0.000;0.000;0.000;0.000;0.000;0.000;0.000;0.000;0.077;0.000;0.000;0.000;0.000;0.000;0.111;0.125;0.250;0.250;0.250;0.000;0.000;0.000;0.000;0.000;0.000;0.000;0.000;0.000;0.000;0.000;0.000;0.000;0.000;0.000;0.000;0.000;0.000;0.000;0.000;0.100;0.100;0.111;0.100;0.000;0.000;0.000;0.000;0.000;0.020;0.021;0.021;0.022;0.021;0.020;0.044;0.052;0.026;0.025;0.023;0.031;0.028;0.017;0.016;0.039;0.029;0.000;0.025;0.034;0.025;0.039;0.036;0.036;0.037;0.049;0.023;0.030;0.040;0.032;0.031;0.030;0.042;0.052;0.028;0.026;0.000;0.000;0.020;0.000;0.000;0.000;0.000;0.000;0.000;0.000;0.000;0.000
0;4;Act_HouseClean;0.000;0.000;0.000;0.000;0.000;0.000;0.000;0.000;0.000;0.000;0.000;0.000;0.000;0.000;0.000;0.000;0.000;0.000;0.000;0.000;0.000;0.000;0.000;0.000;0.000;0.000;0.000;0.000;0.000;0.000;0.000;0.000;0.000;0.000;0.000;0.000;0.000;0.000;0.000;0.000;0.250;0.000;0.080;0.119;0.093;0.092;0.092;0.105;0.208;0.184;0.167;0.118;0.273;0.143;0.000;0.182;0.154;0.167;0.273;0.200;0.231;0.300;0.333;0.125;0.125;0.125;0.125;0.125;0.250;0.250;0.000;0.200;0.286;0.125;0.000;0.000;0.000;0.000;0.286;0.273;0.308;0.222;0.167;0.400;0.200;0.200;0.200;0.100;0.100;0.111;0.200;0.000;0.100;0.176;0.154;0.167;0.060;0.042;0.064;0.133;0.106;0.120;0.029;0.052;0.078;0.063;0.068;0.063;0.066;0.067;0.087;0.086;0.073;0.085;0.041;0.043;0.033;0.031;0.029;0.022;0.015;0.042;0.053;0.060;0.040;0.040;0.070;0.037;0.059;0.034;0.028;0.013;0.017;0.033;0.020;0.024;0.067;0.080;0.000;0.000;0.000;0.000;0.000;0.000
0;5;Act_TV;1.000;1.000;1.000;1.000;1.000;0.000;0.000;0.000;0.000;0.000;0.000;0.000;0.000;0.000;0.000;0.000;0.000;0.000;0.000;0.000;0.000;0.000;0.000;0.000;0.000;0.000;0.000;0.000;0.000;0.000;0.000;0.000;0.000;0.000;0.000;0.000;0.000;0.000;0.000;0.000;0.000;0.000;0.000;0.000;0.000;0.286;0.167;0.333;0.273;0.500;0.500;0.000;0.000;0.000;1.000;1.000;1.000;0.000;1.000;1.000;1.000;0.667;0.500;0.667;0.750;0.500;0.500;0.500;0.500;0.500;0.750;0.333;0.667;0.667;0.667;0.750;0.750;0.750;0.750;0.500;0.500;0.500;1.000;1.000;0.500;1.000;1.000;0.750;0.667;0.500;1.000;1.000;0.000;0.333;0.000;0.500;0.600;0.571;0.875;0.692;0.722;0.588;0.647;0.632;0.696;0.773;0.652;0.682;0.565;0.591;0.720;0.560;0.714;0.739;0.682;0.727;0.895;0.889;0.842;0.842;0.762;0.739;0.833;0.852;0.897;0.952;0.950;0.889;0.882;0.824;0.917;0.909;0.750;0.818;1.000;1.000;1.000;0.833;1.000;1.000;1.000;1.000;1.000;1.000
0;5;Act_Cooking;0.333;1.000;1.000;1.000;1.000;0.000;0.000;0.000;0.000;0.000;0.000;0.000;0.000;0.000;0.000;0.000;0.000;0.000;0.000;0.000;0.000;0.000;0.000;0.000;0.000;0.000;0.000;0.000;0.000;0.000;0.000;0.000;0.000;0.000;0.000;0.000;0.000;0.000;0.000;0.000;0.000;1.000;0.429;0.167;0.500;0.786;0.750;0.167;0.364;0.167;0.000;0.000;0.000;0.000;0.500;0.500;0.000;0.000;0.000;1.000;0.000;0.333;0.250;0.333;0.250;0.250;0.250;0.000;0.000;0.000;0.000;0.000;0.000;0.000;0.000;0.000;0.000;0.250;0.500;0.500;0.500;0.500;0.000;0.000;0.500;0.000;0.000;0.750;0.667;0.250;1.000;0.500;0.500;0.333;1.000;0.500;0.400;0.286;0.000;0.462;0.444;0.412;0.294;0.421;0.348;0.318;0.478;0.409;0.304;0.318;0.480;0.480;0.500;0.435;0.273;0.273;0.316;0.278;0.263;0.211;0.333;0.348;0.292;0.111;0.069;0.190;0.100;0.111;0.059;0.176;0.083;0.091;0.167;0.091;0.111;0.000;0.167;0.000;0.000;0.000;0.000;0.333;0.333;0.333
0;5;Act_Laundry;0.000;0.000;0.000;0.000;0.000;0.000;0.000;0.000;0.000;0.000;0.000;0.000;0.000;0.000;0.000;0.000;0.000;0.000;0.000;0.000;0.000;0.000;0.000;0.000;0.000;0.000;0.000;0.000;0.000;0.000;0.000;0.000;0.000;0.000;0.000;0.000;0.000;0.000;0.000;0.000;0.000;0.000;0.000;0.167;0.000;0.000;0.000;0.000;0.091;0.167;0.000;0.000;0.000;0.000;0.000;0.000;0.000;0.000;0.000;0.000;0.000;0.000;0.000;0.000;0.000;0.000;0.250;0.000;0.250;0.000;0.000;0.000;0.000;0.333;0.333;0.000;0.000;0.000;0.000;0.000;0.000;0.000;0.000;0.000;0.000;0.000;0.000;0.000;0.000;0.000;0.000;0.500;0.000;0.000;0.000;0.000;0.000;0.143;0.000;0.000;0.000;0.000;0.000;0.000;0.000;0.000;0.000;0.000;0.043;0.000;0.000;0.000;0.000;0.000;0.000;0.000;0.000;0.000;0.000;0.000;0.000;0.000;0.000;0.037;0.000;0.000;0.000;0.000;0.000;0.000;0.000;0.000;0.000;0.000;0.000;0.000;0.000;0.000;0.000;0.000;0.000;0.000;0.000;0.000
0;5;Act_WashDress;0.333;0.000;0.000;0.000;1.000;0.000;0.000;0.000;0.000;0.000;0.000;0.000;0.000;0.000;0.000;0.000;0.000;0.000;0.000;0.000;0.000;0.000;0.000;0.000;0.000;0.000;0.000;0.000;0.000;0.000;0.000;0.000;0.000;0.000;0.000;0.000;0.000;0.000;0.000;0.000;1.000;1.000;0.857;1.000;0.875;0.929;0.833;1.000;0.818;0.833;1.000;0.000;0.000;0.000;0.500;0.000;0.000;0.000;1.000;1.000;0.000;0.333;0.750;0.667;0.500;0.750;0.250;0.500;0.500;0.250;0.500;0.333;0.000;0.333;0.333;0.250;0.000;0.000;0.000;0.000;0.000;0.000;0.000;0.000;0.500;0.500;0.500;0.500;0.333;0.250;0.000;0.000;0.500;0.333;0.000;0.250;0.000;0.000;0.250;0.077;0.167;0.176;0.176;0.105;0.000;0.182;0.261;0.273;0.261;0.091;0.160;0.160;0.107;0.043;0.364;0.091;0.158;0.056;0.105;0.053;0.143;0.130;0.292;0.259;0.448;0.286;0.500;0.333;0.412;0.235;0.167;0.364;0.333;0.273;0.222;0.250;0.333;0.333;0.000;0.000;0.333;0.000;0.333;0.000
0;5;Act_Iron;0.000;0.000;0.000;0.000;0.000;0.000;0.000;0.000;0.000;0.000;0.000;0.000;0.000;0.000;0.000;0.000;0.000;0.000;0.000;0.000;0.000;0.000;0.000;0.000;0.000;0.000;0.000;0.000;0.000;0.000;0.000;0.000;0.000;0.000;0.000;0.000;0.000;0.000;0.000;0.000;1.000;0.500;0.143;0.000;0.125;0.000;0.000;0.000;0.000;0.000;0.250;0.000;0.000;0.000;0.000;0.000;0.000;0.000;0.000;0.000;0.000;0.000;0.000;0.000;0.000;0.000;0.000;0.000;0.000;0.000;0.000;0.000;0.000;0.000;0.000;0.000;0.000;0.000;0.000;0.000;0.000;0.000;0.000;0.000;0.000;0.000;0.000;0.000;0.000;0.250;0.000;0.000;0.000;0.000;0.000;0.000;0.000;0.000;0.000;0.000;0.056;0.059;0.059;0.000;0.000;0.045;0.000;0.000;0.000;0.045;0.040;0.000;0.000;0.000;0.000;0.000;0.000;0.000;0.000;0.000;0.000;0.000;0.042;0.037;0.034;0.000;0.050;0.111;0.176;0.176;0.083;0.000;0.083;0.091;0.000;0.000;0.000;0.000;0.000;0.000;0.000;0.000;0.000;0.000
0;5;Act_HouseClean;0.000;0.000;0.000;0.000;0.000;0.000;0.000;0.000;0.000;0.000;0.000;0.000;0.000;0.000;0.000;0.000;0.000;0.000;0.000;0.000;0.000;0.000;0.000;0.000;0.000;0.000;0.000;0.000;0.000;0.000;0.000;0.000;0.000;0.000;0.000;0.000;0.000;0.000;0.000;0.000;0.000;0.000;0.143;0.167;0.125;0.000;0.083;0.500;0.182;0.167;0.250;0.000;0.000;0.000;0.000;0.000;0.000;0.000;0.000;0.000;1.000;0.667;0.750;0.667;1.000;1.000;0.500;0.750;0.750;0.750;0.500;0.667;0.667;0.667;1.000;0.750;0.750;0.750;0.250;0.500;0.500;0.500;0.500;0.500;0.000;0.000;0.000;0.250;0.333;0.250;0.000;0.000;0.500;0.000;0.000;0.000;0.000;0.000;0.125;0.000;0.111;0.118;0.118;0.105;0.087;0.136;0.043;0.182;0.087;0.045;0.120;0.240;0.179;0.174;0.091;0.000;0.053;0.000;0.000;0.000;0.048;0.043;0.042;0.074;0.069;0.000;0.000;0.000;0.000;0.000;0.000;0.091;0.167;0.182;0.222;0.000;0.000;0.167;0.250;0.250;0.333;0.333;0.000;0.000
1;0;Act_TV;0.000;0.000;0.000;0.000;0.000;0.000;0.000;0.000;0.000;0.000;0.000;0.000;0.000;0.000;0.000;0.000;0.000;0.000;0.000;0.000;0.000;0.000;0.000;0.000;0.000;0.000;0.000;0.000;0.000;0.000;0.000;0.000;0.000;0.000;0.000;0.000;0.000;0.000;0.000;0.000;0.000;0.000;0.000;0.000;0.000;0.000;0.000;0.000;0.000;0.000;0.000;0.000;0.000;0.000;0.000;0.000;0.000;0.000;0.000;0.000;0.000;0.000;0.000;0.000;0.000;0.000;0.000;0.000;0.000;0.000;0.000;0.000;0.000;0.000;0.000;0.000;0.000;0.000;0.000;0.000;0.000;0.000;0.000;0.000;0.000;0.000;0.000;0.000;0.000;0.000;0.000;0.000;0.000;0.000;0.000;0.000;0.000;0.000;0.000;0.000;0.000;0.000;0.000;0.000;0.000;0.000;0.000;0.000;0.000;0.000;0.000;0.000;0.000;0.000;0.000;0.000;0.000;0.000;0.000;0.000;0.000;0.000;0.000;0.000;0.000;0.000;0.000;0.000;0.000;0.000;0.000;0.000;0.000;0.000;0.000;0.000;0.000;0.000;0.000;0.000;0.000;0.000;0.000;0.000
1;0;Act_Cooking;0.000;0.000;0.000;0.000;0.000;0.000;0.000;0.000;0.000;0.000;0.000;0.000;0.000;0.000;0.000;0.000;0.000;0.000;0.000;0.000;0.000;0.000;0.000;0.000;0.000;0.000;0.000;0.000;0.000;0.000;0.000;0.000;0.000;0.000;0.000;0.000;0.000;0.000;0.000;0.000;0.000;0.000;0.000;0.000;0.000;0.000;0.000;0.000;0.000;0.000;0.000;0.000;0.000;0.000;0.000;0.000;0.000;0.000;0.000;0.000;0.000;0.000;0.000;0.000;0.000;0.000;0.000;0.000;0.000;0.000;0.000;0.000;0.000;0.000;0.000;0.000;0.000;0.000;0.000;0.000;0.000;0.000;0.000;0.000;0.000;0.000;0.000;0.000;0.000;0.000;0.000;0.000;0.000;0.000;0.000;0.000;0.000;0.000;0.000;0.000;0.000;0.000;0.000;0.000;0.000;0.000;0.000;0.000;0.000;0.000;0.000;0.000;0.000;0.000;0.000;0.000;0.000;0.000;0.000;0.000;0.000;0.000;0.000;0.000;0.000;0.000;0.000;0.000;0.000;0.000;0.000;0.000;0.000;0.000;0.000;0.000;0.000;0.000;0.000;0.000;0.000;0.000;0.000;0.000
1;0;Act_Laundry;0.000;0.000;0.000;0.000;0.000;0.000;0.000;0.000;0.000;0.000;0.000;0.000;0.000;0.000;0.000;0.000;0.000;0.000;0.000;0.000;0.000;0.000;0.000;0.000;0.000;0.000;0.000;0.000;0.000;0.000;0.000;0.000;0.000;0.000;0.000;0.000;0.000;0.000;0.000;0.000;0.000;0.000;0.000;0.000;0.000;0.000;0.000;0.000;0.000;0.000;0.000;0.000;0.000;0.000;0.000;0.000;0.000;0.000;0.000;0.000;0.000;0.000;0.000;0.000;0.000;0.000;0.000;0.000;0.000;0.000;0.000;0.000;0.000;0.000;0.000;0.000;0.000;0.000;0.000;0.000;0.000;0.000;0.000;0.000;0.000;0.000;0.000;0.000;0.000;0.000;0.000;0.000;0.000;0.000;0.000;0.000;0.000;0.000;0.000;0.000;0.000;0.000;0.000;0.000;0.000;0.000;0.000;0.000;0.000;0.000;0.000;0.000;0.000;0.000;0.000;0.000;0.000;0.000;0.000;0.000;0.000;0.000;0.000;0.000;0.000;0.000;0.000;0.000;0.000;0.000;0.000;0.000;0.000;0.000;0.000;0.000;0.000;0.000;0.000;0.000;0.000;0.000;0.000;0.000
1;0;Act_WashDress;0.000;0.000;0.000;0.000;0.000;0.000;0.000;0.000;0.000;0.000;0.000;0.000;0.000;0.000;0.000;0.000;0.000;0.000;0.000;0.000;0.000;0.000;0.000;0.000;0.000;0.000;0.000;0.000;0.000;0.000;0.000;0.000;0.000;0.000;0.000;0.000;0.000;0.000;0.000;0.000;0.000;0.000;0.000;0.000;0.000;0.000;0.000;0.000;0.000;0.000;0.000;0.000;0.000;0.000;0.000;0.000;0.000;0.000;0.000;0.000;0.000;0.000;0.000;0.000;0.000;0.000;0.000;0.000;0.000;0.000;0.000;0.000;0.000;0.000;0.000;0.000;0.000;0.000;0.000;0.000;0.000;0.000;0.000;0.000;0.000;0.000;0.000;0.000;0.000;0.000;0.000;0.000;0.000;0.000;0.000;0.000;0.000;0.000;0.000;0.000;0.000;0.000;0.000;0.000;0.000;0.000;0.000;0.000;0.000;0.000;0.000;0.000;0.000;0.000;0.000;0.000;0.000;0.000;0.000;0.000;0.000;0.000;0.000;0.000;0.000;0.000;0.000;0.000;0.000;0.000;0.000;0.000;0.000;0.000;0.000;0.000;0.000;0.000;0.000;0.000;0.000;0.000;0.000;0.000
1;0;Act_Iron;0.000;0.000;0.000;0.000;0.000;0.000;0.000;0.000;0.000;0.000;0.000;0.000;0.000;0.000;0.000;0.000;0.000;0.000;0.000;0.000;0.000;0.000;0.000;0.000;0.000;0.000;0.000;0.000;0.000;0.000;0.000;0.000;0.000;0.000;0.000;0.000;0.000;0.000;0.000;0.000;0.000;0.000;0.000;0.000;0.000;0.000;0.000;0.000;0.000;0.000;0.000;0.000;0.000;0.000;0.000;0.000;0.000;0.000;0.000;0.000;0.000;0.000;0.000;0.000;0.000;0.000;0.000;0.000;0.000;0.000;0.000;0.000;0.000;0.000;0.000;0.000;0.000;0.000;0.000;0.000;0.000;0.000;0.000;0.000;0.000;0.000;0.000;0.000;0.000;0.000;0.000;0.000;0.000;0.000;0.000;0.000;0.000;0.000;0.000;0.000;0.000;0.000;0.000;0.000;0.000;0.000;0.000;0.000;0.000;0.000;0.000;0.000;0.000;0.000;0.000;0.000;0.000;0.000;0.000;0.000;0.000;0.000;0.000;0.000;0.000;0.000;0.000;0.000;0.000;0.000;0.000;0.000;0.000;0.000;0.000;0.000;0.000;0.000;0.000;0.000;0.000;0.000;0.000;0.000
1;0;Act_HouseClean;0.000;0.000;0.000;0.000;0.000;0.000;0.000;0.000;0.000;0.000;0.000;0.000;0.000;0.000;0.000;0.000;0.000;0.000;0.000;0.000;0.000;0.000;0.000;0.000;0.000;0.000;0.000;0.000;0.000;0.000;0.000;0.000;0.000;0.000;0.000;0.000;0.000;0.000;0.000;0.000;0.000;0.000;0.000;0.000;0.000;0.000;0.000;0.000;0.000;0.000;0.000;0.000;0.000;0.000;0.000;0.000;0.000;0.000;0.000;0.000;0.000;0.000;0.000;0.000;0.000;0.000;0.000;0.000;0.000;0.000;0.000;0.000;0.000;0.000;0.000;0.000;0.000;0.000;0.000;0.000;0.000;0.000;0.000;0.000;0.000;0.000;0.000;0.000;0.000;0.000;0.000;0.000;0.000;0.000;0.000;0.000;0.000;0.000;0.000;0.000;0.000;0.000;0.000;0.000;0.000;0.000;0.000;0.000;0.000;0.000;0.000;0.000;0.000;0.000;0.000;0.000;0.000;0.000;0.000;0.000;0.000;0.000;0.000;0.000;0.000;0.000;0.000;0.000;0.000;0.000;0.000;0.000;0.000;0.000;0.000;0.000;0.000;0.000;0.000;0.000;0.000;0.000;0.000;0.000
1;1;Act_TV;0.347;0.362;0.356;0.340;0.353;0.350;0.280;0.309;0.317;0.295;0.276;0.249;0.214;0.196;0.199;0.205;0.199;0.180;0.164;0.175;0.193;0.155;0.133;0.111;0.181;0.167;0.159;0.140;0.127;0.097;0.038;0.043;0.067;0.078;0.070;0.071;0.053;0.057;0.057;0.065;0.073;0.062;0.058;0.064;0.081;0.071;0.084;0.077;0.066;0.075;0.076;0.067;0.077;0.069;0.070;0.076;0.085;0.089;0.094;0.089;0.082;0.090;0.094;0.100;0.100;0.097;0.100;0.098;0.106;0.112;0.115;0.118;0.111;0.109;0.113;0.109;0.117;0.130;0.145;0.153;0.161;0.161;0.180;0.177;0.202;0.217;0.231;0.236;0.242;0.249;0.243;0.248;0.247;0.256;0.264;0.262;0.225;0.230;0.237;0.232;0.242;0.231;0.222;0.232;0.242;0.243;0.256;0.255;0.255;0.277;0.290;0.309;0.320;0.318;0.367;0.385;0.420;0.452;0.467;0.477;0.481;0.510;0.533;0.541;0.562;0.566;0.557;0.561;0.571;0.568;0.580;0.563;0.484;0.497;0.498;0.478;0.474;0.459;0.427;0.418;0.417;0.378;0.389;0.374
1;1;Act_Cooking;0.020;0.019;0.013;0.016;0.009;0.010;0.029;0.013;0.014;0.023;0.017;0.036;0.015;0.032;0.017;0.030;0.012;0.020;0.057;0.048;0.028;0.018;0.035;0.028;0.108;0.083;0.093;0.096;0.059;0.090;0.134;0.114;0.097;0.123;0.079;0.094;0.139;0.142;0.126;0.121;0.115;0.159;0.136;0.120;0.104;0.140;0.155;0.148;0.168;0.152;0.141;0.148;0.152;0.148;0.151;0.157;0.131;0.137;0.122;0.134;0.125;0.098;0.102;0.096;0.102;0.101;0.126;0.110;0.104;0.127;0.134;0.149;0.177;0.180;0.189;0.181;0.182;0.174;0.187;0.153;0.145;0.146;0.136;0.134;0.125;0.111;0.098;0.094;0.088;0.077;0.086;0.087;0.081;0.086;0.082;0.100;0.153;0.137;0.127;0.147;0.147;0.166;0.186;0.185;0.196;0.192;0.189;0.176;0.185;0.178;0.156;0.142;0.133;0.124;0.113;0.100;0.089;0.077;0.069;0.067;0.061;0.061;0.054;0.052;0.046;0.045;0.044;0.043;0.038;0.038;0.036;0.037;0.055;0.038;0.029;0.026;0.029;0.026;0.029;0.022;0.023;0.026;0.025;0.026
1;1;Act_Laundry;0.000;0.001;0.001;0.003;0.002;0.000;0.000;0.003;0.000;0.000;0.004;0.005;0.005;0.000;0.000;0.000;0.000;0.000;0.000;0.008;0.000;0.000;0.000;0.000;0.000;0.000;0.000;0.000;0.000;0.000;0.000;0.005;0.000;0.009;0.005;0.016;0.011;0.010;0.009;0.011;0.014;0.004;0.012;0.015;0.016;0.014;0.017;0.020;0.011;0.014;0.015;0.017;0.020;0.024;0.025;0.025;0.031;0.034;0.028;0.025;0.030;0.032;0.027;0.039;0.040;0.032;0.038;0.035;0.038;0.033;0.031;0.033;0.036;0.035;0.026;0.026;0.020;0.018;0.019;0.014;0.021;0.020;0.016;0.016;0.017;0.018;0.018;0.017;0.021;0.018;0.018;0.013;0.009;0.011;0.011;0.011;0.017;0.016;0.017;0.015;0.012;0.009;0.014;0.007;0.008;0.011;0.009;0.006;0.005;0.007;0.006;0.005;0.004;0.005;0.007;0.005;0.003;0.008;0.007;0.006;0.007;0.006;0.005;0.004;0.005;0.005;0.004;0.003;0.004;0.003;0.004;0.004;0.001;0.002;0.003;0.002;0.001;0.001;0.003;0.000;0.001;0.000;0.002;0.001
1;1;Act_WashDress;0.108;0.100;0.104;0.096;0.091;0.091;0.145;0.130;0.095;0.115;0.125;0.118;0.138;0.106;0.131;0.102;0.081;0.113;0.114;0.135;0.101;0.091;0.168;0.194;0.193;0.198;0.121;0.167;0.203;0.248;0.301;0.276;0.256;0.251;0.228;0.259;0.299;0.267;0.221;0.266;0.265;0.276;0.330;0.304;0.294;0.288;0.235;0.256;0.270;0.234;0.222;0.235;0.218;0.217;0.218;0.178;0.167;0.150;0.134;0.141;0.146;0.135;0.117;0.106;0.096;0.092;0.088;0.082;0.074;0.068;0.062;0.055;0.059;0.051;0.049;0.047;0.040;0.039;0.050;0.048;0.043;0.035;0.030;0.028;0.031;0.036;0.033;0.032;0.027;0.026;0.030;0.025;0.023;0.026;0.024;0.028;0.034;0.035;0.033;0.027;0.024;0.030;0.038;0.043;0.041;0.039;0.038;0.046;0.050;0.048;0.059;0.061;0.063;0.073;0.080;0.073;0.061;0.060;0.058;0.050;0.052;0.049;0.042;0.044;0.042;0.038;0.050;0.048;0.042;0.046;0.052;0.061;0.096;0.080;0.069;0.086;0.090;0.106;0.122;0.084;0.087;0.103;0.096;0.103
1;1;Act_Iron;0.003;0.004;0.001;0.002;0.004;0.006;0.003;0.003;0.004;0.004;0.004;0.000;0.000;0.000;0.000;0.000;0.000;0.000;0.000;0.000;0.000;0.000;0.000;0.000;0.000;0.000;0.000;0.000;0.000;0.000;0.000;0.005;0.005;0.005;0.009;0.012;0.008;0.010;0.014;0.009;0.009;0.009;0.006;0.005;0.004;0.006;0.006;0.007;0.007;0.007;0.007;0.004;0.006;0.007;0.009;0.010;0.009;0.010;0.012;0.011;0.017;0.019;0.020;0.021;0.022;0.026;0.021;0.023;0.024;0.024;0.021;0.018;0.018;0.016;0.017;0.014;0.015;0.014;0.012;0.015;0.017;0.015;0.018;0.017;0.019;0.021;0.021;0.020;0.022;0.023;0.027;0.031;0.030;0.024;0.022;0.022;0.021;0.018;0.019;0.019;0.022;0.021;0.021;0.017;0.017;0.014;0.011;0.011;0.011;0.012;0.013;0.012;0.013;0.014;0.012;0.012;0.013;0.011;0.012;0.015;0.019;0.016;0.016;0.016;0.018;0.016;0.013;0.010;0.008;0.009;0.009;0.008;0.006;0.004;0.004;0.004;0.005;0.003;0.005;0.006;0.004;0.004;0.005;0.004
1;1;Act_HouseClean;0.004;0.009;0.006;0.007;0.004;0.002;0.012;0.007;0.004;0.000;0.000;0.005;0.000;0.000;0.000;0.000;0.000;0.007;0.000;0.000;0.000;0.000;0.000;0.000;0.000;0.000;0.000;0.000;0.008;0.000;0.011;0.016;0.015;0.009;0.009;0.024;0.016;0.007;0.009;0.017;0.017;0.018;0.021;0.031;0.030;0.026;0.029;0.042;0.047;0.051;0.062;0.072;0.088;0.089;0.098;0.115;0.127;0.134;0.148;0.145;0.150;0.159;0.170;0.167;0.175;0.159;0.159;0.153;0.155;0.143;0.149;0.137;0.118;0.106;0.105;0.090;0.081;0.077;0.063;0.065;0.061;0.072;0.075;0.075;0.069;0.067;0.069;0.071;0.063;0.064;0.059;0.060;0.059;0.059;0.056;0.057;0.040;0.039;0.044;0.036;0.039;0.038;0.039;0.033;0.031;0.029;0.026;0.020;0.020;0.024;0.024;0.026;0.026;0.022;0.016;0.018;0.017;0.017;0.014;0.014;0.010;0.013;0.012;0.009;0.010;0.009;0.009;0.012;0.012;0.012;0.009;0.007;0.010;0.009;0.007;0.010;0.010;0.006;0.004;0.006;0.007;0.006;0.008;0.005
1;2;Act_TV;0.511;0.484;0.527;0.525;0.517;0.505;0.475;0.439;0.404;0.341;0.366;0.438;0.321;0.276;0.286;0.194;0.300;0.200;0.143;0.222;0.111;0.100;0.111;0.125;0.200;0.182;0.214;0.167;0.143;0.125;0.059;0.083;0.000;0.048;0.038;0.000;0.051;0.065;0.082;0.048;0.047;0.061;0.075;0.089;0.123;0.129;0.139;0.131;0.116;0.115;0.128;0.125;0.123;0.132;0.124;0.133;0.148;0.143;0.156;0.168;0.161;0.175;0.165;0.185;0.195;0.196;0.208;0.216;0.217;0.225;0.233;0.225;0.190;0.190;0.194;0.196;0.206;0.200;0.211;0.215;0.231;0.255;0.272;0.281;0.284;0.297;0.308;0.331;0.352;0.367;0.384;0.387;0.384;0.399;0.400;0.389;0.386;0.388;0.398;0.399;0.402;0.378;0.345;0.356;0.363;0.366;0.373;0.377;0.359;0.371;0.390;0.409;0.426;0.444;0.491;0.515;0.546;0.591;0.609;0.640;0.670;0.699;0.697;0.705;0.721;0.741;0.740;0.749;0.757;0.772;0.770;0.745;0.708;0.708;0.735;0.708;0.686;0.666;0.600;0.608;0.578;0.548;0.538;0.536
1;2;Act_Cooking;0.070;0.079;0.061;0.065;0.052;0.057;0.082;0.035;0.058;0.098;0.049;0.031;0.036;0.034;0.036;0.032;0.050;0.100;0.071;0.111;0.222;0.100;0.000;0.000;0.200;0.273;0.071;0.167;0.071;0.188;0.235;0.250;0.200;0.095;0.115;0.154;0.103;0.196;0.265;0.254;0.233;0.183;0.232;0.195;0.206;0.231;0.214;0.236;0.261;0.228;0.224;0.229;0.230;0.231;0.229;0.209;0.175;0.198;0.175;0.168;0.196;0.179;0.156;0.160;0.164;0.164;0.179;0.178;0.185;0.184;0.200;0.243;0.285;0.276;0.283;0.281;0.289;0.285;0.265;0.239;0.228;0.211;0.198;0.180;0.200;0.190;0.165;0.158;0.152;0.156;0.151;0.147;0.134;0.139;0.147;0.165;0.214;0.196;0.207;0.214;0.221;0.251;0.275;0.265;0.269;0.284;0.275;0.271;0.255;0.256;0.234;0.237;0.213;0.202;0.166;0.154;0.148;0.137;0.124;0.119;0.115;0.093;0.083;0.086;0.066;0.071;0.078;0.066;0.055;0.050;0.053;0.062;0.073;0.060;0.056;0.052;0.039;0.047;0.054;0.053;0.064;0.055;0.061;0.068
1;2;Act_Laundry;0.004;0.000;0.000;0.000;0.000;0.010;0.000;0.000;0.000;0.000;0.000;0.000;0.000;0.000;0.000;0.000;0.000;0.000;0.000;0.000;0.000;0.000;0.000;0.000;0.000;0.000;0.000;0.000;0.000;0.000;0.000;0.042;0.050;0.000;0.000;0.038;0.000;0.022;0.000;0.000;0.000;0.000;0.008;0.023;0.014;0.017;0.025;0.022;0.033;0.028;0.025;0.027;0.027;0.036;0.039;0.043;0.040;0.030;0.035;0.041;0.047;0.049;0.047;0.043;0.033;0.055;0.053;0.050;0.052;0.042;0.045;0.030;0.028;0.033;0.040;0.034;0.029;0.021;0.031;0.023;0.026;0.031;0.034;0.031;0.030;0.022;0.023;0.032;0.024;0.026;0.024;0.024;0.019;0.023;0.022;0.013;0.025;0.020;0.021;0.028;0.023;0.017;0.018;0.016;0.021;0.013;0.020;0.014;0.012;0.010;0.007;0.008;0.010;0.012;0.014;0.016;0.011;0.009;0.011;0.008;0.011;0.010;0.009;0.006;0.006;0.008;0.004;0.006;0.007;0.006;0.004;0.005;0.001;0.003;0.005;0.006;0.004;0.004;0.005;0.003;0.003;0.002;0.007;0.011
1;2;Act_WashDress;0.233;0.163;0.121;0.137;0.103;0.152;0.131;0.123;0.173;0.171;0.171;0.063;0.071;0.034;0.071;0.194;0.050;0.050;0.214;0.222;0.111;0.100;0.333;0.000;0.100;0.545;0.286;0.167;0.071;0.125;0.353;0.458;0.450;0.476;0.346;0.192;0.359;0.370;0.347;0.286;0.372;0.391;0.500;0.449;0.421;0.390;0.405;0.414;0.420;0.429;0.387;0.362;0.330;0.317;0.345;0.307;0.275;0.284;0.259;0.261;0.275;0.226;0.192;0.189;0.164;0.183;0.191;0.177;0.152;0.133;0.124;0.120;0.123;0.112;0.100;0.080;0.080;0.067;0.072;0.074;0.068;0.060;0.057;0.051;0.072;0.062;0.050;0.049;0.041;0.044;0.048;0.048;0.042;0.042;0.034;0.033;0.046;0.050;0.054;0.051;0.054;0.055;0.058;0.066;0.065;0.069;0.068;0.084;0.099;0.108;0.109;0.109;0.119;0.115;0.120;0.116;0.098;0.092;0.093;0.089;0.084;0.077;0.075;0.070;0.068;0.068;0.065;0.069;0.065;0.073;0.073;0.097;0.155;0.135;0.106;0.127;0.125;0.130;0.188;0.154;0.163;0.175;0.157;0.123
1;2;Act_Iron;0.004;0.000;0.000;0.000;0.000;0.000;0.000;0.000;0.000;0.000;0.000;0.000;0.000;0.000;0.000;0.000;0.000;0.000;0.000;0.000;0.000;0.000;0.000;0.000;0.000;0.000;0.000;0.000;0.000;0.000;0.000;0.000;0.000;0.000;0.000;0.000;0.000;0.000;0.000;0.000;0.000;0.000;0.008;0.010;0.000;0.004;0.008;0.005;0.005;0.004;0.004;0.009;0.010;0.014;0.015;0.017;0.016;0.020;0.015;0.021;0.024;0.027;0.026;0.030;0.032;0.027;0.030;0.030;0.028;0.034;0.038;0.036;0.035;0.033;0.027;0.032;0.031;0.022;0.017;0.021;0.022;0.021;0.019;0.028;0.030;0.028;0.033;0.035;0.036;0.029;0.034;0.029;0.032;0.036;0.039;0.043;0.033;0.036;0.036;0.029;0.032;0.030;0.026;0.026;0.026;0.024;0.024;0.021;0.018;0.022;0.018;0.023;0.022;0.022;0.019;0.015;0.013;0.017;0.017;0.019;0.019;0.019;0.021;0.024;0.023;0.019;0.016;0.015;0.014;0.019;0.018;0.018;0.013;0.013;0.012;0.011;0.011;0.008;0.007;0.007;0.006;0.006;0.004;0.008
1;2;Act_HouseClean;0.019;0.014;0.000;0.007;0.017;0.019;0.049;0.035;0.019;0.024;0.024;0.031;0.036;0.069;0.036;0.032;0.050;0.100;0.071;0.111;0.111;0.100;0.000;0.000;0.100;0.000;0.071;0.000;0.000;0.063;0.118;0.042;0.000;0.000;0.000;0.000;0.026;0.022;0.041;0.048;0.058;0.026;0.016;0.026;0.043;0.056;0.058;0.063;0.065;0.066;0.078;0.091;0.112;0.121;0.142;0.154;0.161;0.172;0.195;0.196;0.190;0.200;0.225;0.223;0.220;0.205;0.190;0.186;0.185;0.176;0.167;0.159;0.145;0.135;0.130;0.123;0.127;0.108;0.077;0.080;0.085;0.083;0.089;0.100;0.085;0.089;0.085;0.091;0.090;0.089;0.084;0.084;0.076;0.078;0.081;0.085;0.062;0.070;0.064;0.051;0.051;0.048;0.047;0.051;0.047;0.052;0.055;0.052;0.050;0.043;0.042;0.036;0.038;0.039;0.034;0.042;0.034;0.030;0.030;0.032;0.025;0.019;0.022;0.019;0.014;0.016;0.014;0.011;0.012;0.011;0.011;0.015;0.015;0.014;0.018;0.014;0.011;0.007;0.014;0.018;0.009;0.013;0.013;0.014
1;3;Act_TV;0.742;0.769;0.741;0.714;0.722;0.733;0.778;0.625;0.500;0.500;0.286;0.500;0.500;0.000;0.000;0.000;0.000;0.000;0.000;0.000;0.000;0.000;0.000;0.000;1.000;1.000;0.000;0.500;0.500;0.000;0.500;0.500;0.500;0.500;1.000;1.000;0.000;0.000;0.000;0.000;0.250;0.400;0.154;0.167;0.200;0.316;0.417;0.400;0.337;0.333;0.383;0.348;0.394;0.419;0.365;0.360;0.330;0.357;0.330;0.393;0.375;0.435;0.444;0.395;0.436;0.438;0.378;0.382;0.386;0.384;0.389;0.389;0.413;0.393;0.401;0.358;0.382;0.387;0.339;0.388;0.408;0.373;0.373;0.422;0.381;0.415;0.461;0.487;0.483;0.460;0.463;0.513;0.539;0.555;0.567;0.557;0.533;0.531;0.545;0.550;0.563;0.556;0.536;0.567;0.543;0.528;0.519;0.536;0.487;0.529;0.543;0.553;0.590;0.601;0.674;0.671;0.680;0.705;0.741;0.773;0.757;0.746;0.754;0.789;0.830;0.825;0.803;0.826;0.876;0.848;0.847;0.853;0.820;0.825;0.837;0.809;0.810;0.826;0.810;0.777;0.765;0.719;0.689;0.816
1;3;Act_Cooking;0.032;0.038;0.074;0.000;0.000;0.067;0.000;0.000;0.000;0.125;0.000;0.000;0.000;0.000;0.000;0.000;1.000;0.000;0.000;0.000;0.000;0.000;0.000;0.000;0.000;0.000;0.000;0.000;0.000;0.000;0.000;0.000;0.500;0.000;0.000;0.000;0.000;0.000;0.000;0.333;0.000;0.200;0.308;0.333;0.300;0.316;0.250;0.255;0.313;0.219;0.227;0.227;0.204;0.243;0.190;0.182;0.243;0.211;0.225;0.231;0.234;0.218;0.240;0.188;0.178;0.219;0.209;0.167;0.165;0.219;0.255;0.262;0.307;0.283;0.302;0.268;0.275;0.290;0.298;0.267;0.256;0.289;0.253;0.279;0.304;0.246;0.228;0.226;0.155;0.139;0.157;0.135;0.139;0.157;0.163;0.178;0.244;0.225;0.236;0.265;0.246;0.297;0.320;0.317;0.321;0.330;0.354;0.358;0.333;0.302;0.265;0.234;0.229;0.234;0.209;0.210;0.184;0.163;0.143;0.135;0.125;0.117;0.110;0.095;0.084;0.108;0.122;0.082;0.075;0.060;0.046;0.048;0.059;0.067;0.081;0.053;0.046;0.054;0.095;0.106;0.086;0.088;0.000;0.000
1;3;Act_Laundry;0.000;0.000;0.000;0.000;0.000;0.000;0.000;0.000;0.000;0.000;0.000;0.000;0.000;0.000;0.000;0.000;0.000;0.000;0.000;0.000;0.000;0.000;0.000;0.000;0.000;0.000;0.000;0.000;0.000;0.000;0.000;0.000;0.000;0.000;0.000;0.000;0.000;0.000;0.000;0.000;0.000;0.200;0.077;0.000;0.033;0.000;0.042;0.055;0.000;0.019;0.031;0.057;0.042;0.047;0.032;0.044;0.041;0.066;0.075;0.051;0.056;0.066;0.032;0.031;0.046;0.070;0.091;0.084;0.081;0.050;0.059;0.056;0.059;0.045;0.032;0.045;0.024;0.044;0.037;0.043;0.023;0.040;0.037;0.044;0.054;0.030;0.026;0.017;0.022;0.017;0.052;0.017;0.013;0.026;0.033;0.036;0.044;0.048;0.035;0.034;0.026;0.016;0.020;0.014;0.022;0.016;0.021;0.021;0.020;0.012;0.007;0.014;0.020;0.018;0.007;0.005;0.010;0.000;0.003;0.007;0.008;0.005;0.010;0.017;0.017;0.018;0.016;0.019;0.017;0.014;0.012;0.010;0.008;0.021;0.018;0.016;0.011;0.000;0.000;0.011;0.012;0.018;0.000;0.000
1;3;Act_WashDress;0.194;0.192;0.222;0.190;0.167;0.000;0.111;0.000;0.167;0.000;0.286;0.250;0.000;0.000;0.000;0.000;0.000;0.000;0.000;0.000;0.000;0.000;0.000;0.000;0.000;0.000;0.000;0.500;0.000;0.000;0.500;0.000;0.000;0.000;0.000;0.000;0.000;0.000;0.500;1.000;0.750;0.200;0.769;0.833;0.567;0.500;0.500;0.600;0.614;0.571;0.461;0.489;0.514;0.473;0.550;0.507;0.463;0.463;0.419;0.415;0.413;0.410;0.330;0.301;0.340;0.289;0.352;0.335;0.305;0.331;0.289;0.266;0.177;0.170;0.147;0.134;0.120;0.129;0.188;0.155;0.103;0.108;0.100;0.104;0.097;0.093;0.105;0.107;0.078;0.093;0.096;0.087;0.061;0.074;0.079;0.083;0.074;0.089;0.080;0.101;0.097;0.089;0.110;0.097;0.103;0.121;0.125;0.149;0.197;0.190;0.168;0.188;0.204;0.198;0.189;0.191;0.196;0.188;0.176;0.172;0.182;0.175;0.171;0.154;0.138;0.135;0.170;0.161;0.179;0.193;0.199;0.218;0.226;0.192;0.195;0.186;0.190;0.168;0.207;0.223;0.222;0.228;0.178;0.211
1;3;Act_Iron;0.000;0.000;0.000;0.000;0.000;0.000;0.000;0.000;0.000;0.000;0.000;0.000;0.000;0.000;0.000;0.000;0.000;0.000;0.000;0.000;0.000;0.000;0.000;0.000;0.000;0.000;0.000;0.000;0.000;0.000;0.000;0.000;0.000;0.000;0.000;0.000;0.000;0.000;0.000;0.000;0.000;0.000;0.000;0.000;0.033;0.000;0.021;0.000;0.036;0.019;0.008;0.014;0.021;0.020;0.005;0.010;0.014;0.009;0.009;0.017;0.026;0.026;0.039;0.023;0.019;0.017;0.017;0.020;0.021;0.029;0.033;0.040;0.024;0.032;0.036;0.045;0.040;0.028;0.016;0.019;0.019;0.028;0.021;0.028;0.019;0.017;0.026;0.026;0.039;0.042;0.039;0.048;0.061;0.061;0.063;0.047;0.041;0.044;0.038;0.040;0.055;0.048;0.040;0.047;0.043;0.046;0.045;0.024;0.023;0.027;0.027;0.031;0.027;0.036;0.025;0.027;0.024;0.033;0.018;0.020;0.015;0.017;0.022;0.017;0.012;0.018;0.027;0.025;0.040;0.032;0.023;0.032;0.029;0.025;0.018;0.005;0.000;0.007;0.009;0.000;0.000;0.018;0.022;0.000
1;3;Act_HouseClean;0.032;0.038;0.037;0.000;0.000;0.067;0.111;0.000;0.000;0.000;0.143;0.000;0.000;0.000;0.000;0.000;1.000;0.000;0.000;0.000;0.000;0.000;0.000;0.000;0.000;0.000;0.000;0.000;0.000;0.000;0.000;0.000;0.000;0.000;0.000;0.000;0.000;0.000;0.000;0.000;0.250;0.000;0.000;0.000;0.000;0.000;0.021;0.018;0.108;0.133;0.094;0.128;0.183;0.155;0.164;0.212;0.188;0.194;0.216;0.218;0.197;0.214;0.222;0.254;0.259;0.256;0.270;0.259;0.288;0.264;0.293;0.278;0.209;0.166;0.171;0.142;0.159;0.165;0.127;0.112;0.122;0.137;0.116;0.104;0.109;0.136;0.158;0.158;0.164;0.135;0.118;0.117;0.113;0.079;0.071;0.099;0.100;0.085;0.087;0.077;0.084;0.064;0.046;0.036;0.049;0.059;0.072;0.066;0.061;0.056;0.056;0.060;0.059;0.056;0.055;0.050;0.056;0.063;0.063;0.035;0.046;0.032;0.032;0.032;0.035;0.043;0.021;0.030;0.035;0.023;0.020;0.022;0.038;0.033;0.027;0.021;0.017;0.020;0.034;0.021;0.049;0.035;0.044;0.026
1;4;Act_TV;0.571;0.500;0.333;0.167;0.200;0.000;0.000;0.000;0.000;0.000;0.500;0.000;0.000;0.000;0.000;0.000;0.000;0.000;0.000;0.000;0.000;0.000;0.000;0.000;1.000;1.000;1.000;1.000;1.000;1.000;1.000;0.000;0.000;0.000;0.000;0.000;0.000;0.000;0.000;0.000;0.000;1.000;1.000;0.500;0.250;0.333;0.429;0.556;0.522;0.483;0.455;0.705;0.547;0.537;0.537;0.571;0.528;0.488;0.519;0.662;0.629;0.581;0.648;0.579;0.563;0.580;0.530;0.540;0.492;0.517;0.433;0.500;0.386;0.441;0.381;0.387;0.359;0.403;0.333;0.342;0.364;0.529;0.480;0.420;0.462;0.467;0.466;0.535;0.544;0.603;0.565;0.457;0.443;0.481;0.488;0.519;0.558;0.570;0.568;0.648;0.571;0.538;0.451;0.470;0.478;0.571;0.549;0.552;0.529;0.591;0.582;0.601;0.634;0.614;0.634;0.684;0.777;0.776;0.781;0.840;0.825;0.821;0.816;0.833;0.825;0.885;0.872;0.856;0.829;0.869;0.889;0.912;0.803;0.788;0.825;0.820;0.927;0.943;0.900;0.737;0.750;0.833;0.818;0.714
1;4;Act_Cooking;0.000;0.125;0.000;0.000;0.000;0.000;0.000;0.000;0.000;0.000;0.000;0.000;0.000;0.000;1.000;1.000;0.000;0.000;0.000;0.000;0.000;0.000;0.000;0.000;0.000;0.000;0.000;0.000;0.000;0.000;0.000;0.000;0.000;0.000;1.000;0.000;0.000;0.000;0.000;0.000;0.000;0.000;0.667;0.625;0.625;0.333;0.286;0.333;0.435;0.310;0.212;0.136;0.189;0.241;0.284;0.186;0.194;0.220;0.247;0.297;0.214;0.257;0.254;0.237;0.225;0.203;0.197;0.175;0.200;0.150;0.239;0.328;0.474;0.353;0.349;0.333;0.321;0.347;0.309;0.278;0.247;0.206;0.213;0.275;0.200;0.200;0.192;0.197;0.206;0.159;0.232;0.186;0.143;0.127;0.159;0.203;0.314;0.290;0.250;0.242;0.306;0.330;0.459;0.409;0.403;0.414;0.338;0.246;0.316;0.349;0.361;0.324;0.280;0.256;0.250;0.260;0.240;0.190;0.142;0.153;0.131;0.111;0.076;0.077;0.052;0.064;0.054;0.041;0.055;0.088;0.077;0.044;0.099;0.061;0.063;0.020;0.024;0.029;0.150;0.158;0.083;0.167;0.091;0.000
1;4;Act_Laundry;0.000;0.000;0.000;0.000;0.000;0.000;0.000;0.000;0.000;0.000;0.000;0.000;0.000;0.000;0.000;0.000;0.000;0.000;0.000;0.000;0.000;0.000;0.000;0.000;0.000;0.000;0.000;0.000;0.000;0.000;0.000;0.000;0.000;0.000;0.000;0.000;0.000;0.000;0.000;0.000;0.000;0.000;0.000;0.000;0.000;0.000;0.000;0.000;0.043;0.034;0.091;0.023;0.057;0.074;0.045;0.043;0.028;0.073;0.026;0.081;0.100;0.054;0.056;0.079;0.085;0.058;0.061;0.032;0.046;0.083;0.030;0.017;0.035;0.059;0.063;0.053;0.038;0.000;0.025;0.025;0.039;0.044;0.040;0.072;0.062;0.027;0.014;0.085;0.044;0.063;0.043;0.029;0.043;0.013;0.024;0.025;0.035;0.032;0.023;0.033;0.071;0.075;0.049;0.015;0.015;0.030;0.030;0.030;0.022;0.027;0.006;0.006;0.006;0.017;0.017;0.006;0.000;0.011;0.018;0.043;0.019;0.006;0.013;0.000;0.006;0.006;0.000;0.007;0.007;0.000;0.000;0.000;0.028;0.000;0.000;0.000;0.000;0.000;0.000;0.000;0.000;0.000;0.000;0.000
1;4;Act_WashDress;0.143;0.125;0.000;0.167;0.000;0.250;0.333;0.500;0.500;0.000;0.000;0.000;0.000;0.000;0.000;0.000;0.000;0.000;0.000;0.000;0.000;0.000;0.000;0.000;0.000;0.000;0.000;0.000;0.000;0.000;0.000;0.000;0.000;0.000;1.000;0.000;0.000;0.000;0.000;0.000;0.000;1.000;0.333;0.500;0.625;0.889;0.714;0.667;0.652;0.621;0.636;0.523;0.491;0.537;0.582;0.514;0.597;0.524;0.494;0.473;0.429;0.405;0.366;0.487;0.479;0.464;0.485;0.413;0.446;0.333;0.328;0.276;0.386;0.250;0.270;0.200;0.154;0.181;0.160;0.127;0.156;0.206;0.147;0.130;0.108;0.107;0.164;0.113;0.088;0.063;0.116;0.100;0.100;0.051;0.012;0.038;0.105;0.118;0.136;0.099;0.082;0.085;0.107;0.121;0.179;0.120;0.180;0.149;0.213;0.221;0.241;0.249;0.280;0.233;0.273;0.254;0.263;0.259;0.237;0.209;0.231;0.247;0.253;0.218;0.240;0.250;0.324;0.288;0.253;0.204;0.145;0.242;0.310;0.333;0.286;0.240;0.195;0.229;0.150;0.474;0.333;0.250;0.091;0.000
1;4;Act_Iron;0.000;0.000;0.000;0.000;0.000;0.000;0.000;0.000;0.000;0.000;0.000;0.000;0.000;0.000;0.000;0.000;0.000;0.000;0.000;0.000;0.000;0.000;0.000;0.000;0.000;0.000;0.000;0.000;0.000;0.000;0.000;0.000;0.000;0.000;0.000;0.000;0.000;0.000;0.000;0.000;0.000;0.000;0.000;0.000;0.000;0.000;0.000;0.000;0.000;0.034;0.030;0.023;0.019;0.037;0.030;0.014;0.014;0.012;0.013;0.027;0.014;0.014;0.042;0.026;0.056;0.072;0.045;0.032;0.046;0.033;0.015;0.017;0.018;0.015;0.016;0.013;0.013;0.042;0.037;0.013;0.013;0.015;0.013;0.000;0.046;0.040;0.027;0.028;0.059;0.079;0.087;0.086;0.114;0.101;0.073;0.051;0.047;0.075;0.091;0.088;0.061;0.047;0.049;0.061;0.067;0.030;0.038;0.045;0.022;0.013;0.019;0.029;0.023;0.034;0.052;0.034;0.045;0.046;0.036;0.031;0.044;0.043;0.044;0.058;0.065;0.045;0.047;0.027;0.021;0.015;0.017;0.022;0.028;0.030;0.032;0.040;0.049;0.029;0.050;0.053;0.167;0.083;0.091;0.000
1;4;Act_HouseClean;0.000;0.125;0.167;0.167;0.200;0.250;0.000;0.000;0.000;0.000;0.000;0.000;1.000;1.000;1.000;1.000;0.000;0.000;0.000;0.000;0.000;0.000;0.000;0.000;0.000;0.000;0.000;0.000;0.000;0.000;0.000;0.000;0.000;0.000;0.000;0.000;0.000;0.000;0.000;0.000;0.000;0.000;0.333;0.125;0.125;0.111;0.143;0.222;0.087;0.103;0.121;0.182;0.264;0.222;0.239;0.229;0.222;0.207;0.195;0.162;0.214;0.243;0.211;0.211;0.183;0.203;0.167;0.206;0.246;0.267;0.299;0.259;0.263;0.191;0.190;0.160;0.167;0.125;0.086;0.165;0.169;0.132;0.107;0.101;0.123;0.067;0.110;0.113;0.147;0.111;0.130;0.186;0.171;0.165;0.183;0.139;0.140;0.118;0.148;0.165;0.163;0.094;0.057;0.038;0.045;0.075;0.068;0.082;0.081;0.060;0.063;0.064;0.086;0.074;0.047;0.096;0.067;0.023;0.024;0.018;0.025;0.043;0.038;0.051;0.039;0.051;0.047;0.034;0.014;0.022;0.026;0.022;0.014;0.015;0.032;0.080;0.073;0.086;0.100;0.053;0.000;0.000;0.000;0.000
1;5;Act_TV;0.000;0.000;0.000;0.000;0.000;0.000;0.000;0.000;0.000;0.000;0.000;0.000;0.000;0.000;0.000;0.000;0.000;0.000;0.000;0.000;0.000;0.000;0.000;0.000;0.000;0.000;0.000;0.000;0.000;0.000;0.000;0.000;0.000;0.000;0.000;0.000;0.000;0.000;0.000;0.000;0.000;0.000;0.000;0.000;0.000;1.000;0.500;0.500;0.667;0.750;0.750;0.444;0.556;0.625;0.455;0.400;0.500;0.571;0.615;0.600;0.667;0.700;0.556;0.571;0.750;0.750;0.833;0.833;0.571;0.700;0.909;0.727;0.667;0.538;0.583;0.357;0.692;0.538;0.333;0.429;0.286;0.471;0.571;0.500;0.200;0.111;0.400;0.571;0.778;0.857;0.714;0.714;0.571;0.571;0.500;0.400;0.692;0.800;0.714;0.778;0.789;0.722;0.714;0.625;0.650;0.769;0.742;0.759;0.722;0.676;0.706;0.750;0.615;0.806;0.700;0.718;0.780;0.814;0.780;0.829;0.889;0.919;0.919;0.875;0.800;0.900;0.931;0.926;0.885;0.909;0.905;0.857;0.800;0.857;0.818;0.818;0.800;0.750;0.667;0.667;0.667;0.500;0.500;0.333
1;5;Act_Cooking;0.000;0.000;0.000;0.000;0.000;0.000;0.000;0.000;0.000;0.000;0.000;0.000;0.000;0.000;0.000;0.000;0.000;0.000;0.000;0.000;0.000;0.000;0.000;0.000;0.000;0.000;0.000;0.000;0.000;0.000;0.000;0.000;0.000;0.000;0.000;0.000;0.000;0.000;0.000;0.000;0.000;0.000;0.000;0.000;0.000;0.000;0.000;0.000;0.333;0.250;0.500;0.444;0.222;0.375;0.455;0.500;0.400;0.286;0.154;0.200;0.556;0.300;0.222;0.286;0.125;0.125;0.333;0.167;0.143;0.200;0.182;0.273;0.267;0.385;0.333;0.500;0.231;0.308;0.400;0.357;0.214;0.235;0.143;0.250;0.200;0.111;0.400;0.143;0.222;0.143;0.143;0.143;0.143;0.000;0.125;0.100;0.308;0.533;0.357;0.444;0.421;0.500;0.571;0.375;0.350;0.308;0.452;0.379;0.417;0.353;0.294;0.214;0.231;0.323;0.300;0.282;0.220;0.093;0.024;0.049;0.111;0.162;0.081;0.075;0.100;0.100;0.069;0.074;0.077;0.045;0.048;0.143;0.200;0.143;0.000;0.000;0.000;0.000;0.000;0.000;0.000;0.000;0.000;0.000
1;5;Act_Laundry;0.000;0.000;0.000;0.000;0.000;0.000;0.000;0.000;0.000;0.000;0.000;0.000;0.000;0.000;0.000;0.000;0.000;0.000;0.000;0.000;0.000;0.000;0.000;0.000;0.000;0.000;0.000;0.000;0.000;0.000;0.000;0.000;0.000;0.000;0.000;0.000;0.000;0.000;0.000;0.000;0.000;0.000;0.000;0.000;0.000;0.000;0.000;0.000;0.000;0.250;0.000;0.111;0.000;0.000;0.091;0.000;0.100;0.000;0.000;0.000;0.000;0.000;0.111;0.143;0.250;0.250;0.000;0.000;0.000;0.000;0.091;0.000;0.000;0.000;0.083;0.000;0.154;0.077;0.067;0.143;0.071;0.118;0.214;0.000;0.100;0.111;0.100;0.143;0.000;0.286;0.143;0.143;0.000;0.000;0.000;0.000;0.000;0.000;0.000;0.000;0.000;0.000;0.000;0.000;0.100;0.038;0.000;0.000;0.000;0.000;0.000;0.000;0.000;0.000;0.000;0.051;0.049;0.047;0.000;0.000;0.000;0.027;0.000;0.000;0.000;0.000;0.069;0.037;0.038;0.045;0.000;0.000;0.000;0.000;0.000;0.000;0.000;0.000;0.000;0.000;0.000;0.000;0.000;0.000
1;5;Act_WashDress;0.000;0.000;0.000;0.000;0.000;0.000;0.000;0.000;0.000;0.000;0.000;0.000;0.000;0.000;0.000;0.000;0.000;0.000;0.000;0.000;0.000;0.000;0.000;0.000;0.000;0.000;0.000;0.000;0.000;0.000;0.000;0.000;0.000;0.000;0.000;0.000;0.000;0.000;0.000;0.000;0.000;0.000;0.000;0.000;0.000;1.000;1.000;1.000;0.667;0.750;0.500;0.556;0.556;0.500;0.455;0.600;0.700;0.714;0.615;0.600;0.667;0.500;0.556;0.571;0.500;0.375;0.500;0.667;0.286;0.500;0.364;0.182;0.400;0.538;0.583;0.429;0.308;0.231;0.133;0.143;0.143;0.176;0.214;0.167;0.000;0.000;0.000;0.000;0.111;0.143;0.286;0.286;0.429;0.143;0.000;0.000;0.231;0.133;0.143;0.167;0.105;0.111;0.143;0.188;0.250;0.308;0.194;0.172;0.194;0.265;0.265;0.250;0.269;0.290;0.300;0.205;0.244;0.233;0.268;0.220;0.389;0.378;0.270;0.250;0.275;0.300;0.310;0.222;0.154;0.136;0.143;0.143;0.200;0.357;0.091;0.182;0.100;0.125;0.167;0.000;0.000;0.000;0.000;0.000
1;5;Act_Iron;0.000;0.000;0.000;0.000;0.000;0.000;0.000;0.000;0.000;0.000;0.000;0.000;0.000;0.000;0.000;0.000;0.000;0.000;0.000;0.000;0.000;0.000;0.000;0.000;0.000;0.000;0.000;0.000;0.000;0.000;0.000;0.000;0.000;0.000;0.000;0.000;0.000;0.000;0.000;0.000;0.000;0.000;0.000;0.000;0.000;0.000;0.000;0.000;0.000;0.000;0.000;0.000;0.000;0.000;0.000;0.000;0.000;0.000;0.000;0.000;0.000;0.000;0.000;0.000;0.000;0.125;0.000;0.000;0.000;0.000;0.091;0.000;0.000;0.077;0.083;0.071;0.077;0.000;0.000;0.000;0.000;0.000;0.000;0.083;0.000;0.000;0.000;0.000;0.000;0.000;0.000;0.000;0.000;0.000;0.000;0.000;0.000;0.067;0.071;0.111;0.105;0.056;0.071;0.063;0.050;0.077;0.032;0.034;0.056;0.059;0.059;0.071;0.077;0.032;0.025;0.026;0.000;0.000;0.000;0.000;0.000;0.000;0.000;0.025;0.025;0.067;0.103;0.111;0.077;0.091;0.048;0.071;0.000;0.000;0.000;0.000;0.000;0.000;0.000;0.000;0.000;0.000;0.000;0.000
1;5;Act_HouseClean;0.500;0.000;0.000;0.000;0.000;0.000;0.000;0.000;0.000;0.000;0.000;0.000;0.000;0.000;0.000;0.000;0.000;0.000;0.000;0.000;0.000;0.000;0.000;0.000;0.000;0.000;0.000;0.000;0.000;0.000;0.000;0.000;0.000;0.000;0.000;0.000;0.000;0.000;0.000;0.000;0.000;0.000;0.000;0.000;0.000;0.000;0.000;0.000;0.000;0.250;0.000;0.000;0.111;0.125;0.091;0.200;0.100;0.143;0.308;0.200;0.222;0.400;0.556;0.143;0.125;0.125;0.167;0.167;0.429;0.400;0.273;0.364;0.333;0.231;0.167;0.286;0.385;0.308;0.267;0.143;0.143;0.294;0.357;0.250;0.100;0.222;0.200;0.286;0.111;0.143;0.143;0.143;0.143;0.286;0.250;0.200;0.231;0.200;0.286;0.222;0.211;0.167;0.214;0.188;0.150;0.077;0.129;0.207;0.139;0.059;0.059;0.036;0.038;0.000;0.000;0.051;0.024;0.093;0.073;0.049;0.028;0.054;0.108;0.050;0.050;0.067;0.069;0.074;0.077;0.045;0.095;0.000;0.000;0.000;0.000;0.091;0.000;0.000;0.000;0.000;0.000;0.000;0.000;0.000
