Occupancy Model;;;;;;;;;;;;;;;
;;;;;;;;;;;;;;;
Transition Probability Matrix;;;;;;;;;;;;;;;
;;;;;;;;;;;;;;;
One resident house;;;;;;;;;;;;;;;
Weekday;;;;;;;;;;;;;;;
;;;;;;;;;;;;;;;
;;;;;;;;;;;;;;;
Ten minute period number;Combined State  @t;Combined State  @t+1;;;;;;;;;;;;;
;;00;01;10;11;;;;;;;;;;
1;00;1;0;0;0;;;;;;;;;;
1;01;0.022727;0.90909;0;0.068182;;;;;;;;;;
1;10;0;0;0.99854;0.0014641;;;;;;;;;;
1;11;0;0;0.19487;0.80513;;;;;;;;;;
2;00;1;0;0;0;;;;;;;;;;
2;01;0.05;0.8875;0;0.0625;;;;;;;;;;
2;10;0;0;0.99715;0.0028531;;;;;;;;;;
2;11;0;0;0.18182;0.81818;;;;;;;;;;
3;00;1;0;0;0;;;;;;;;;;
3;01;0.014085;0.94366;0;0.042254;;;;;;;;;;
3;10;0;0;0.9972;0.0028011;;;;;;;;;;
3;11;0;0.0069444;0.27778;0.71528;;;;;;;;;;
4;00;1;0;0;0;;;;;;;;;;
4;01;0;0.97059;0.014706;0.014706;;;;;;;;;;
4;10;0;0;0.99795;0.0020492;;;;;;;;;;
4;11;0;0;0.18182;0.81818;;;;;;;;;;
5;00;1;0;0;0;;;;;;;;;;
5;01;0.015152;0.95455;0;0.030303;;;;;;;;;;
5;10;0;0;0.99663;0.0033738;;;;;;;;;;
5;11;0;0.010638;0.17021;0.81915;;;;;;;;;;
6;00;1;0;0;0;;;;;;;;;;
6;01;0.015625;0.89063;0.046875;0.046875;;;;;;;;;;
6;10;0;0;0.99464;0.0053583;;;;;;;;;;
6;11;0;0.011905;0.44048;0.54762;;;;;;;;;;
7;00;1;0;0;0;;;;;;;;;;
7;01;0.017241;0.93103;0;0.051724;;;;;;;;;;
7;10;0;0;0.99934;0.00065574;;;;;;;;;;
7;11;0;0;0.24561;0.75439;;;;;;;;;;
8;00;0.98413;0;0;0.015873;;;;;;;;;;
8;01;0.018519;0.92593;0.037037;0.018519;;;;;;;;;;
8;10;0;0;0.99805;0.0019506;;;;;;;;;;
8;11;0;0.021277;0.17021;0.80851;;;;;;;;;;
9;00;1;0;0;0;;;;;;;;;;
9;01;0.039216;0.92157;0.019608;0.019608;;;;;;;;;;
9;10;0;0;0.99676;0.0032362;;;;;;;;;;
9;11;0;0;0.2093;0.7907;;;;;;;;;;
10;00;1;0;0;0;;;;;;;;;;
10;01;0.021277;0.93617;0;0.042553;;;;;;;;;;
10;10;0;0;0.99871;0.0012903;;;;;;;;;;
10;11;0;0;0.25;0.75;;;;;;;;;;
11;00;1;0;0;0;;;;;;;;;;
11;01;0;1;0;0;;;;;;;;;;
11;10;0;0;0.99551;0.0044929;;;;;;;;;;
11;11;0;0;0.32353;0.67647;;;;;;;;;;
12;00;1;0;0;0;;;;;;;;;;
12;01;0.022727;0.97727;0;0;;;;;;;;;;
12;10;0;0;0.99552;0.0044814;;;;;;;;;;
12;11;0;0;0.33333;0.66667;;;;;;;;;;
13;00;1;0;0;0;;;;;;;;;;
13;01;0.069767;0.90698;0;0.023256;;;;;;;;;;
13;10;0;0;0.99617;0.0038339;;;;;;;;;;
13;11;0;0;0.40741;0.59259;;;;;;;;;;
14;00;1;0;0;0;;;;;;;;;;
14;01;0.025641;0.94872;0;0.025641;;;;;;;;;;
14;10;0;0;0.99172;0.0082803;;;;;;;;;;
14;11;0;0;0.47826;0.52174;;;;;;;;;;
15;00;1;0;0;0;;;;;;;;;;
15;01;0.027027;0.94595;0;0.027027;;;;;;;;;;
15;10;0;0;0.99745;0.002551;;;;;;;;;;
15;11;0;0;0.19231;0.80769;;;;;;;;;;
16;00;0.98611;0.013889;0;0;;;;;;;;;;
16;01;0;0.94286;0.057143;0;;;;;;;;;;
16;10;0;0;0.99618;0.0038241;;;;;;;;;;
16;11;0;0;0.19231;0.80769;;;;;;;;;;
17;00;1;0;0;0;;;;;;;;;;
17;01;0;1;0;0;;;;;;;;;;
17;10;0;0;0.99363;0.0063694;;;;;;;;;;
17;11;0;0;0.44444;0.55556;;;;;;;;;;
18;00;0.97183;0.014085;0;0.014085;;;;;;;;;;
18;01;0.029412;0.97059;0;0;;;;;;;;;;
18;10;0;0;0.99237;0.0076336;;;;;;;;;;
18;11;0;0;0.36;0.64;;;;;;;;;;
19;00;1;0;0;0;;;;;;;;;;
19;01;0;0.97059;0;0.029412;;;;;;;;;;
19;10;0;0;0.99554;0.0044614;;;;;;;;;;
19;11;0;0;0.37931;0.62069;;;;;;;;;;
20;00;1;0;0;0;;;;;;;;;;
20;01;0;0.93939;0;0.060606;;;;;;;;;;
20;10;0;0;0.99936;0.00063573;;;;;;;;;;
20;11;0;0;0.30769;0.69231;;;;;;;;;;
21;00;1;0;0;0;;;;;;;;;;
21;01;0.032258;0.96774;0;0;;;;;;;;;;
21;10;0;0;1;0;;;;;;;;;;
21;11;0;0;0.19048;0.80952;;;;;;;;;;
22;00;1;0;0;0;;;;;;;;;;
22;01;0;0.93333;0.033333;0.033333;;;;;;;;;;
22;10;0;0;0.99747;0.0025253;;;;;;;;;;
22;11;0;0;0.17647;0.82353;;;;;;;;;;
23;00;0.98592;0.014085;0;0;;;;;;;;;;
23;01;0.035714;0.92857;0;0.035714;;;;;;;;;;
23;10;0;0;0.99306;0.0069444;;;;;;;;;;
23;11;0;0.052632;0.31579;0.63158;;;;;;;;;;
24;00;0.98592;0.014085;0;0;;;;;;;;;;
24;01;0.035714;0.92857;0;0.035714;;;;;;;;;;
24;10;0;0;0.99306;0.0069444;;;;;;;;;;
24;11;0;0.052632;0.31579;0.63158;;;;;;;;;;
25;00;0.98667;0.013333;0;0;;;;;;;;;;
25;01;0;0.94118;0;0.058824;;;;;;;;;;
25;10;0;0;0.99497;0.0050283;;;;;;;;;;
25;11;0;0;0.31579;0.68421;;;;;;;;;;
26;00;0.98649;0.013514;0;0;;;;;;;;;;
26;01;0;1;0;0;;;;;;;;;;
26;10;0;0;0.99182;0.0081812;;;;;;;;;;
26;11;0;0.045455;0.18182;0.77273;;;;;;;;;;
27;00;0.9863;0.013699;0;0;;;;;;;;;;
27;01;0;1;0;0;;;;;;;;;;
27;10;0;0;0.99114;0.0088608;;;;;;;;;;
27;11;0;0;0.36667;0.63333;;;;;;;;;;
28;00;1;0;0;0;;;;;;;;;;
28;01;0;0.9;0;0.1;;;;;;;;;;
28;10;0;0;0.99049;0.0095117;;;;;;;;;;
28;11;0;0.060606;0.24242;0.69697;;;;;;;;;;
29;00;1;0;0;0;;;;;;;;;;
29;01;0;0.9;0;0.1;;;;;;;;;;
29;10;0;0;0.99299;0.0070064;;;;;;;;;;
29;11;0;0.025;0.225;0.75;;;;;;;;;;
30;00;0.97222;0.027778;0;0;;;;;;;;;;
30;01;0.052632;0.94737;0;0;;;;;;;;;;
30;10;0;0;0.98533;0.014668;;;;;;;;;;
30;11;0.023256;0.023256;0.16279;0.7907;;;;;;;;;;
31;00;1;0;0;0;;;;;;;;;;
31;01;0;1;0;0;;;;;;;;;;
31;10;0;0;0.98969;0.010309;;;;;;;;;;
31;11;0;0.070175;0.22807;0.70175;;;;;;;;;;
32;00;0.95833;0.041667;0;0;;;;;;;;;;
32;01;0.04;0.96;0;0;;;;;;;;;;
32;10;0;0;0.99032;0.0096837;;;;;;;;;;
32;11;0;0.10714;0.16071;0.73214;;;;;;;;;;
33;00;0.98571;0.014286;0;0;;;;;;;;;;
33;01;0;1;0;0;;;;;;;;;;
33;10;0;0;0.98315;0.01685;;;;;;;;;;
33;11;0;0.053571;0.17857;0.76786;;;;;;;;;;
34;00;1;0;0;0;;;;;;;;;;
34;01;0.027027;0.97297;0;0;;;;;;;;;;
34;10;0;0;0.98625;0.013752;;;;;;;;;;
34;11;0;0.043478;0.086957;0.86957;;;;;;;;;;
35;00;0.98571;0.014286;0;0;;;;;;;;;;
35;01;0.025641;0.94872;0;0.025641;;;;;;;;;;
35;10;0;0;0.97817;0.021825;;;;;;;;;;
35;11;0;0.11111;0.1358;0.75309;;;;;;;;;;
36;00;0.92857;0.057143;0;0.014286;;;;;;;;;;
36;01;0.021277;0.95745;0;0.021277;;;;;;;;;;
36;10;0;0;0.95772;0.042282;;;;;;;;;;
36;11;0;0.052632;0.042105;0.90526;;;;;;;;;;
37;00;0.98485;0.015152;0;0;;;;;;;;;;
37;01;0;1;0;0;;;;;;;;;;
37;10;0;0;0.96576;0.034242;;;;;;;;;;
37;11;0;0.066225;0.099338;0.83444;;;;;;;;;;
38;00;0.96923;0.030769;0;0;;;;;;;;;;
38;01;0.015385;0.93846;0;0.046154;;;;;;;;;;
38;10;0;0;0.96707;0.032928;;;;;;;;;;
38;11;0;0.034286;0.068571;0.89714;;;;;;;;;;
39;00;0.89063;0.10938;0;0;;;;;;;;;;
39;01;0.014493;0.94203;0;0.043478;;;;;;;;;;
39;10;0;0.0014674;0.95158;0.046955;;;;;;;;;;
39;11;0;0.063107;0.048544;0.88835;;;;;;;;;;
40;00;0.98276;0.017241;0;0;;;;;;;;;;
40;01;0.011494;0.97701;0;0.011494;;;;;;;;;;
40;10;0;0;0.95409;0.045907;;;;;;;;;;
40;11;0;0.084;0.02;0.896;;;;;;;;;;
41;00;0.98276;0.017241;0;0;;;;;;;;;;
41;01;0;0.96262;0;0.037383;;;;;;;;;;
41;10;0;0;0.94409;0.055911;;;;;;;;;;
41;11;0;0.063158;0.02807;0.90877;;;;;;;;;;
42;00;0.82456;0.17544;0;0;;;;;;;;;;
42;01;0.0081967;0.94262;0;0.04918;;;;;;;;;;
42;10;0;0;0.81933;0.18067;;;;;;;;;;
42;11;0.003003;0.081081;0.036036;0.87988;;;;;;;;;;
43;00;0.89796;0.10204;0;0;;;;;;;;;;
43;01;0.0065789;0.97368;0;0.019737;;;;;;;;;;
43;10;0;0;0.91185;0.088146;;;;;;;;;;
43;11;0;0.046693;0.029183;0.92412;;;;;;;;;;
44;00;0.91111;0.088889;0;0;;;;;;;;;;
44;01;0.0056497;0.9548;0.0056497;0.033898;;;;;;;;;;
44;10;0;0;0.89071;0.10929;;;;;;;;;;
44;11;0;0.058407;0.017699;0.92389;;;;;;;;;;
45;00;0.90476;0.095238;0;0;;;;;;;;;;
45;01;0;0.96602;0;0.033981;;;;;;;;;;
45;10;0;0;0.84746;0.15254;;;;;;;;;;
45;11;0.0015924;0.058917;0.0095541;0.92994;;;;;;;;;;
46;00;0.84615;0.15385;0;0;;;;;;;;;;
46;01;0.0041667;0.95833;0;0.0375;;;;;;;;;;
46;10;0;0;0.89802;0.10198;;;;;;;;;;
46;11;0;0.057183;0.0097629;0.93305;;;;;;;;;;
47;00;0.91176;0.088235;0;0;;;;;;;;;;
47;01;0;0.97112;0;0.028881;;;;;;;;;;
47;10;0;0;0.85335;0.14665;;;;;;;;;;
47;11;0.0013333;0.057333;0.008;0.93333;;;;;;;;;;
48;00;0.8125;0.15625;0;0.03125;;;;;;;;;;
48;01;0.0031746;0.96508;0;0.031746;;;;;;;;;;
48;10;0;0.0018083;0.72333;0.27486;;;;;;;;;;
48;11;0;0.05611;0.0074813;0.93641;;;;;;;;;;
49;00;0.85185;0.14815;0;0;;;;;;;;;;
49;01;0.0028169;0.9662;0;0.030986;;;;;;;;;;
49;10;0;0.0024631;0.84975;0.14778;;;;;;;;;;
49;11;0;0.043764;0.0032823;0.95295;;;;;;;;;;
50;00;0.95833;0;0;0.041667;;;;;;;;;;
50;01;0.0025773;0.97938;0;0.018041;;;;;;;;;;
50;10;0;0;0.88506;0.11494;;;;;;;;;;
50;11;0;0.06051;0.0063694;0.93312;;;;;;;;;;
51;00;0.875;0.125;0;0;;;;;;;;;;
51;01;0;0.97712;0;0.022883;;;;;;;;;;
51;10;0;0.0031847;0.81529;0.18153;;;;;;;;;;
51;11;0;0.092772;0.00863;0.8986;;;;;;;;;;
52;00;0.95238;0.047619;0;0;;;;;;;;;;
52;01;0.0019342;0.98066;0;0.017408;;;;;;;;;;
52;10;0;0;0.89015;0.10985;;;;;;;;;;
52;11;0.0011111;0.095556;0.0066667;0.89667;;;;;;;;;;
53;00;1;0;0;0;;;;;;;;;;
53;01;0;0.9798;0;0.020202;;;;;;;;;;
53;10;0;0;0.85062;0.14938;;;;;;;;;;
53;11;0.0011834;0.073373;0.0059172;0.91953;;;;;;;;;;
54;00;0.78261;0.17391;0;0.043478;;;;;;;;;;
54;01;0.0031056;0.96118;0.0031056;0.032609;;;;;;;;;;
54;10;0;0.014286;0.77619;0.20952;;;;;;;;;;
54;11;0;0.072727;0.0048485;0.92242;;;;;;;;;;
55;00;0.95;0.05;0;0;;;;;;;;;;
55;01;0.0014577;0.95773;0;0.040816;;;;;;;;;;
55;10;0;0.0059172;0.84024;0.15385;;;;;;;;;;
55;11;0;0.058041;0.0060459;0.93591;;;;;;;;;;
56;00;1;0;0;0;;;;;;;;;;
56;01;0.0042433;0.97737;0;0.018388;;;;;;;;;;
56;10;0;0;0.88435;0.11565;;;;;;;;;;
56;11;0;0.059179;0.0048309;0.93599;;;;;;;;;;
57;00;0.91304;0.086957;0;0;;;;;;;;;;
57;01;0.0013514;0.96351;0;0.035135;;;;;;;;;;
57;10;0;0;0.86567;0.13433;;;;;;;;;;
57;11;0;0.055901;0.0062112;0.93789;;;;;;;;;;
58;00;0.86364;0.13636;0;0;;;;;;;;;;
58;01;0;0.97632;0;0.023684;;;;;;;;;;
58;10;0;0.0082645;0.94215;0.049587;;;;;;;;;;
58;11;0;0.047559;0.010013;0.94243;;;;;;;;;;
59;00;0.94737;0.052632;0;0;;;;;;;;;;
59;01;0.0012755;0.98087;0;0.017857;;;;;;;;;;
59;10;0;0.0081967;0.88525;0.10656;;;;;;;;;;
59;11;0;0.063063;0.011583;0.92535;;;;;;;;;;
60;00;1;0;0;0;;;;;;;;;;
60;01;0;0.96341;0;0.036585;;;;;;;;;;
60;10;0.008547;0;0.62393;0.36752;;;;;;;;;;
60;11;0;0.11394;0.013405;0.87265;;;;;;;;;;
61;00;0.8;0.2;0;0;;;;;;;;;;
61;01;0;0.98743;0;0.012571;;;;;;;;;;
61;10;0;0;0.90361;0.096386;;;;;;;;;;
61;11;0.0013812;0.041436;0.0096685;0.94751;;;;;;;;;;
62;00;0.88235;0;0;0.11765;;;;;;;;;;
62;01;0.0033408;0.97105;0;0.025612;;;;;;;;;;
62;10;0;0;0.91463;0.085366;;;;;;;;;;
62;11;0;0.051064;0.0085106;0.94043;;;;;;;;;;
63;00;0.83333;0.16667;0;0;;;;;;;;;;
63;01;0;0.97577;0;0.024229;;;;;;;;;;
63;10;0;0;0.81481;0.18519;;;;;;;;;;
63;11;0;0.083453;0.0071942;0.90935;;;;;;;;;;
64;00;0.93333;0;0;0.066667;;;;;;;;;;
64;01;0.0021119;0.96938;0.001056;0.027455;;;;;;;;;;
64;10;0;0;0.85915;0.14085;;;;;;;;;;
64;11;0.0014948;0.044843;0.0074738;0.94619;;;;;;;;;;
65;00;0.82353;0.11765;0;0.058824;;;;;;;;;;
65;01;0;0.97363;0.0010549;0.025316;;;;;;;;;;
65;10;0;0;0.8806;0.1194;;;;;;;;;;
65;11;0.0014925;0.058209;0.016418;0.92388;;;;;;;;;;
66;00;0.8;0.2;0;0;;;;;;;;;;
66;01;0.0010373;0.95747;0.0020747;0.039419;;;;;;;;;;
66;10;0;0.028169;0.76056;0.21127;;;;;;;;;;
66;11;0;0.065951;0.0092025;0.92485;;;;;;;;;;
67;00;0.84615;0.15385;0;0;;;;;;;;;;
67;01;0.0020597;0.97837;0.0020597;0.017508;;;;;;;;;;
67;10;0;0;0.82258;0.17742;;;;;;;;;;
67;11;0;0.044207;0.0091463;0.94665;;;;;;;;;;
68;00;0.84615;0.15385;0;0;;;;;;;;;;
68;01;0.0020387;0.96636;0.0010194;0.030581;;;;;;;;;;
68;10;0;0.033898;0.84746;0.11864;;;;;;;;;;
68;11;0;0.05547;0.010786;0.93374;;;;;;;;;;
69;00;0.84615;0.15385;0;0;;;;;;;;;;
69;01;0.0010121;0.95648;0;0.04251;;;;;;;;;;
69;10;0;0;0.86207;0.13793;;;;;;;;;;
69;11;0.0031104;0.046656;0.017107;0.93313;;;;;;;;;;
70;00;0.92857;0.071429;0;0;;;;;;;;;;
70;01;0.0010235;0.97544;0;0.023541;;;;;;;;;;
70;10;0;0;0.80328;0.19672;;;;;;;;;;
70;11;0;0.033846;0.0046154;0.96154;;;;;;;;;;
71;00;0.92857;0.071429;0;0;;;;;;;;;;
71;01;0;0.96721;0;0.032787;;;;;;;;;;
71;10;0;0;0.94231;0.057692;;;;;;;;;;
71;11;0.0030303;0.048485;0.0045455;0.94394;;;;;;;;;;
72;00;0.73333;0.13333;0;0.13333;;;;;;;;;;
72;01;0.0010235;0.95701;0.0020471;0.039918;;;;;;;;;;
72;10;0;0.019231;0.73077;0.25;;;;;;;;;;
72;11;0;0.053191;0.0075988;0.93921;;;;;;;;;;
73;00;0.91667;0.083333;0;0;;;;;;;;;;
73;01;0.0010277;0.95992;0;0.039054;;;;;;;;;;
73;10;0;0;0.88889;0.11111;;;;;;;;;;
73;11;0;0.032738;0.0074405;0.95982;;;;;;;;;;
74;00;0.91667;0.083333;0;0;;;;;;;;;;
74;01;0;0.96865;0.0010449;0.030303;;;;;;;;;;
74;10;0;0;0.88889;0.11111;;;;;;;;;;
74;11;0;0.040698;0.010174;0.94913;;;;;;;;;;
75;00;0.90909;0;0;0.090909;;;;;;;;;;
75;01;0.001046;0.95816;0;0.040795;;;;;;;;;;
75;10;0;0.020833;0.72917;0.25;;;;;;;;;;
75;11;0;0.017467;0.018923;0.96361;;;;;;;;;;
76;00;0.90909;0.090909;0;0;;;;;;;;;;
76;01;0;0.96663;0;0.033369;;;;;;;;;;
76;10;0;0;0.89583;0.10417;;;;;;;;;;
76;11;0;0.028011;0.02521;0.94678;;;;;;;;;;
77;00;0.9;0;0.1;0;;;;;;;;;;
77;01;0.0021763;0.96844;0;0.02938;;;;;;;;;;
77;10;0;0;0.85246;0.14754;;;;;;;;;;
77;11;0;0.04073;0.005618;0.95365;;;;;;;;;;
78;00;0.81818;0.090909;0;0.090909;;;;;;;;;;
78;01;0.0087051;0.92709;0;0.0642;;;;;;;;;;
78;10;0.017544;0.035088;0.7193;0.22807;;;;;;;;;;
78;11;0;0.071329;0.036364;0.89231;;;;;;;;;;
79;00;0.61111;0.33333;0;0.055556;;;;;;;;;;
79;01;0;0.9702;0;0.029801;;;;;;;;;;
79;10;0;0;0.86567;0.13433;;;;;;;;;;
79;11;0;0.032349;0.022504;0.94515;;;;;;;;;;
80;00;1;0;0;0;;;;;;;;;;
80;01;0.0022026;0.96696;0.0011013;0.029736;;;;;;;;;;
80;10;0;0;0.83784;0.16216;;;;;;;;;;
80;11;0;0.040903;0.014104;0.94499;;;;;;;;;;
81;00;0.76923;0.23077;0;0;;;;;;;;;;
81;01;0.0022051;0.97133;0.0033076;0.023153;;;;;;;;;;
81;10;0;0.013699;0.84932;0.13699;;;;;;;;;;
81;11;0;0.042313;0.023977;0.93371;;;;;;;;;;
82;00;0.83333;0.16667;0;0;;;;;;;;;;
82;01;0.0010929;0.97158;0;0.027322;;;;;;;;;;
82;10;0.012195;0.012195;0.90244;0.073171;;;;;;;;;;
82;11;0;0.046176;0.030303;0.92352;;;;;;;;;;
83;00;0.91667;0.083333;0;0;;;;;;;;;;
83;01;0.0032468;0.97078;0.0010823;0.024892;;;;;;;;;;
83;10;0;0;0.89474;0.10526;;;;;;;;;;
83;11;0;0.061103;0.022355;0.91654;;;;;;;;;;
84;00;0.71429;0.28571;0;0;;;;;;;;;;
84;01;0.001065;0.96699;0.001065;0.030884;;;;;;;;;;
84;10;0;0.069307;0.76238;0.16832;;;;;;;;;;
84;11;0;0.074074;0.016975;0.90895;;;;;;;;;;
85;00;1;0;0;0;;;;;;;;;;
85;01;0.0020683;0.98449;0;0.013444;;;;;;;;;;
85;10;0;0.022472;0.85393;0.1236;;;;;;;;;;
85;11;0;0.050394;0.012598;0.93701;;;;;;;;;;
86;00;0.92308;0.076923;0;0;;;;;;;;;;
86;01;0.0030426;0.96957;0.0020284;0.025355;;;;;;;;;;
86;10;0;0.011905;0.96429;0.02381;;;;;;;;;;
86;11;0;0.040388;0.022617;0.937;;;;;;;;;;
87;00;0.93333;0.066667;0;0;;;;;;;;;;
87;01;0.0030519;0.96745;0.0020346;0.027467;;;;;;;;;;
87;10;0;0.010309;0.87629;0.1134;;;;;;;;;;
87;11;0;0.059308;0.028007;0.91269;;;;;;;;;;
88;00;0.76471;0.23529;0;0;;;;;;;;;;
88;01;0.0030334;0.97573;0;0.021234;;;;;;;;;;
88;10;0;0;0.92308;0.076923;;;;;;;;;;
88;11;0;0.052365;0.016892;0.93074;;;;;;;;;;
89;00;0.8125;0.1875;0;0;;;;;;;;;;
89;01;0.003;0.973;0;0.024;;;;;;;;;;
89;10;0;0;0.85849;0.14151;;;;;;;;;;
89;11;0;0.051724;0.025862;0.92241;;;;;;;;;;
90;00;0.8125;0.1875;0;0;;;;;;;;;;
90;01;0.0079523;0.94831;0;0.043738;;;;;;;;;;
90;10;0;0.028302;0.80189;0.16981;;;;;;;;;;
90;11;0;0.052265;0.02439;0.92334;;;;;;;;;;
91;00;0.80952;0.19048;0;0;;;;;;;;;;
91;01;0.0010101;0.97475;0.0010101;0.023232;;;;;;;;;;
91;10;0;0;0.86869;0.13131;;;;;;;;;;
91;11;0;0.030405;0.015203;0.95439;;;;;;;;;;
92;00;1;0;0;0;;;;;;;;;;
92;01;0.0040527;0.95846;0.0020263;0.035461;;;;;;;;;;
92;10;0;0;0.91667;0.083333;;;;;;;;;;
92;11;0;0.039933;0.013311;0.94676;;;;;;;;;;
93;00;0.95455;0;0;0.045455;;;;;;;;;;
93;01;0.0020619;0.94639;0.0010309;0.050515;;;;;;;;;;
93;10;0;0.010204;0.78571;0.20408;;;;;;;;;;
93;11;0.001634;0.045752;0.017974;0.93464;;;;;;;;;;
94;00;0.91667;0.083333;0;0;;;;;;;;;;
94;01;0.0021119;0.94826;0.001056;0.048574;;;;;;;;;;
94;10;0;0.022472;0.88764;0.089888;;;;;;;;;;
94;11;0;0.020249;0.0093458;0.9704;;;;;;;;;;
95;00;0.875;0.125;0;0;;;;;;;;;;
95;01;0.0032787;0.94863;0.0010929;0.046995;;;;;;;;;;
95;10;0;0;0.7907;0.2093;;;;;;;;;;
95;11;0.0014771;0.029542;0.0088626;0.96012;;;;;;;;;;
96;00;0.68;0.2;0;0.12;;;;;;;;;;
96;01;0.010101;0.88664;0.0022447;0.10101;;;;;;;;;;
96;10;0.013333;0.013333;0.50667;0.46667;;;;;;;;;;
96;11;0;0.067511;0.030942;0.90155;;;;;;;;;;
97;00;0.92593;0.074074;0;0;;;;;;;;;;
97;01;0.0035545;0.94787;0.0011848;0.047393;;;;;;;;;;
97;10;0;0.016129;0.80645;0.17742;;;;;;;;;;
97;11;0;0.020806;0.010403;0.96879;;;;;;;;;;
98;00;0.85714;0.071429;0;0.071429;;;;;;;;;;
98;01;0.001221;0.95849;0;0.040293;;;;;;;;;;
98;10;0;0;0.91525;0.084746;;;;;;;;;;
98;11;0;0.017588;0.0037688;0.97864;;;;;;;;;;
99;00;0.84;0.08;0.04;0.04;;;;;;;;;;
99;01;0;0.96005;0.0012484;0.038702;;;;;;;;;;
99;10;0;0.017544;0.84211;0.14035;;;;;;;;;;
99;11;0;0.02442;0.008547;0.96703;;;;;;;;;;
100;00;0.7619;0.19048;0;0.047619;;;;;;;;;;
100;01;0;0.93308;0;0.066919;;;;;;;;;;
100;10;0;0;0.78947;0.21053;;;;;;;;;;
100;11;0.0012019;0.020433;0.0096154;0.96875;;;;;;;;;;
101;00;0.94118;0.058824;0;0;;;;;;;;;;
101;01;0.0013158;0.94211;0;0.056579;;;;;;;;;;
101;10;0;0;0.83019;0.16981;;;;;;;;;;
101;11;0;0.024083;0.0080275;0.96789;;;;;;;;;;
102;00;0.76471;0.11765;0;0.11765;;;;;;;;;;
102;01;0.001355;0.92276;0.004065;0.071816;;;;;;;;;;
102;10;0;0.019608;0.64706;0.33333;;;;;;;;;;
102;11;0;0.029018;0.0078125;0.96317;;;;;;;;;;
103;00;0.78571;0.071429;0;0.14286;;;;;;;;;;
103;01;0;0.93944;0;0.060563;;;;;;;;;;
103;10;0;0;0.86047;0.13953;;;;;;;;;;
103;11;0;0.014973;0.0074866;0.97754;;;;;;;;;;
104;00;0.90909;0;0;0.090909;;;;;;;;;;
104;01;0.0029326;0.93988;0.0043988;0.052786;;;;;;;;;;
104;10;0;0;0.81818;0.18182;;;;;;;;;;
104;11;0;0.020725;0.0051813;0.97409;;;;;;;;;;
105;00;0.75;0.16667;0;0.083333;;;;;;;;;;
105;01;0.0015129;0.91074;0.0015129;0.086233;;;;;;;;;;
105;10;0;0;0.75;0.25;;;;;;;;;;
105;11;0;0.024365;0.010152;0.96548;;;;;;;;;;
106;00;0.8;0.2;0;0;;;;;;;;;;
106;01;0;0.92994;0;0.070064;;;;;;;;;;
106;10;0;0;0.77273;0.22727;;;;;;;;;;
106;11;0;0.016667;0.0088235;0.97451;;;;;;;;;;
107;00;1;0;0;0;;;;;;;;;;
107;01;0.0049751;0.90713;0;0.087894;;;;;;;;;;
107;10;0;0.023256;0.69767;0.27907;;;;;;;;;;
107;11;0;0.015267;0.0057252;0.97901;;;;;;;;;;
108;00;0.72727;0.18182;0;0.090909;;;;;;;;;;
108;01;0.001773;0.86879;0;0.12943;;;;;;;;;;
108;10;0;0.027778;0.69444;0.27778;;;;;;;;;;
108;11;0;0.028414;0.0082493;0.96334;;;;;;;;;;
109;00;0.77778;0.11111;0;0.11111;;;;;;;;;;
109;01;0;0.91221;0.0038168;0.083969;;;;;;;;;;
109;10;0;0;0.82353;0.17647;;;;;;;;;;
109;11;0;0.017621;0.010573;0.97181;;;;;;;;;;
110;00;0.71429;0.14286;0;0.14286;;;;;;;;;;
110;01;0.002004;0.92786;0;0.07014;;;;;;;;;;
110;10;0;0.02381;0.78571;0.19048;;;;;;;;;;
110;11;0;0.019064;0.0043328;0.9766;;;;;;;;;;
111;00;0.83333;0.16667;0;0;;;;;;;;;;
111;01;0;0.9117;0;0.088296;;;;;;;;;;
111;10;0;0.052632;0.78947;0.15789;;;;;;;;;;
111;11;0.00085397;0.020495;0.011102;0.96755;;;;;;;;;;
112;00;1;0;0;0;;;;;;;;;;
112;01;0.0021231;0.92781;0;0.070064;;;;;;;;;;
112;10;0;0;0.81395;0.18605;;;;;;;;;;
112;11;0;0.020305;0.0084602;0.97124;;;;;;;;;;
113;00;0.71429;0.28571;0;0;;;;;;;;;;
113;01;0.0043384;0.92842;0;0.067245;;;;;;;;;;
113;10;0;0.022222;0.77778;0.2;;;;;;;;;;
113;11;0;0.026072;0.0092515;0.96468;;;;;;;;;;
114;00;0.71429;0.28571;0;0;;;;;;;;;;
114;01;0.004329;0.8961;0;0.099567;;;;;;;;;;
114;10;0;0.021739;0.47826;0.5;;;;;;;;;;
114;11;0.0016849;0.046335;0.019377;0.9326;;;;;;;;;;
115;00;1;0;0;0;;;;;;;;;;
115;01;0.0042373;0.93432;0;0.061441;;;;;;;;;;
115;10;0;0;0.86667;0.13333;;;;;;;;;;
115;11;0;0.012755;0.0085034;0.97874;;;;;;;;;;
116;00;1;0;0;0;;;;;;;;;;
116;01;0.004386;0.94079;0;0.054825;;;;;;;;;;
116;10;0;0;0.73469;0.26531;;;;;;;;;;
116;11;0;0.013491;0.005059;0.98145;;;;;;;;;;
117;00;0.84615;0.15385;0;0;;;;;;;;;;
117;01;0;0.94157;0.0044944;0.053933;;;;;;;;;;
117;10;0;0;0.78571;0.21429;;;;;;;;;;
117;11;0;0.027454;0.0099834;0.96256;;;;;;;;;;
118;00;0.81818;0.18182;0;0;;;;;;;;;;
118;01;0.0022026;0.94053;0;0.057269;;;;;;;;;;
118;10;0;0;0.93617;0.06383;;;;;;;;;;
118;11;0;0.015126;0.0058824;0.97899;;;;;;;;;;
119;00;0.8;0.2;0;0;;;;;;;;;;
119;01;0;0.95749;0;0.042506;;;;;;;;;;
119;10;0;0;0.90196;0.098039;;;;;;;;;;
119;11;0;0.028476;0.0083752;0.96315;;;;;;;;;;
120;00;0.875;0;0;0.125;;;;;;;;;;
120;01;0.0043103;0.92672;0;0.068966;;;;;;;;;;
120;10;0;0;0.73214;0.26786;;;;;;;;;;
120;11;0;0.018739;0.0059625;0.9753;;;;;;;;;;
121;00;0.88889;0.11111;0;0;;;;;;;;;;
121;01;0;0.94469;0;0.05531;;;;;;;;;;
121;10;0;0.020833;0.89583;0.083333;;;;;;;;;;
121;11;0;0.0050293;0.010059;0.98491;;;;;;;;;;
122;00;1;0;0;0;;;;;;;;;;
122;01;0.0045977;0.96322;0;0.032184;;;;;;;;;;
122;10;0;0;0.89091;0.10909;;;;;;;;;;
122;11;0;0.013289;0.0091362;0.97757;;;;;;;;;;
123;00;0.9;0.1;0;0;;;;;;;;;;
123;01;0.0045977;0.94023;0;0.055172;;;;;;;;;;
123;10;0;0;0.93333;0.066667;;;;;;;;;;
123;11;0;0.018379;0.012531;0.96909;;;;;;;;;;
124;00;0.90909;0.090909;0;0;;;;;;;;;;
124;01;0;0.95833;0.0046296;0.037037;;;;;;;;;;
124;10;0;0.014085;0.85915;0.12676;;;;;;;;;;
124;11;0;0.011785;0.010101;0.97811;;;;;;;;;;
125;00;0.9;0;0;0.1;;;;;;;;;;
125;01;0;0.94884;0.0023256;0.048837;;;;;;;;;;
125;10;0;0.013333;0.84;0.14667;;;;;;;;;;
125;11;0;0.0092671;0.014322;0.97641;;;;;;;;;;
126;00;1;0;0;0;;;;;;;;;;
126;01;0;0.9381;0.002381;0.059524;;;;;;;;;;
126;10;0;0;0.92593;0.074074;;;;;;;;;;
126;11;0.0016779;0.010906;0.025168;0.96225;;;;;;;;;;
127;00;0.81818;0.090909;0.090909;0;;;;;;;;;;
127;01;0.004914;0.94349;0;0.051597;;;;;;;;;;
127;10;0;0;0.92453;0.075472;;;;;;;;;;
127;11;0;0.0050934;0.011885;0.98302;;;;;;;;;;
128;00;1;0;0;0;;;;;;;;;;
128;01;0.0051151;0.94373;0.0025575;0.048593;;;;;;;;;;
128;10;0;0.0088496;0.9469;0.044248;;;;;;;;;;
128;11;0;0.0075821;0.024431;0.96799;;;;;;;;;;
129;00;0.84615;0.15385;0;0;;;;;;;;;;
129;01;0.005277;0.9314;0;0.063325;;;;;;;;;;
129;10;0;0;0.94161;0.058394;;;;;;;;;;
129;11;0;0.0059676;0.026428;0.9676;;;;;;;;;;
130;00;0.76923;0.23077;0;0;;;;;;;;;;
130;01;0;0.95304;0;0.046961;;;;;;;;;;
130;10;0;0;0.95;0.05;;;;;;;;;;
130;11;0;0.0094259;0.019709;0.97087;;;;;;;;;;
131;00;1;0;0;0;;;;;;;;;;
131;01;0.0083565;0.93315;0;0.058496;;;;;;;;;;
131;10;0;0;0.96;0.04;;;;;;;;;;
131;11;0;0.0060449;0.1019;0.89206;;;;;;;;;;
132;00;0.76923;0.23077;0;0;;;;;;;;;;
132;01;0.02924;0.87427;0.0087719;0.087719;;;;;;;;;;
132;10;0.0034965;0;0.91958;0.076923;;;;;;;;;;
132;11;0;0.0094251;0.13007;0.86051;;;;;;;;;;
133;00;0.90476;0.095238;0;0;;;;;;;;;;
133;01;0.0064103;0.91987;0;0.073718;;;;;;;;;;
133;10;0;0.0024752;0.98515;0.012376;;;;;;;;;;
133;11;0;0.0010363;0.050777;0.94819;;;;;;;;;;
134;00;0.95238;0.047619;0;0;;;;;;;;;;
134;01;0.020619;0.90378;0.0034364;0.072165;;;;;;;;;;
134;10;0;0;0.98658;0.013423;;;;;;;;;;
134;11;0;0;0.076352;0.92365;;;;;;;;;;
135;00;0.88462;0.076923;0.038462;0;;;;;;;;;;
135;01;0.015152;0.90909;0.011364;0.064394;;;;;;;;;;
135;10;0;0.0019455;0.99222;0.0058366;;;;;;;;;;
135;11;0;0.0044543;0.1147;0.88085;;;;;;;;;;
136;00;0.92593;0.037037;0;0.037037;;;;;;;;;;
136;01;0.016194;0.91093;0.0040486;0.068826;;;;;;;;;;
136;10;0;0;0.98703;0.012966;;;;;;;;;;
136;11;0;0;0.099877;0.90012;;;;;;;;;;
137;00;0.96552;0.034483;0;0;;;;;;;;;;
137;01;0.0088496;0.93363;0.0044248;0.053097;;;;;;;;;;
137;10;0;0;0.99132;0.0086831;;;;;;;;;;
137;11;0;0.0026455;0.14286;0.8545;;;;;;;;;;
138;00;1;0;0;0;;;;;;;;;;
138;01;0.037383;0.85514;0.014019;0.093458;;;;;;;;;;
138;10;0;0;0.98866;0.011335;;;;;;;;;;
138;11;0;0.0045181;0.25452;0.74096;;;;;;;;;;
139;00;0.94737;0.026316;0.026316;0;;;;;;;;;;
139;01;0.010753;0.93011;0.0053763;0.053763;;;;;;;;;;
139;10;0;0;0.99269;0.0073145;;;;;;;;;;
139;11;0;0.0038388;0.15547;0.84069;;;;;;;;;;
140;00;1;0;0;0;;;;;;;;;;
140;01;0.022727;0.85795;0.039773;0.079545;;;;;;;;;;
140;10;0;0;0.99613;0.0038722;;;;;;;;;;
140;11;0;0;0.13846;0.86154;;;;;;;;;;
141;00;0.97619;0;0;0.02381;;;;;;;;;;
141;01;0.02649;0.87417;0.019868;0.07947;;;;;;;;;;
141;10;0;0;0.9909;0.0090992;;;;;;;;;;
141;11;0;0.002439;0.19024;0.80732;;;;;;;;;;
142;00;1;0;0;0;;;;;;;;;;
142;01;0.015038;0.86466;0.0075188;0.11278;;;;;;;;;;
142;10;0;0;0.99487;0.0051282;;;;;;;;;;
142;11;0;0;0.16384;0.83616;;;;;;;;;;
143;00;1;0;0;0;;;;;;;;;;
143;01;0.026087;0.89565;0.026087;0.052174;;;;;;;;;;
143;10;0;0;0.99509;0.004906;;;;;;;;;;
143;11;0;0.0031546;0.22082;0.77603;;;;;;;;;;
144;00;1;0;0;0;;;;;;;;;;
144;01;0.028846;0.83654;0.038462;0.096154;;;;;;;;;;
144;10;0;0;0.99457;0.0054264;;;;;;;;;;
144;11;0;0.003876;0.3062;0.68992;;;;;;;;;;
