Ten minute period number;Active occupant count in time period;Probability of transition to zero active occupants in next time period;Probability of transition to one active occupant in next time period;Probability of transition to two active occupants in next time period;Probability of transition to three active occupants in next time period;Probability of transition to four active occupants in next time period;Probability of transition to five active occupants in next time period;Probability of transition to six active occupants in next time period
1;0;0.994402985;0.004975124;0.000621891;0;0;0;0
1;1;0.256849315;0.729452055;0.01369863;0;0;0;0
1;2;0.060344828;0.215517241;0.724137931;0;0;0;0
1;3;0;0;0;0;0;0;0
1;4;0;0;0;0;0;0;0
1;5;0;0;0;0;0;0;0
1;6;0;0;0;0;0;0;0
2;0;0.992861392;0.007138608;0;0;0;0;0
2;1;0.219512195;0.772357724;0.008130081;0;0;0;0
2;2;0.06741573;0.157303371;0.775280899;0;0;0;0
2;3;0;0;0;0;0;0;0
2;4;0;0;0;0;0;0;0
2;5;0;0;0;0;0;0;0
2;6;0;0;0;0;0;0;0
3;0;0.99421631;0.00578369;0;0;0;0;0
3;1;0.25462963;0.731481481;0.013888889;0;0;0;0
3;2;0.042253521;0.211267606;0.746478873;0;0;0;0
3;3;0;0;0;0;0;0;0
3;4;0;0;0;0;0;0;0
3;5;0;0;0;0;0;0;0
3;6;0;0;0;0;0;0;0
4;0;0.992684299;0.006752954;0.000562746;0;0;0;0
4;1;0.218579235;0.775956284;0.005464481;0;0;0;0
4;2;0.053571429;0.160714286;0.785714286;0;0;0;0
4;3;0;0;0;0;0;0;0
4;4;0;0;0;0;0;0;0
4;5;0;0;0;0;0;0;0
4;6;0;0;0;0;0;0;0
5;0;0.993912562;0.005534034;0.000553403;0;0;0;0
5;1;0.18404908;0.809815951;0.006134969;0;0;0;0
5;2;0.130434783;0.130434783;0.739130435;0;0;0;0
5;3;0;0;0;0;0;0;0
5;4;0;0;0;0;0;0;0
5;5;0;0;0;0;0;0;0
5;6;0;0;0;0;0;0;0
6;0;0.990720524;0.008187773;0.001091703;0;0;0;0
6;1;0.418918919;0.574324324;0.006756757;0;0;0;0
6;2;0.194444444;0.305555556;0.5;0;0;0;0
6;3;0;0;0;0;0;0;0
6;4;0;0;0;0;0;0;0
6;5;0;0;0;0;0;0;0
6;6;0;0;0;0;0;0;0
7;0;0.997346072;0.001592357;0.001061571;0;0;0;0
7;1;0.207207207;0.783783784;0.009009009;0;0;0;0
7;2;0;0.095238095;0.904761905;0;0;0;0
7;3;0;0;0;0;0;0;0
7;4;0;0;0;0;0;0;0
7;5;0;0;0;0;0;0;0
7;6;0;0;0;0;0;0;0
8;0;0.997371188;0.002628812;0;0;0;0;0
8;1;0.152173913;0.847826087;0;0;0;0;0
8;2;0.090909091;0.136363636;0.772727273;0;0;0;0
8;3;0;0;0;0;0;0;0
8;4;0;0;0;0;0;0;0
8;5;0;0;0;0;0;0;0
8;6;0;0;0;0;0;0;0
9;0;0.997386304;0.002613696;0;0;0;0;0
9;1;0.23255814;0.76744186;0;0;0;0;0
9;2;0.058823529;0.058823529;0.882352941;0;0;0;0
9;3;0;0;0;0;0;0;0
9;4;0;0;0;0;0;0;0
9;5;0;0;0;0;0;0;0
9;6;0;0;0;0;0;0;0
10;0;0.995852773;0.004147227;0;0;0;0;0
10;1;0.083333333;0.916666667;0;0;0;0;0
10;2;0.066666667;0.133333333;0.8;0;0;0;0
10;3;0;0;0;0;0;0;0
10;4;0;0;0;0;0;0;0
10;5;0;0;0;0;0;0;0
10;6;0;0;0;0;0;0;0
11;0;0.994813278;0.00466805;0.000518672;0;0;0;0
11;1;0.236842105;0.736842105;0.026315789;0;0;0;0
11;2;0;0;1;0;0;0;0
11;3;0;0;0;0;0;0;0
11;4;0;0;0;0;0;0;0
11;5;0;0;0;0;0;0;0
11;6;0;0;0;0;0;0;0
12;0;0.992252066;0.007231405;0.000516529;0;0;0;0
12;1;0.323076923;0.661538462;0.015384615;0;0;0;0
12;2;0.2;0.133333333;0.666666667;0;0;0;0
12;3;0;0;0;0;0;0;0
12;4;0;0;0;0;0;0;0
12;5;0;0;0;0;0;0;0
12;6;0;0;0;0;0;0;0
13;0;0.996915167;0.002570694;0.000514139;0;0;0;0
13;1;0.220338983;0.779661017;0;0;0;0;0
13;2;0;0;1;0;0;0;0
13;3;0;0;0;0;0;0;0
13;4;0;0;0;0;0;0;0
13;5;0;0;0;0;0;0;0
13;6;0;0;0;0;0;0;0
14;0;0.995901639;0.003586066;0.000512295;0;0;0;0
14;1;0.117647059;0.882352941;0;0;0;0;0
14;2;0;0.076923077;0.923076923;0;0;0;0
14;3;0;0;0;0;0;0;0
14;4;0;0;0;0;0;0;0
14;5;0;0;0;0;0;0;0
14;6;0;0;0;0;0;0;0
15;0;0.994358974;0.005128205;0.000512821;0;0;0;0
15;1;0.245283019;0.754716981;0;0;0;0;0
15;2;0.076923077;0.153846154;0.769230769;0;0;0;0
15;3;0;0;0;0;0;0;0
15;4;0;0;0;0;0;0;0
15;5;0;0;0;0;0;0;0
15;6;0;0;0;0;0;0;0
16;0;0.996927803;0.003072197;0;0;0;0;0
16;1;0.173076923;0.807692308;0.019230769;0;0;0;0
16;2;0;0.090909091;0.909090909;0;0;0;0
16;3;0;0;0;0;0;0;0
16;4;0;0;0;0;0;0;0
16;5;0;0;0;0;0;0;0
16;6;0;0;0;0;0;0;0
17;0;0.994887526;0.005112474;0;0;0;0;0
17;1;0.204081633;0.795918367;0;0;0;0;0
17;2;0.181818182;0.090909091;0.727272727;0;0;0;0
17;3;0;0;0;0;0;0;0
17;4;0;0;0;0;0;0;0
17;5;0;0;0;0;0;0;0
17;6;0;0;0;0;0;0;0
18;0;0.994382022;0.005617978;0;0;0;0;0
18;1;0.26;0.74;0;0;0;0;0
18;2;0;0.125;0.875;0;0;0;0
18;3;0;0;0;0;0;0;0
18;4;0;0;0;0;0;0;0
18;5;0;0;0;0;0;0;0
18;6;0;0;0;0;0;0;0
19;0;0.994387755;0.005612245;0;0;0;0;0
19;1;0.244897959;0.755102041;0;0;0;0;0
19;2;0;0.142857143;0.857142857;0;0;0;0
19;3;0;0;0;0;0;0;0
19;4;0;0;0;0;0;0;0
19;5;0;0;0;0;0;0;0
19;6;0;0;0;0;0;0;0
20;0;0.993370729;0.006119327;0.000509944;0;0;0;0
20;1;0.244897959;0.714285714;0.040816327;0;0;0;0
20;2;0.166666667;0.166666667;0.666666667;0;0;0;0
20;3;0;0;0;0;0;0;0
20;4;0;0;0;0;0;0;0
20;5;0;0;0;0;0;0;0
20;6;0;0;0;0;0;0;0
21;0;0.996430393;0.003569607;0;0;0;0;0
21;1;0.270833333;0.729166667;0;0;0;0;0
21;2;0.142857143;0.142857143;0.714285714;0;0;0;0
21;3;0;0;0;0;0;0;0
21;4;0;0;0;0;0;0;0
21;5;0;0;0;0;0;0;0
21;6;0;0;0;0;0;0;0
22;0;0.992378049;0.007113821;0.00050813;0;0;0;0
22;1;0.162790698;0.837209302;0;0;0;0;0
22;2;0;0.2;0.8;0;0;0;0
22;3;0;0;0;0;0;0;0
22;4;0;0;0;0;0;0;0
22;5;0;0;0;0;0;0;0
22;6;0;0;0;0;0;0;0
23;0;0.992857143;0.006122449;0.001020408;0;0;0;0
23;1;0.392156863;0.588235294;0.019607843;0;0;0;0
23;2;0;0;1;0;0;0;0
23;3;0;0;0;0;0;0;0
23;4;0;0;0;0;0;0;0
23;5;0;0;0;0;0;0;0
23;6;0;0;0;0;0;0;0
24;0;0.983214649;0.015768057;0.001017294;0;0;0;0
24;1;0.738095238;0.238095238;0.023809524;0;0;0;0
24;2;0.875;0.125;0;0;0;0;0
24;3;0;0;0;0;0;0;0
24;4;0;0;0;0;0;0;0
24;5;0;0;0;0;0;0;0
24;6;0;0;0;0;0;0;0
25;0;0.99391172;0.00608828;0;0;0;0;0
25;1;0.142857143;0.833333333;0.023809524;0;0;0;0
25;2;0;0;1;0;0;0;0
25;3;0;0;0;0;0;0;0
25;4;0;0;0;0;0;0;0
25;5;0;0;0;0;0;0;0
25;6;0;0;0;0;0;0;0
26;0;0.992366412;0.007633588;0;0;0;0;0
26;1;0.234042553;0.723404255;0.042553191;0;0;0;0
26;2;0;0.25;0.75;0;0;0;0
26;3;0;0;0;0;0;0;0
26;4;0;0;0;0;0;0;0
26;5;0;0;0;0;0;0;0
26;6;0;0;0;0;0;0;0
27;0;0.989291178;0.009688934;0.001019888;0;0;0;0
27;1;0.32;0.64;0.04;0;0;0;0
27;2;0;0.6;0.4;0;0;0;0
27;3;0;0;0;0;0;0;0
27;4;0;0;0;0;0;0;0
27;5;0;0;0;0;0;0;0
27;6;0;0;0;0;0;0;0
28;0;0.991308793;0.008179959;0.000511247;0;0;0;0
28;1;0.148148148;0.851851852;0;0;0;0;0
28;2;0.166666667;0;0.833333333;0;0;0;0
28;3;0;0;0;0;0;0;0
28;4;0;0;0;0;0;0;0
28;5;0;0;0;0;0;0;0
28;6;0;0;0;0;0;0;0
29;0;0.984599589;0.014887064;0.000513347;0;0;0;0
29;1;0.241935484;0.741935484;0.016129032;0;0;0;0
29;2;0.333333333;0.166666667;0.5;0;0;0;0
29;3;0;0;0;0;0;0;0
29;4;0;0;0;0;0;0;0
29;5;0;0;0;0;0;0;0
29;6;0;0;0;0;0;0;0
30;0;0.965891473;0.033591731;0.000516796;0;0;0;0
30;1;0.223684211;0.697368421;0.078947368;0;0;0;0
30;2;0.2;0;0.8;0;0;0;0
30;3;0;0;0;0;0;0;0
30;4;0;0;0;0;0;0;0
30;5;0;0;0;0;0;0;0
30;6;0;0;0;0;0;0;0
31;0;0.985691574;0.013778484;0.000529942;0;0;0;0
31;1;0.13559322;0.779661017;0.084745763;0;0;0;0
31;2;0;0.181818182;0.818181818;0;0;0;0
31;3;0;0;0;0;0;0;0
31;4;0;0;0;0;0;0;0
31;5;0;0;0;0;0;0;0
31;6;0;0;0;0;0;0;0
32;0;0.980277186;0.019189765;0.000533049;0;0;0;0
32;1;0.191666667;0.791666667;0.016666667;0;0;0;0
32;2;0.05;0.15;0.8;0;0;0;0
32;3;0;0;0;0;0;0;0
32;4;0;0;0;0;0;0;0
32;5;0;0;0;0;0;0;0
32;6;0;0;0;0;0;0;0
33;0;0.976918948;0.021470746;0.001610306;0;0;0;0
33;1;0.253731343;0.686567164;0.059701493;0;0;0;0
33;2;0.052631579;0.263157895;0.684210526;0;0;0;0
33;3;0;0;0;0;0;0;0
33;4;0;0;0;0;0;0;0
33;5;0;0;0;0;0;0;0
33;6;0;0;0;0;0;0;0
34;0;0.982749326;0.01671159;0.000539084;0;0;0;0
34;1;0.182481752;0.788321168;0.02919708;0;0;0;0
34;2;0;0.25;0.75;0;0;0;0
34;3;0;0;0;0;0;0;0
34;4;0;0;0;0;0;0;0
34;5;0;0;0;0;0;0;0
34;6;0;0;0;0;0;0;0
35;0;0.963744589;0.034090909;0.002164502;0;0;0;0
35;1;0.15862069;0.786206897;0.055172414;0;0;0;0
35;2;0;0.086956522;0.913043478;0;0;0;0
35;3;0;0;0;0;0;0;0
35;4;0;0;0;0;0;0;0
35;5;0;0;0;0;0;0;0
35;6;0;0;0;0;0;0;0
36;0;0.925720621;0.067073171;0.007206208;0;0;0;0
36;1;0.122905028;0.782122905;0.094972067;0;0;0;0
36;2;0;0.151515152;0.848484848;0;0;0;0
36;3;0;0;0;0;0;0;0
36;4;0;0;0;0;0;0;0
36;5;0;0;0;0;0;0;0
36;6;0;0;0;0;0;0;0
37;0;0.952718676;0.044326241;0.002955083;0;0;0;0
37;1;0.067669173;0.84962406;0.082706767;0;0;0;0
37;2;0.017241379;0.086206897;0.896551724;0;0;0;0
37;3;0;0;0;0;0;0;0
37;4;0;0;0;0;0;0;0
37;5;0;0;0;0;0;0;0
37;6;0;0;0;0;0;0;0
38;0;0.946658492;0.048436542;0.004904966;0;0;0;0
38;1;0.10130719;0.803921569;0.094771242;0;0;0;0
38;2;0.012658228;0.202531646;0.784810127;0;0;0;0
38;3;0;0;0;0;0;0;0
38;4;0;0;0;0;0;0;0
38;5;0;0;0;0;0;0;0
38;6;0;0;0;0;0;0;0
39;0;0.896573604;0.08819797;0.015228426;0;0;0;0
39;1;0.093841642;0.788856305;0.117302053;0;0;0;0
39;2;0.04040404;0.121212121;0.838383838;0;0;0;0
39;3;0;0;0;0;0;0;0
39;4;0;0;0;0;0;0;0
39;5;0;0;0;0;0;0;0
39;6;0;0;0;0;0;0;0
40;0;0.929606625;0.060041408;0.010351967;0;0;0;0
40;1;0.095238095;0.830952381;0.073809524;0;0;0;0
40;2;0.020408163;0.102040816;0.87755102;0;0;0;0
40;3;0;0;0;0;0;0;0
40;4;0;0;0;0;0;0;0
40;5;0;0;0;0;0;0;0
40;6;0;0;0;0;0;0;0
41;0;0.91294964;0.073381295;0.013669065;0;0;0;0
41;1;0.11308204;0.804878049;0.082039911;0;0;0;0
41;2;0.022857143;0.142857143;0.834285714;0;0;0;0
41;3;0;0;0;0;0;0;0
41;4;0;0;0;0;0;0;0
41;5;0;0;0;0;0;0;0
41;6;0;0;0;0;0;0;0
42;0;0.725830816;0.204682779;0.069486405;0;0;0;0
42;1;0.1;0.679591837;0.220408163;0;0;0;0
42;2;0.02970297;0.188118812;0.782178218;0;0;0;0
42;3;0;0;0;0;0;0;0
42;4;0;0;0;0;0;0;0
42;5;0;0;0;0;0;0;0
42;6;0;0;0;0;0;0;0
43;0;0.887795276;0.099409449;0.012795276;0;0;0;0
43;1;0.066978193;0.827102804;0.105919003;0;0;0;0
43;2;0.011173184;0.078212291;0.910614525;0;0;0;0
43;3;0;0;0;0;0;0;0
43;4;0;0;0;0;0;0;0
43;5;0;0;0;0;0;0;0
43;6;0;0;0;0;0;0;0
44;0;0.863013699;0.124341412;0.012644889;0;0;0;0
44;1;0.090909091;0.807575758;0.101515152;0;0;0;0
44;2;0.017199017;0.090909091;0.891891892;0;0;0;0
44;3;0;0;0;0;0;0;0
44;4;0;0;0;0;0;0;0
44;5;0;0;0;0;0;0;0
44;6;0;0;0;0;0;0;0
45;0;0.823927765;0.139954853;0.036117381;0;0;0;0
45;1;0.082848837;0.776162791;0.140988372;0;0;0;0
45;2;0.029411765;0.131221719;0.839366516;0;0;0;0
45;3;0;0;0;0;0;0;0
45;4;0;0;0;0;0;0;0
45;5;0;0;0;0;0;0;0
45;6;0;0;0;0;0;0;0
46;0;0.8725;0.1125;0.015;0;0;0;0
46;1;0.092178771;0.815642458;0.092178771;0;0;0;0
46;2;0.028;0.092;0.88;0;0;0;0
46;3;0;0;0;0;0;0;0
46;4;0;0;0;0;0;0;0
46;5;0;0;0;0;0;0;0
46;6;0;0;0;0;0;0;0
47;0;0.850899743;0.123393316;0.025706941;0;0;0;0
47;1;0.077777778;0.815277778;0.106944444;0;0;0;0
47;2;0.023166023;0.138996139;0.837837838;0;0;0;0
47;3;0;0;0;0;0;0;0
47;4;0;0;0;0;0;0;0
47;5;0;0;0;0;0;0;0
47;6;0;0;0;0;0;0;0
48;0;0.8;0.169863014;0.030136986;0;0;0;0
48;1;0.108609272;0.757615894;0.133774834;0;0;0;0
48;2;0.02259887;0.111111111;0.866290019;0;0;0;0
48;3;0;0;0;0;0;0;0
48;4;0;0;0;0;0;0;0
48;5;0;0;0;0;0;0;0
48;6;0;0;0;0;0;0;0
49;0;0.908554572;0.078171091;0.013274336;0;0;0;0
49;1;0.067549669;0.835761589;0.096688742;0;0;0;0
49;2;0.02058319;0.114922813;0.864493997;0;0;0;0
49;3;0;0;0;0;0;0;0
49;4;0;0;0;0;0;0;0
49;5;0;0;0;0;0;0;0
49;6;0;0;0;0;0;0;0
50;0;0.933726068;0.055964654;0.010309278;0;0;0;0
50;1;0.093209055;0.844207723;0.062583222;0;0;0;0
50;2;0.030716724;0.097269625;0.872013652;0;0;0;0
50;3;0;0;0;0;0;0;0
50;4;0;0;0;0;0;0;0
50;5;0;0;0;0;0;0;0
50;6;0;0;0;0;0;0;0
51;0;0.887811634;0.096952909;0.015235457;0;0;0;0
51;1;0.141289438;0.790123457;0.068587106;0;0;0;0
51;2;0.021238938;0.122123894;0.856637168;0;0;0;0
51;3;0;0;0;0;0;0;0
51;4;0;0;0;0;0;0;0
51;5;0;0;0;0;0;0;0
51;6;0;0;0;0;0;0;0
52;0;0.953703704;0.043650794;0.002645503;0;0;0;0
52;1;0.123076923;0.822377622;0.054545455;0;0;0;0
52;2;0.040366972;0.097247706;0.862385321;0;0;0;0
52;3;0;0;0;0;0;0;0
52;4;0;0;0;0;0;0;0
52;5;0;0;0;0;0;0;0
52;6;0;0;0;0;0;0;0
53;0;0.950661853;0.04211793;0.007220217;0;0;0;0
53;1;0.140949555;0.796735905;0.06231454;0;0;0;0
53;2;0.025440313;0.109589041;0.864970646;0;0;0;0
53;3;0;0;0;0;0;0;0
53;4;0;0;0;0;0;0;0
53;5;0;0;0;0;0;0;0
53;6;0;0;0;0;0;0;0
54;0;0.91091314;0.082405345;0.006681514;0;0;0;0
54;1;0.071656051;0.866242038;0.062101911;0;0;0;0
54;2;0.024489796;0.091836735;0.883673469;0;0;0;0
54;3;0;0;0;0;0;0;0
54;4;0;0;0;0;0;0;0
54;5;0;0;0;0;0;0;0
54;6;0;0;0;0;0;0;0
55;0;0.941714286;0.052571429;0.005714286;0;0;0;0
55;1;0.045248869;0.898944193;0.055806938;0;0;0;0
55;2;0.014644351;0.075313808;0.910041841;0;0;0;0
55;3;0;0;0;0;0;0;0
55;4;0;0;0;0;0;0;0
55;5;0;0;0;0;0;0;0
55;6;0;0;0;0;0;0;0
56;0;0.955865273;0.042973287;0.00116144;0;0;0;0
56;1;0.075221239;0.895280236;0.029498525;0;0;0;0
56;2;0.016771488;0.073375262;0.909853249;0;0;0;0
56;3;0;0;0;0;0;0;0
56;4;0;0;0;0;0;0;0
56;5;0;0;0;0;0;0;0
56;6;0;0;0;0;0;0;0
57;0;0.943310658;0.055555556;0.001133787;0;0;0;0
57;1;0.066273932;0.896907216;0.036818851;0;0;0;0
57;2;0.03956044;0.098901099;0.861538462;0;0;0;0
57;3;0;0;0;0;0;0;0
57;4;0;0;0;0;0;0;0
57;5;0;0;0;0;0;0;0
57;6;0;0;0;0;0;0;0
58;0;0.972067039;0.024581006;0.003351955;0;0;0;0
58;1;0.065433855;0.899004267;0.035561878;0;0;0;0
58;2;0.016746411;0.078947368;0.90430622;0;0;0;0
58;3;0;0;0;0;0;0;0
58;4;0;0;0;0;0;0;0
58;5;0;0;0;0;0;0;0
58;6;0;0;0;0;0;0;0
59;0;0.969664139;0.026002167;0.004333694;0;0;0;0
59;1;0.059679767;0.899563319;0.040756914;0;0;0;0
59;2;0.02955665;0.07635468;0.89408867;0;0;0;0
59;3;0;0;0;0;0;0;0
59;4;0;0;0;0;0;0;0
59;5;0;0;0;0;0;0;0
59;6;0;0;0;0;0;0;0
60;0;0.937763713;0.055907173;0.006329114;0;0;0;0
60;1;0.108469539;0.812778603;0.078751857;0;0;0;0
60;2;0.073417722;0.121518987;0.805063291;0;0;0;0
60;3;0;0;0;0;0;0;0
60;4;0;0;0;0;0;0;0
60;5;0;0;0;0;0;0;0
60;6;0;0;0;0;0;0;0
61;0;0.979818365;0.01715439;0.003027245;0;0;0;0
61;1;0.035493827;0.942901235;0.021604938;0;0;0;0
61;2;0.015915119;0.039787798;0.944297082;0;0;0;0
61;3;0;0;0;0;0;0;0
61;4;0;0;0;0;0;0;0
61;5;0;0;0;0;0;0;0
61;6;0;0;0;0;0;0;0
62;0;0.98;0.02;0;0;0;0;0
62;1;0.052877138;0.911353033;0.035769829;0;0;0;0
62;2;0.021447721;0.045576408;0.932975871;0;0;0;0
62;3;0;0;0;0;0;0;0
62;4;0;0;0;0;0;0;0
62;5;0;0;0;0;0;0;0
62;6;0;0;0;0;0;0;0
63;0;0.97260274;0.023483366;0.003913894;0;0;0;0
63;1;0.064205457;0.902086677;0.033707865;0;0;0;0
63;2;0.026954178;0.07277628;0.900269542;0;0;0;0
63;3;0;0;0;0;0;0;0
63;4;0;0;0;0;0;0;0
63;5;0;0;0;0;0;0;0
63;6;0;0;0;0;0;0;0
64;0;0.97605364;0.021072797;0.002873563;0;0;0;0
64;1;0.034257749;0.929853181;0.03588907;0;0;0;0
64;2;0.022284123;0.075208914;0.902506964;0;0;0;0
64;3;0;0;0;0;0;0;0
64;4;0;0;0;0;0;0;0
64;5;0;0;0;0;0;0;0
64;6;0;0;0;0;0;0;0
65;0;0.977099237;0.021946565;0.000954198;0;0;0;0
65;1;0.064620355;0.907915994;0.027463651;0;0;0;0
65;2;0.014326648;0.088825215;0.896848138;0;0;0;0
65;3;0;0;0;0;0;0;0
65;4;0;0;0;0;0;0;0
65;5;0;0;0;0;0;0;0
65;6;0;0;0;0;0;0;0
66;0;0.958840037;0.038353601;0.002806361;0;0;0;0
66;1;0.087662338;0.849025974;0.063311688;0;0;0;0
66;2;0.027190332;0.063444109;0.909365559;0;0;0;0
66;3;0;0;0;0;0;0;0
66;4;0;0;0;0;0;0;0
66;5;0;0;0;0;0;0;0
66;6;0;0;0;0;0;0;0
67;0;0.964154412;0.030330882;0.005514706;0;0;0;0
67;1;0.076923077;0.888888889;0.034188034;0;0;0;0
67;2;0.002915452;0.052478134;0.944606414;0;0;0;0
67;3;0;0;0;0;0;0;0
67;4;0;0;0;0;0;0;0
67;5;0;0;0;0;0;0;0
67;6;0;0;0;0;0;0;0
68;0;0.967123288;0.026484018;0.006392694;0;0;0;0
68;1;0.04028021;0.915936953;0.043782837;0;0;0;0
68;2;0.022857143;0.037142857;0.94;0;0;0;0
68;3;0;0;0;0;0;0;0
68;4;0;0;0;0;0;0;0
68;5;0;0;0;0;0;0;0
68;6;0;0;0;0;0;0;0
69;0;0.958715596;0.036697248;0.004587156;0;0;0;0
69;1;0.053097345;0.911504425;0.03539823;0;0;0;0
69;2;0.013850416;0.041551247;0.944598338;0;0;0;0
69;3;0;0;0;0;0;0;0
69;4;0;0;0;0;0;0;0
69;5;0;0;0;0;0;0;0
69;6;0;0;0;0;0;0;0
70;0;0.963888889;0.02962963;0.006481481;0;0;0;0
70;1;0.050877193;0.914035088;0.035087719;0;0;0;0
70;2;0.010928962;0.019125683;0.969945355;0;0;0;0
70;3;0;0;0;0;0;0;0
70;4;0;0;0;0;0;0;0
70;5;0;0;0;0;0;0;0
70;6;0;0;0;0;0;0;0
71;0;0.959962756;0.032588454;0.00744879;0;0;0;0
71;1;0.057142857;0.905357143;0.0375;0;0;0;0
71;2;0.010471204;0.057591623;0.931937173;0;0;0;0
71;3;0;0;0;0;0;0;0
71;4;0;0;0;0;0;0;0
71;5;0;0;0;0;0;0;0
71;6;0;0;0;0;0;0;0
72;0;0.940018744;0.046860356;0.0131209;0;0;0;0
72;1;0.060283688;0.868794326;0.070921986;0;0;0;0
72;2;0.023376623;0.057142857;0.919480519;0;0;0;0
72;3;0;0;0;0;0;0;0
72;4;0;0;0;0;0;0;0
72;5;0;0;0;0;0;0;0
72;6;0;0;0;0;0;0;0
73;0;0.952198853;0.041108987;0.006692161;0;0;0;0
73;1;0.044483986;0.902135231;0.053380783;0;0;0;0
73;2;0.00245098;0.029411765;0.968137255;0;0;0;0
73;3;0;0;0;0;0;0;0
73;4;0;0;0;0;0;0;0
73;5;0;0;0;0;0;0;0
73;6;0;0;0;0;0;0;0
74;0;0.953033268;0.04109589;0.005870841;0;0;0;0
74;1;0.049822064;0.912811388;0.037366548;0;0;0;0
74;2;0.00462963;0.034722222;0.960648148;0;0;0;0
74;3;0;0;0;0;0;0;0
74;4;0;0;0;0;0;0;0
74;5;0;0;0;0;0;0;0
74;6;0;0;0;0;0;0;0
75;0;0.943227092;0.047808765;0.008964143;0;0;0;0
75;1;0.045614035;0.905263158;0.049122807;0;0;0;0
75;2;0.013574661;0.042986425;0.943438914;0;0;0;0
75;3;0;0;0;0;0;0;0
75;4;0;0;0;0;0;0;0
75;5;0;0;0;0;0;0;0
75;6;0;0;0;0;0;0;0
76;0;0.958120531;0.034729316;0.007150153;0;0;0;0
76;1;0.046312178;0.912521441;0.041166381;0;0;0;0
76;2;0.015418502;0.059471366;0.925110132;0;0;0;0
76;3;0;0;0;0;0;0;0
76;4;0;0;0;0;0;0;0
76;5;0;0;0;0;0;0;0
76;6;0;0;0;0;0;0;0
77;0;0.973251029;0.022633745;0.004115226;0;0;0;0
77;1;0.05227656;0.917369309;0.030354132;0;0;0;0
77;2;0.011086475;0.037694013;0.951219512;0;0;0;0
77;3;0;0;0;0;0;0;0
77;4;0;0;0;0;0;0;0
77;5;0;0;0;0;0;0;0
77;6;0;0;0;0;0;0;0
78;0;0.914460285;0.077393075;0.00814664;0;0;0;0
78;1;0.096054889;0.84219554;0.061749571;0;0;0;0
78;2;0.028824834;0.090909091;0.880266075;0;0;0;0
78;3;0;0;0;0;0;0;0
78;4;0;0;0;0;0;0;0
78;5;0;0;0;0;0;0;0
78;6;0;0;0;0;0;0;0
79;0;0.965873837;0.027921406;0.006204757;0;0;0;0
79;1;0.041118421;0.9375;0.021381579;0;0;0;0
79;2;0.009070295;0.036281179;0.954648526;0;0;0;0
79;3;0;0;0;0;0;0;0
79;4;0;0;0;0;0;0;0
79;5;0;0;0;0;0;0;0
79;6;0;0;0;0;0;0;0
80;0;0.968847352;0.028037383;0.003115265;0;0;0;0
80;1;0.044045677;0.931484502;0.024469821;0;0;0;0
80;2;0.011363636;0.052272727;0.936363636;0;0;0;0
80;3;0;0;0;0;0;0;0
80;4;0;0;0;0;0;0;0
80;5;0;0;0;0;0;0;0
80;6;0;0;0;0;0;0;0
81;0;0.956476684;0.040414508;0.003108808;0;0;0;0
81;1;0.064412238;0.901771337;0.033816425;0;0;0;0
81;2;0.030232558;0.060465116;0.909302326;0;0;0;0
81;3;0;0;0;0;0;0;0
81;4;0;0;0;0;0;0;0
81;5;0;0;0;0;0;0;0
81;6;0;0;0;0;0;0;0
82;0;0.966188525;0.030737705;0.00307377;0;0;0;0
82;1;0.0656;0.9104;0.024;0;0;0;0
82;2;0.004819277;0.055421687;0.939759036;0;0;0;0
82;3;0;0;0;0;0;0;0
82;4;0;0;0;0;0;0;0
82;5;0;0;0;0;0;0;0
82;6;0;0;0;0;0;0;0
83;0;0.956389452;0.037525355;0.006085193;0;0;0;0
83;1;0.059485531;0.926045016;0.014469453;0;0;0;0
83;2;0.029411765;0.068627451;0.901960784;0;0;0;0
83;3;0;0;0;0;0;0;0
83;4;0;0;0;0;0;0;0
83;5;0;0;0;0;0;0;0
83;6;0;0;0;0;0;0;0
84;0;0.952620968;0.045362903;0.002016129;0;0;0;0
84;1;0.057722309;0.904836193;0.037441498;0;0;0;0
84;2;0.023498695;0.088772846;0.88772846;0;0;0;0
84;3;0;0;0;0;0;0;0
84;4;0;0;0;0;0;0;0
84;5;0;0;0;0;0;0;0
84;6;0;0;0;0;0;0;0
85;0;0.965691221;0.028254289;0.00605449;0;0;0;0
85;1;0.042488619;0.934749621;0.02276176;0;0;0;0
85;2;0.013661202;0.076502732;0.909836066;0;0;0;0
85;3;0;0;0;0;0;0;0
85;4;0;0;0;0;0;0;0
85;5;0;0;0;0;0;0;0
85;6;0;0;0;0;0;0;0
86;0;0.955555556;0.041414141;0.003030303;0;0;0;0
86;1;0.047619048;0.916666667;0.035714286;0;0;0;0
86;2;0.011299435;0.059322034;0.929378531;0;0;0;0
86;3;0;0;0;0;0;0;0
86;4;0;0;0;0;0;0;0
86;5;0;0;0;0;0;0;0
86;6;0;0;0;0;0;0;0
87;0;0.958248473;0.033604888;0.00814664;0;0;0;0
87;1;0.050147493;0.911504425;0.038348083;0;0;0;0
87;2;0.025280899;0.084269663;0.890449438;0;0;0;0
87;3;0;0;0;0;0;0;0
87;4;0;0;0;0;0;0;0
87;5;0;0;0;0;0;0;0
87;6;0;0;0;0;0;0;0
88;0;0.965447154;0.032520325;0.00203252;0;0;0;0
88;1;0.052863436;0.919236417;0.027900147;0;0;0;0
88;2;0.014245014;0.062678063;0.923076923;0;0;0;0
88;3;0;0;0;0;0;0;0
88;4;0;0;0;0;0;0;0
88;5;0;0;0;0;0;0;0
88;6;0;0;0;0;0;0;0
89;0;0.964682139;0.02926337;0.00605449;0;0;0;0
89;1;0.079411765;0.882352941;0.038235294;0;0;0;0
89;2;0.017391304;0.069565217;0.913043478;0;0;0;0
89;3;0;0;0;0;0;0;0
89;4;0;0;0;0;0;0;0
89;5;0;0;0;0;0;0;0
89;6;0;0;0;0;0;0;0
90;0;0.945866142;0.045275591;0.008858268;0;0;0;0
90;1;0.104134763;0.846860643;0.049004594;0;0;0;0
90;2;0.005763689;0.069164265;0.925072046;0;0;0;0
90;3;0;0;0;0;0;0;0
90;4;0;0;0;0;0;0;0
90;5;0;0;0;0;0;0;0
90;6;0;0;0;0;0;0;0
91;0;0.959262852;0.03685742;0.003879728;0;0;0;0
91;1;0.040128411;0.926163724;0.033707865;0;0;0;0
91;2;0.011049724;0.044198895;0.944751381;0;0;0;0
91;3;0;0;0;0;0;0;0
91;4;0;0;0;0;0;0;0
91;5;0;0;0;0;0;0;0
91;6;0;0;0;0;0;0;0
92;0;0.957760314;0.033398821;0.008840864;0;0;0;0
92;1;0.033280507;0.904912837;0.061806656;0;0;0;0
92;2;0.002724796;0.065395095;0.931880109;0;0;0;0
92;3;0;0;0;0;0;0;0
92;4;0;0;0;0;0;0;0
92;5;0;0;0;0;0;0;0
92;6;0;0;0;0;0;0;0
93;0;0.92778335;0.066198596;0.006018054;0;0;0;0
93;1;0.033386328;0.899841017;0.066772655;0;0;0;0
93;2;0.005128205;0.033333333;0.961538462;0;0;0;0
93;3;0;0;0;0;0;0;0
93;4;0;0;0;0;0;0;0
93;5;0;0;0;0;0;0;0
93;6;0;0;0;0;0;0;0
94;0;0.918776371;0.071729958;0.009493671;0;0;0;0
94;1;0.017054264;0.931782946;0.051162791;0;0;0;0
94;2;0.007092199;0.030732861;0.962174941;0;0;0;0
94;3;0;0;0;0;0;0;0
94;4;0;0;0;0;0;0;0
94;5;0;0;0;0;0;0;0
94;6;0;0;0;0;0;0;0
95;0;0.943502825;0.049717514;0.006779661;0;0;0;0
95;1;0.04398827;0.900293255;0.055718475;0;0;0;0
95;2;0.006681514;0.04454343;0.948775056;0;0;0;0
95;3;0;0;0;0;0;0;0
95;4;0;0;0;0;0;0;0
95;5;0;0;0;0;0;0;0
95;6;0;0;0;0;0;0;0
96;0;0.898617512;0.084101382;0.017281106;0;0;0;0
96;1;0.069321534;0.805309735;0.125368732;0;0;0;0
96;2;0.025531915;0.05106383;0.923404255;0;0;0;0
96;3;0;0;0;0;0;0;0
96;4;0;0;0;0;0;0;0
96;5;0;0;0;0;0;0;0
96;6;0;0;0;0;0;0;0
97;0;0.941597139;0.045292014;0.013110846;0;0;0;0
97;1;0.018662519;0.925349922;0.055987558;0;0;0;0
97;2;0.001872659;0.026217228;0.971910112;0;0;0;0
97;3;0;0;0;0;0;0;0
97;4;0;0;0;0;0;0;0
97;5;0;0;0;0;0;0;0
97;6;0;0;0;0;0;0;0
98;0;0.945205479;0.04732254;0.00747198;0;0;0;0
98;1;0.032457496;0.914992272;0.052550232;0;0;0;0
98;2;0.005300353;0.024734982;0.969964664;0;0;0;0
98;3;0;0;0;0;0;0;0
98;4;0;0;0;0;0;0;0
98;5;0;0;0;0;0;0;0
98;6;0;0;0;0;0;0;0
99;0;0.910600255;0.076628352;0.012771392;0;0;0;0
99;1;0.023291925;0.908385093;0.068322981;0;0;0;0
99;2;0.01188455;0.042444822;0.945670628;0;0;0;0
99;3;0;0;0;0;0;0;0
99;4;0;0;0;0;0;0;0
99;5;0;0;0;0;0;0;0
99;6;0;0;0;0;0;0;0
100;0;0.933333333;0.057142857;0.00952381;0;0;0;0
100;1;0.01641791;0.925373134;0.058208955;0;0;0;0
100;2;0.001636661;0.036006547;0.962356792;0;0;0;0
100;3;0;0;0;0;0;0;0
100;4;0;0;0;0;0;0;0
100;5;0;0;0;0;0;0;0
100;6;0;0;0;0;0;0;0
101;0;0.925501433;0.054441261;0.020057307;0;0;0;0
101;1;0.026315789;0.890350877;0.083333333;0;0;0;0
101;2;0.003154574;0.03785489;0.958990536;0;0;0;0
101;3;0;0;0;0;0;0;0
101;4;0;0;0;0;0;0;0
101;5;0;0;0;0;0;0;0
101;6;0;0;0;0;0;0;0
102;0;0.878378378;0.100600601;0.021021021;0;0;0;0
102;1;0.035767511;0.858420268;0.105812221;0;0;0;0
102;2;0.008836524;0.035346097;0.955817378;0;0;0;0
102;3;0;0;0;0;0;0;0
102;4;0;0;0;0;0;0;0
102;5;0;0;0;0;0;0;0
102;6;0;0;0;0;0;0;0
103;0;0.886178862;0.084552846;0.029268293;0;0;0;0
103;1;0.020989505;0.895052474;0.083958021;0;0;0;0
103;2;0.001362398;0.014986376;0.983651226;0;0;0;0
103;3;0;0;0;0;0;0;0
103;4;0;0;0;0;0;0;0
103;5;0;0;0;0;0;0;0
103;6;0;0;0;0;0;0;0
104;0;0.8875;0.089285714;0.023214286;0;0;0;0
104;1;0.022727273;0.88030303;0.096969697;0;0;0;0
104;2;0.005025126;0.018844221;0.976130653;0;0;0;0
104;3;0;0;0;0;0;0;0
104;4;0;0;0;0;0;0;0
104;5;0;0;0;0;0;0;0
104;6;0;0;0;0;0;0;0
105;0;0.872093023;0.112403101;0.015503876;0;0;0;0
105;1;0.027863777;0.865325077;0.106811146;0;0;0;0
105;2;0.003512881;0.025761124;0.970725995;0;0;0;0
105;3;0;0;0;0;0;0;0
105;4;0;0;0;0;0;0;0
105;5;0;0;0;0;0;0;0
105;6;0;0;0;0;0;0;0
106;0;0.893842887;0.080679406;0.025477707;0;0;0;0
106;1;0.021909233;0.885758998;0.092331768;0;0;0;0
106;2;0.004415011;0.024282561;0.971302428;0;0;0;0
106;3;0;0;0;0;0;0;0
106;4;0;0;0;0;0;0;0
106;5;0;0;0;0;0;0;0
106;6;0;0;0;0;0;0;0
107;0;0.888382688;0.082004556;0.029612756;0;0;0;0
107;1;0.044728435;0.848242812;0.107028754;0;0;0;0
107;2;0.004206099;0.028391167;0.967402734;0;0;0;0
107;3;0;0;0;0;0;0;0
107;4;0;0;0;0;0;0;0
107;5;0;0;0;0;0;0;0
107;6;0;0;0;0;0;0;0
108;0;0.838862559;0.123222749;0.037914692;0;0;0;0
108;1;0.047138047;0.796296296;0.156565657;0;0;0;0
108;2;0.006;0.048;0.946;0;0;0;0
108;3;0;0;0;0;0;0;0
108;4;0;0;0;0;0;0;0
108;5;0;0;0;0;0;0;0
108;6;0;0;0;0;0;0;0
109;0;0.847938144;0.12371134;0.028350515;0;0;0;0
109;1;0.013961606;0.870855148;0.115183246;0;0;0;0
109;2;0.003791469;0.021800948;0.974407583;0;0;0;0
109;3;0;0;0;0;0;0;0
109;4;0;0;0;0;0;0;0
109;5;0;0;0;0;0;0;0
109;6;0;0;0;0;0;0;0
110;0;0.882697947;0.085043988;0.032258065;0;0;0;0
110;1;0.029824561;0.873684211;0.096491228;0;0;0;0
110;2;0.005429864;0.026244344;0.968325792;0;0;0;0
110;3;0;0;0;0;0;0;0
110;4;0;0;0;0;0;0;0
110;5;0;0;0;0;0;0;0
110;6;0;0;0;0;0;0;0
111;0;0.901234568;0.080246914;0.018518519;0;0;0;0
111;1;0.025179856;0.866906475;0.107913669;0;0;0;0
111;2;0.012323944;0.035211268;0.952464789;0;0;0;0
111;3;0;0;0;0;0;0;0
111;4;0;0;0;0;0;0;0
111;5;0;0;0;0;0;0;0
111;6;0;0;0;0;0;0;0
112;0;0.890625;0.0875;0.021875;0;0;0;0
112;1;0.02919708;0.892335766;0.078467153;0;0;0;0
112;2;0.006968641;0.029616725;0.963414634;0;0;0;0
112;3;0;0;0;0;0;0;0
112;4;0;0;0;0;0;0;0
112;5;0;0;0;0;0;0;0
112;6;0;0;0;0;0;0;0
113;0;0.932038835;0.051779935;0.01618123;0;0;0;0
113;1;0.045372051;0.880217786;0.074410163;0;0;0;0
113;2;0.007785467;0.028546713;0.96366782;0;0;0;0
113;3;0;0;0;0;0;0;0
113;4;0;0;0;0;0;0;0
113;5;0;0;0;0;0;0;0
113;6;0;0;0;0;0;0;0
114;0;0.841614907;0.118012422;0.040372671;0;0;0;0
114;1;0.056179775;0.767790262;0.176029963;0;0;0;0
114;2;0.015517241;0.055172414;0.929310345;0;0;0;0
114;3;0;0;0;0;0;0;0
114;4;0;0;0;0;0;0;0
114;5;0;0;0;0;0;0;0
114;6;0;0;0;0;0;0;0
115;0;0.912225705;0.062695925;0.02507837;0;0;0;0
115;1;0.01953125;0.912109375;0.068359375;0;0;0;0
115;2;0.004219409;0.020253165;0.975527426;0;0;0;0
115;3;0;0;0;0;0;0;0
115;4;0;0;0;0;0;0;0
115;5;0;0;0;0;0;0;0
115;6;0;0;0;0;0;0;0
116;0;0.934640523;0.052287582;0.013071895;0;0;0;0
116;1;0.025440313;0.911937378;0.062622309;0;0;0;0
116;2;0.005838198;0.022518766;0.971643036;0;0;0;0
116;3;0;0;0;0;0;0;0
116;4;0;0;0;0;0;0;0
116;5;0;0;0;0;0;0;0
116;6;0;0;0;0;0;0;0
117;0;0.937908497;0.052287582;0.009803922;0;0;0;0
117;1;0.015717092;0.917485265;0.066797642;0;0;0;0
117;2;0.006661116;0.039134055;0.954204829;0;0;0;0
117;3;0;0;0;0;0;0;0
117;4;0;0;0;0;0;0;0
117;5;0;0;0;0;0;0;0
117;6;0;0;0;0;0;0;0
118;0;0.937293729;0.056105611;0.00660066;0;0;0;0
118;1;0.009433962;0.947169811;0.043396226;0;0;0;0
118;2;0.002535926;0.019442096;0.978021978;0;0;0;0
118;3;0;0;0;0;0;0;0
118;4;0;0;0;0;0;0;0
118;5;0;0;0;0;0;0;0
118;6;0;0;0;0;0;0;0
119;0;0.945205479;0.044520548;0.010273973;0;0;0;0
119;1;0.038745387;0.915129151;0.046125461;0;0;0;0
119;2;0.005076142;0.029610829;0.965313029;0;0;0;0
119;3;0;0;0;0;0;0;0
119;4;0;0;0;0;0;0;0
119;5;0;0;0;0;0;0;0
119;6;0;0;0;0;0;0;0
120;0;0.904290429;0.075907591;0.01980198;0;0;0;0
120;1;0.044117647;0.840073529;0.115808824;0;0;0;0
120;2;0.00855432;0.033361848;0.958083832;0;0;0;0
120;3;0;0;0;0;0;0;0
120;4;0;0;0;0;0;0;0
120;5;0;0;0;0;0;0;0
120;6;0;0;0;0;0;0;0
121;0;0.925324675;0.042207792;0.032467532;0;0;0;0
121;1;0.021194605;0.930635838;0.048169557;0;0;0;0
121;2;0.001682086;0.010092515;0.988225399;0;0;0;0
121;3;0;0;0;0;0;0;0
121;4;0;0;0;0;0;0;0
121;5;0;0;0;0;0;0;0
121;6;0;0;0;0;0;0;0
122;0;0.939597315;0.043624161;0.016778523;0;0;0;0
122;1;0.00984252;0.94488189;0.045275591;0;0;0;0
122;2;0.002479339;0.017355372;0.980165289;0;0;0;0
122;3;0;0;0;0;0;0;0
122;4;0;0;0;0;0;0;0
122;5;0;0;0;0;0;0;0
122;6;0;0;0;0;0;0;0
123;0;0.920138889;0.055555556;0.024305556;0;0;0;0
123;1;0.019455253;0.920233463;0.060311284;0;0;0;0
123;2;0.001647446;0.019769357;0.978583196;0;0;0;0
123;3;0;0;0;0;0;0;0
123;4;0;0;0;0;0;0;0
123;5;0;0;0;0;0;0;0
123;6;0;0;0;0;0;0;0
124;0;0.945848375;0.039711191;0.014440433;0;0;0;0
124;1;0.023391813;0.933723197;0.04288499;0;0;0;0
124;2;0.001631321;0.018760196;0.979608483;0;0;0;0
124;3;0;0;0;0;0;0;0
124;4;0;0;0;0;0;0;0
124;5;0;0;0;0;0;0;0
124;6;0;0;0;0;0;0;0
125;0;0.967391304;0.02173913;0.010869565;0;0;0;0
125;1;0.019493177;0.912280702;0.068226121;0;0;0;0
125;2;0.001629992;0.040749796;0.957620212;0;0;0;0
125;3;0;0;0;0;0;0;0
125;4;0;0;0;0;0;0;0
125;5;0;0;0;0;0;0;0
125;6;0;0;0;0;0;0;0
126;0;0.892473118;0.082437276;0.025089606;0;0;0;0
126;1;0.038167939;0.877862595;0.083969466;0;0;0;0
126;2;0.003297609;0.04286892;0.953833471;0;0;0;0
126;3;0;0;0;0;0;0;0
126;4;0;0;0;0;0;0;0
126;5;0;0;0;0;0;0;0
126;6;0;0;0;0;0;0;0
127;0;0.93040293;0.047619048;0.021978022;0;0;0;0
127;1;0.029906542;0.914018692;0.056074766;0;0;0;0
127;2;0.002483444;0.024006623;0.973509934;0;0;0;0
127;3;0;0;0;0;0;0;0
127;4;0;0;0;0;0;0;0
127;5;0;0;0;0;0;0;0
127;6;0;0;0;0;0;0;0
128;0;0.934065934;0.036630037;0.029304029;0;0;0;0
128;1;0.018832392;0.915254237;0.065913371;0;0;0;0
128;2;0.002475248;0.032178218;0.965346535;0;0;0;0
128;3;0;0;0;0;0;0;0
128;4;0;0;0;0;0;0;0
128;5;0;0;0;0;0;0;0
128;6;0;0;0;0;0;0;0
129;0;0.925373134;0.055970149;0.018656716;0;0;0;0
129;1;0.039252336;0.895327103;0.065420561;0;0;0;0
129;2;0.004122012;0.042044518;0.953833471;0;0;0;0
129;3;0;0;0;0;0;0;0
129;4;0;0;0;0;0;0;0
129;5;0;0;0;0;0;0;0
129;6;0;0;0;0;0;0;0
130;0;0.96350365;0.025547445;0.010948905;0;0;0;0
130;1;0.04587156;0.908256881;0.04587156;0;0;0;0
130;2;0.004177109;0.033416876;0.962406015;0;0;0;0
130;3;0;0;0;0;0;0;0
130;4;0;0;0;0;0;0;0
130;5;0;0;0;0;0;0;0
130;6;0;0;0;0;0;0;0
131;0;0.952380952;0.034013605;0.013605442;0;0;0;0
131;1;0.095940959;0.863468635;0.040590406;0;0;0;0
131;2;0.031355932;0.074576271;0.894067797;0;0;0;0
131;3;0;0;0;0;0;0;0
131;4;0;0;0;0;0;0;0
131;5;0;0;0;0;0;0;0
131;6;0;0;0;0;0;0;0
132;0;0.91598916;0.06504065;0.01897019;0;0;0;0
132;1;0.148409894;0.761484099;0.090106007;0;0;0;0
132;2;0.037002775;0.13506013;0.827937095;0;0;0;0
132;3;0;0;0;0;0;0;0
132;4;0;0;0;0;0;0;0
132;5;0;0;0;0;0;0;0
132;6;0;0;0;0;0;0;0
133;0;0.967532468;0.019480519;0.012987013;0;0;0;0
133;1;0.069883527;0.895174709;0.034941764;0;0;0;0
133;2;0.011542497;0.051416579;0.937040923;0;0;0;0
133;3;0;0;0;0;0;0;0
133;4;0;0;0;0;0;0;0
133;5;0;0;0;0;0;0;0
133;6;0;0;0;0;0;0;0
134;0;0.968;0.022;0.01;0;0;0;0
134;1;0.08557047;0.884228188;0.030201342;0;0;0;0
134;2;0.014130435;0.070652174;0.915217391;0;0;0;0
134;3;0;0;0;0;0;0;0
134;4;0;0;0;0;0;0;0
134;5;0;0;0;0;0;0;0
134;6;0;0;0;0;0;0;0
135;0;0.96350365;0.025547445;0.010948905;0;0;0;0
135;1;0.137645108;0.822553897;0.039800995;0;0;0;0
135;2;0.028901734;0.10867052;0.862427746;0;0;0;0
135;3;0;0;0;0;0;0;0
135;4;0;0;0;0;0;0;0
135;5;0;0;0;0;0;0;0
135;6;0;0;0;0;0;0;0
136;0;0.987421384;0.012578616;0;0;0;0;0
136;1;0.13410596;0.84602649;0.01986755;0;0;0;0
136;2;0.027061856;0.128865979;0.844072165;0;0;0;0
136;3;0;0;0;0;0;0;0
136;4;0;0;0;0;0;0;0
136;5;0;0;0;0;0;0;0
136;6;0;0;0;0;0;0;0
137;0;0.982191781;0.01369863;0.004109589;0;0;0;0
137;1;0.1453958;0.823909532;0.030694669;0;0;0;0
137;2;0.035982009;0.131934033;0.832083958;0;0;0;0
137;3;0;0;0;0;0;0;0
137;4;0;0;0;0;0;0;0
137;5;0;0;0;0;0;0;0
137;6;0;0;0;0;0;0;0
138;0;0.973525872;0.02045728;0.006016847;0;0;0;0
138;1;0.246710526;0.722039474;0.03125;0;0;0;0
138;2;0.083188908;0.180242634;0.736568458;0;0;0;0
138;3;0;0;0;0;0;0;0
138;4;0;0;0;0;0;0;0
138;5;0;0;0;0;0;0;0
138;6;0;0;0;0;0;0;0
139;0;0.976166832;0.020854022;0.002979146;0;0;0;0
139;1;0.198214286;0.771428571;0.030357143;0;0;0;0
139;2;0.048997773;0.151447661;0.799554566;0;0;0;0
139;3;0;0;0;0;0;0;0
139;4;0;0;0;0;0;0;0
139;5;0;0;0;0;0;0;0
139;6;0;0;0;0;0;0;0
140;0;0.985663082;0.012544803;0.001792115;0;0;0;0
140;1;0.174664107;0.802303263;0.02303263;0;0;0;0
140;2;0.052770449;0.153034301;0.794195251;0;0;0;0
140;3;0;0;0;0;0;0;0
140;4;0;0;0;0;0;0;0
140;5;0;0;0;0;0;0;0
140;6;0;0;0;0;0;0;0
141;0;0.974401321;0.020644096;0.004954583;0;0;0;0
141;1;0.230612245;0.744897959;0.024489796;0;0;0;0
141;2;0.079365079;0.171428571;0.749206349;0;0;0;0
141;3;0;0;0;0;0;0;0
141;4;0;0;0;0;0;0;0
141;5;0;0;0;0;0;0;0
141;6;0;0;0;0;0;0;0
142;0;0.989377845;0.007587253;0.003034901;0;0;0;0
142;1;0.193693694;0.772522523;0.033783784;0;0;0;0
142;2;0.047244094;0.157480315;0.795275591;0;0;0;0
142;3;0;0;0;0;0;0;0
142;4;0;0;0;0;0;0;0
142;5;0;0;0;0;0;0;0
142;6;0;0;0;0;0;0;0
143;0;0.986447932;0.012125535;0.001426534;0;0;0;0
143;1;0.216284987;0.781170483;0.002544529;0;0;0;0
143;2;0.07239819;0.176470588;0.751131222;0;0;0;0
143;3;0;0;0;0;0;0;0
143;4;0;0;0;0;0;0;0
143;5;0;0;0;0;0;0;0
143;6;0;0;0;0;0;0;0
144;0;0.989218329;0.008760108;0.002021563;0;0;0;0
144;1;0.32231405;0.663911846;0.013774105;0;0;0;0
144;2;0.136094675;0.224852071;0.639053254;0;0;0;0
144;3;0;0;0;0;0;0;0
144;4;0;0;0;0;0;0;0
144;5;0;0;0;0;0;0;0
144;6;0;0;0;0;0;0;0
